symbol,name,price,pct,market_cap,volume,country,sector,industry,is_us_domiciled,is_sp500,level1_score
NOW,ServiceNow Inc. Common Stock,140.78,2.759,145566520000,11366186,United States,Technology,Computer Software: Prepackaged Software,true,true,0.956167
CRM,Salesforce Inc. Common Stock,237.58,1.843,195528340000,12357601,United States,Technology,Computer Software: Prepackaged Software,true,true,0.951318
XOM,ExxonMobil Holdings Corporation Common Stock,161.23,1.588,662963565311,12577378,United States,Energy,Integrated oil Companies,true,true,0.951280
WDC,Western Digital Corporation Common Stock,473.69,1.957,170784639763,5037765,United States,Technology,Electronic Components,true,true,0.951011
META,Meta Platforms Inc. Class A Common Stock,744.1,1.019,1895599382023,30830293,United States,Technology,Computer Software: Programming Data Processing,true,true,0.949586
CVX,Chevron Corporation Common Stock,205.51,1.532,406040754520,8264178,United States,Energy,Integrated oil Companies,true,true,0.949476
TMUS,T-Mobile US Inc. Common Stock,165.66,2.001,177698779410,8045148,United States,Telecommunications,Telecommunications Equipment,true,true,0.949045
FTNT,Fortinet Inc. Common Stock,178.74,2.571,131143978337,3416496,United States,Technology,Computer peripheral equipment,true,true,0.945901
BRK/B,Berkshire Hathaway Inc.,507.17,0.731,1118974938030,5404773,United States,Uncategorized,Uncategorized,true,true,0.944390
COP,ConocoPhillips Common Stock,128.09,2.251,153879317685,5060436,United States,Energy,Integrated oil Companies,true,true,0.944343
MSFT,Microsoft Corporation Common Stock,500.59,0.52,3717153817340,19445689,United States,Technology,Computer Software: Prepackaged Software,true,true,0.944293
TSLA,Tesla Inc. Common Stock,380.12,0.322,1501301955407,33523310,United States,Industrials,Auto Manufacturing,true,true,0.942290
TMO,Thermo Fisher Scientific Inc Common Stock,665.3,1.03,245992869376,2345638,United States,Industrials,Industrial Machinery/Components,true,true,0.941783
MA,Mastercard Incorporated Common Stock,559.92,0.725,490495485605,2879124,United States,Consumer Discretionary,Business Services,true,true,0.941488
BA,Boeing Company (The) Common Stock,199.93,1.118,158018678099,10022932,United States,Industrials,Aerospace,true,true,0.941051
CDNS,Cadence Design Systems Inc. Common Stock,309.09,2.027,85121222370,3590190,United States,Technology,Computer Software: Prepackaged Software,true,true,0.940799
COST,Costco Wholesale Corporation Common Stock,904.7,0.588,401215273979,2284042,United States,Consumer Discretionary,Department/Specialty Retail Stores,true,true,0.940797
WMT,Walmart Inc. Common Stock,110.53,0.372,876916972018,22770814,United States,Consumer Discretionary,Department/Specialty Retail Stores,true,true,0.940339
HPE,Hewlett Packard Enterprise Company Common Stock,62.33,2.13,82740879675,14984983,United States,Technology,Retail: Computer Software & Peripheral Equipment,true,true,0.940093
CAT,Caterpillar Inc. Common Stock,812.02,0.496,373265203366,2790278,United States,Industrials,Construction/Ag Equipment/Trucks,true,true,0.939922
CRWD,CrowdStrike Holdings Inc. Class A Common Stock,262.49,4.971,268772656677,13225780,United States,Technology,Computer Software: Prepackaged Software,true,true,0.939534
PLTR,Palantir Technologies Inc. Class A Common Stock,191.79,3.676,460689836929,35119898,United States,Technology,Computer Software: Prepackaged Software,true,true,0.939313
PANW,Palo Alto Networks Inc. Common Stock,393.3,5,321719400000,6281318,United States,Technology,Computer peripheral equipment,true,true,0.938975
AMAT,Applied Materials Inc. Common Stock,474.38,0.406,376466755010,4591345,United States,Technology,Semiconductors,true,true,0.938898
DE,Deere & Company Common Stock,709.48,0.905,191293837306,1819235,United States,Industrials,Industrial Machinery/Components,true,true,0.938362
DELL,Dell Technologies Inc. Class C Common Stock,549.83,0.166,349588924333,8252363,United States,Technology,Computer Manufacturing,true,true,0.938076
STX,Seagate Technology Holdings PLC Ordinary Shares (Ireland),923.86,0.437,211303920527,3246810,Ireland,Technology,Electronic Components,false,true,0.937922
LIN,Linde plc Ordinary Shares,469.72,1.035,216531602164,1926238,United States,Basic Materials,Major Chemicals,true,true,0.937664
TXN,Texas Instruments Incorporated Common Stock,272.62,0.446,248969584157,5559033,United States,Technology,Semiconductors,true,true,0.936018
T,AT&T Inc.,25.3,0.797,173365356945,43043211,United States,Telecommunications,Telecommunications Equipment,true,true,0.935595
PM,Philip Morris International Inc Common Stock,190.84,0.321,297445788699,7309947,United States,Health Care,Medicinal Chemicals and Botanical Products,true,true,0.935461
PFE,Pfizer Inc. Common Stock,28.18,0.895,160616801738,33812894,United States,Health Care,Biotechnology: Pharmaceutical Preparations,true,true,0.934877
JNJ,Johnson & Johnson Common Stock,269.17,-0.007,648672405354,6637074,United States,Health Care,Biotechnology: Pharmaceutical Preparations,true,true,0.934817
IBM,International Business Machines Corporation Common Stock,232.76,0.596,219291200616,4539617,United States,Technology,Computer Manufacturing,true,true,0.934680
CSCO,Cisco Systems Inc. Common Stock (DE),106.43,-0.009,419609520893,17637931,United States,Telecommunications,Computer Communications Equipment,true,true,0.934515
GE,GE Aerospace Common Stock,319.8,0.182,331812491657,4354725,United States,Technology,Consumer Electronics/Appliances,true,true,0.934210
ICE,Intercontinental Exchange Inc. Common Stock,156.35,2.236,87774028042,3042114,United States,Finance,Investment Bankers/Brokers/Service,true,true,0.933929
DDOG,Datadog Inc. Class A Common Stock,251.49,1.622,90303777786,2828506,United States,Technology,Computer Software: Prepackaged Software,true,true,0.933806
GEV,GE Vernova Inc. Common Stock,951.82,0.162,253501629067,1681203,United States,Technology,Consumer Electronics/Appliances,true,true,0.933568
RTX,RTX Corporation Common Stock,192.19,0.628,259025637695,4222448,United States,Industrials,Aerospace,true,true,0.933523
V,Visa Inc.,361.52,-0.144,645947748942,5129026,United States,Consumer Discretionary,Business Services,true,true,0.933375
DVN,Devon Energy Corporation Common Stock,48.04,2.365,52844000000,14719052,United States,Energy,Oil & Gas Production,true,true,0.932943
TJX,TJX Companies Inc. (The) Common Stock,131.59,0.612,144745586687,8651501,United States,Consumer Discretionary,Clothing/Shoe/Accessory Stores,true,true,0.932845
AAPL,Apple Inc. Common Stock,337.02,-0.804,4918530543600,31659024,United States,Technology,Computer Manufacturing,true,true,0.931446
BAC,Bank of America Corporation Common Stock,56,-0.356,391593908440,36727771,United States,Finance,Major Banks,true,true,0.931225
ADBE,Adobe Inc. Common Stock,240.69,1.024,93676548000,3856306,United States,Technology,Computer Software: Prepackaged Software,true,true,0.930664
ABBV,AbbVie Inc. Common Stock,265.08,-0.049,468427449908,3469247,United States,Health Care,Biotechnology: Pharmaceutical Preparations,true,true,0.929857
HWM,Howmet Aerospace Inc. Common Stock,228.78,1.518,91237784063,2414109,United States,Industrials,Metal Fabrications,true,true,0.929785
SPGI,S&P Global Inc. Common Stock,406.5,1.009,119836200000,1528574,United States,Finance,Finance: Consumer Services,true,true,0.929595
KLAC,KLA Corporation Common Stock,187.86,-0.244,245158519587,8856692,United States,Technology,Electronic Components,true,true,0.929294
JPM,JP Morgan Chase & Co. Common Stock,337.53,-0.726,897217586398,7078397,United States,Finance,Major Banks,true,true,0.929171
VZ,Verizon Communications Inc. Common Stock,46.52,0.151,193280142397,20941237,United States,Telecommunications,Telecommunications Equipment,true,true,0.929041
MRVL,Marvell Technology Inc. Common Stock,260.9,-0.556,228783210000,13683583,United States,Technology,Semiconductors,true,true,0.928907
INTC,Intel Corporation Common Stock,122.6,-1.017,647949522049,85621371,United States,Technology,Semiconductors,true,true,0.927836
ABT,Abbott Laboratories Common Stock,103.49,-0.193,179077367303,12184001,United States,Health Care,Biotechnology: Pharmaceutical Preparations,true,true,0.926985
SNPS,Synopsys Inc. Common Stock,413.06,0.933,79157432997,2097840,United States,Technology,Computer Software: Prepackaged Software,true,true,0.926676
QCOM,QUALCOMM Incorporated Common Stock,197.24,-0.519,207148138578,9739327,United States,Technology,Radio And Television Broadcasting And Communications Equipment,true,true,0.926510
KO,Coca-Cola Company (The) Common Stock,88.09,-0.587,379011562816,13016475,United States,Consumer Staples,Beverages (Production/Distribution),true,true,0.925976
DHR,Danaher Corporation Common Stock,221.56,0.213,155753590124,3404587,United States,Industrials,Industrial Machinery/Components,true,true,0.925624
C,Citigroup Inc. Common Stock,131.93,-0.408,221304234781,8735703,United States,Finance,Major Banks,true,true,0.925603
MAR,Marriott International Class A Common Stock,351.66,1.034,91701072838,1654635,United States,Consumer Discretionary,Hotels/Resorts,true,true,0.925586
CSX,CSX Corporation Common Stock,47.19,1.288,87418291333,10643475,United States,Industrials,Railroads,true,true,0.925337
LRCX,Lam Research Corporation Common Stock,307.28,-1.078,384505916880,9649333,United States,Technology,Industrial Machinery/Components,true,true,0.925276
NVDA,NVIDIA Corporation Common Stock,225.51,-1.468,5434791000000,89895229,United States,Technology,Semiconductors,true,true,0.925193
PH,Parker-Hannifin Corporation Common Stock,971.21,0.659,122481638572,581622,United States,Industrials,Metal Fabrications,true,true,0.925027
VLO,Valero Energy Corporation Common Stock,375.84,-0.345,108214656942,7082552,United States,Energy,Integrated oil Companies,true,true,0.924726
KEYS,Keysight Technologies Inc. Common Stock,353.36,1.739,60157683093,1422137,United States,Industrials,Industrial Machinery/Components,true,true,0.924513
PG,Procter & Gamble Company (The) Common Stock,147.39,-0.56,342598188713,6583535,United States,Consumer Discretionary,Package Goods/Cosmetics,true,true,0.924499
MO,Altria Group Inc.,68.95,0.452,115128843698,9568054,United States,Health Care,Medicinal Chemicals and Botanical Products,true,true,0.924246
AMD,Advanced Micro Devices Inc. Common Stock,614.61,-1.468,1003335485564,16338622,United States,Technology,Semiconductors,true,true,0.923667
LMT,Lockheed Martin Corporation Common Stock,524.68,0.448,121091292284,1134605,United States,Industrials,Military/Government/Technical,true,true,0.923614
CMCSA,Comcast Corporation Class A Common Stock,22.55,0.58,80021754721,38897090,United States,Telecommunications,Cable & Other Pay Television Services,true,true,0.923543
UNP,Union Pacific Corporation Common Stock,275.53,0.408,163685621964,1895825,United States,Industrials,Railroads,true,true,0.923514
VRTX,Vertex Pharmaceuticals Incorporated Common Stock,516.34,0.262,130872013498,1214100,United States,Health Care,Biotechnology: Pharmaceutical Preparations,true,true,0.922999
MPC,Marathon Petroleum Corporation Common Stock,388.38,-0.334,109066721454,4184612,United States,Energy,Integrated oil Companies,true,true,0.922864
OXY,Occidental Petroleum Corporation Common Stock,57.36,1.865,57339199601,7915462,United States,Energy,Oil & Gas Production,true,true,0.922650
PSX,Phillips 66 Common Stock,256.48,-0.117,102340884536,4354283,United States,Energy,Integrated oil Companies,true,true,0.921987
DIS,Walt Disney Company (The) Common Stock,103.46,-0.347,178643026881,8239564,United States,Consumer Discretionary,Services-Misc. Amusement & Recreation,true,true,0.921936
WBD,Warner Bros. Discovery Inc. Series A Common Stock,30.76,-0.227,77229233939,111094533,United States,Telecommunications,Cable & Other Pay Television Services,true,true,0.921681
CME,CME Group Inc. Class A Common Stock,270.8,1.344,97374064420,1369816,United States,Finance,Investment Bankers/Brokers/Service,true,true,0.921204
ACN,Accenture plc Class A Ordinary Shares (Ireland),183.52,-0.109,122501473739,4021845,Ireland,Consumer Discretionary,Business Services,false,true,0.920601
APH,Amphenol Corporation Common Stock,82.19,-0.785,202677820662,13005442,United States,Technology,Electrical Products,true,true,0.920525
MRNA,Moderna Inc. Common Stock,182.11,-0.246,72704847746,17727850,United States,Health Care,Biotechnology: Biological Products (No Diagnostic Substances),true,true,0.920487
CEG,Constellation Energy Corporation Common Stock,263.88,0.159,93494631171,2984186,United States,Utilities,Electric Utilities: Central,true,true,0.920477
UBER,Uber Technologies Inc. Common Stock,69.42,-0.672,141794523600,18010202,United States,Consumer Discretionary,Business Services,true,true,0.920448
LLY,Eli Lilly and Company Common Stock,1150.99,-1.637,1083492568244,2156469,United States,Health Care,Biotechnology: Pharmaceutical Preparations,true,true,0.920324
FAST,Fastenal Company Common Stock,50.99,1.817,58510901247,7963334,United States,Consumer Discretionary,RETAIL: Building Materials,true,true,0.920217
ITW,Illinois Tool Works Inc. Common Stock,273.42,1.091,77870016000,1676102,United States,Industrials,Industrial Machinery/Components,true,true,0.919956
WELL,Welltower Inc. Common Stock,229.87,-0.226,165677641886,2761838,United States,Real Estate,Real Estate Investment Trusts,true,true,0.919922
EOG,EOG Resources Inc. Common Stock,141.84,1.663,74399218324,2560833,United States,Energy,Oil & Gas Production,true,true,0.919903
PEP,PepsiCo Inc. Common Stock,130.18,-0.77,177681583020,8179321,United States,Consumer Staples,Beverages (Production/Distribution),true,true,0.919801
GS,Goldman Sachs Group Inc. (The) Common Stock,936.36,-1.383,272641259595,2136317,United States,Finance,Investment Bankers/Brokers/Service,true,true,0.919621
MS,Morgan Stanley Common Stock,198.39,-0.894,311584646670,4344622,United States,Finance,Investment Bankers/Brokers/Service,true,true,0.919619
BKR,Baker Hughes Company Class A Common Stock,58.03,1.345,57604876340,8651913,United States,Consumer Discretionary,Oil and Gas Field Machinery,true,true,0.919433
WDAY,Workday Inc. Class A Common Stock,192.38,2.205,46363580000,1991412,United States,Technology,EDP Services,true,true,0.919388
AMGN,Amgen Inc. Common Stock,406.09,-1.012,219545250910,2822972,United States,Health Care,Biotechnology: Biological Products (No Diagnostic Substances),true,true,0.919368
SCHW,Charles Schwab Corporation (The) Common Stock,99.5,-0.847,172068903543,10897228,United States,Finance,Investment Bankers/Brokers/Service,true,true,0.919024
MDLZ,Mondelez International Inc. Class A Common Stock,61.44,0.589,78416367022,9664933,United States,Consumer Staples,Packaged Foods,true,true,0.918891
ANET,Arista Networks Inc. Common Stock,203.47,-0.838,256621379129,3967863,United States,Telecommunications,Computer Communications Equipment,true,true,0.918664
AXP,American Express Company Common Stock,301.96,-1.019,203916557173,3635507,United States,Finance,Finance: Consumer Services,true,true,0.918444
BE,Bloom Energy Corporation Class A Common Stock,275.19,-0.485,81050980346,8193496,United States,Energy,Industrial Machinery/Components,true,true,0.918441
GILD,Gilead Sciences Inc. Common Stock,151.37,-0.852,187692011812,6191896,United States,Health Care,Biotechnology: Biological Products (No Diagnostic Substances),true,true,0.918367
CB,Chubb Limited  Common Stock,335.21,-0.167,129323970735,1820656,Switzerland,Finance,Property-Casualty Insurers,false,true,0.918255
MMM,3M Company Common Stock,170.3,0.591,87827527615,2787377,United States,Health Care,Medical/Dental Instruments,true,true,0.917419
MU,Micron Technology Inc. Common Stock,1071.88,-2.215,1210573930694,21573058,United States,Technology,Semiconductors,true,true,0.917040
AMZN,Amazon.com Inc. Common Stock,249.27,-2.239,2688704384092,44209312,United States,Consumer Discretionary,Catalog/Specialty Distribution,true,true,0.916890
NOC,Northrop Grumman Corporation Common Stock,514.42,0.894,73080061835,851996,United States,Industrials,Industrial Machinery/Components,true,true,0.916089
ETN,Eaton Corporation PLC Ordinary Shares,438.76,-0.843,170414384000,1787419,Ireland,Technology,Industrial Machinery/Components,false,true,0.916061
LITE,Lumentum Holdings Inc. Common Stock,937,-0.917,84048900000,3276010,United States,Telecommunications,Telecommunications Equipment,true,true,0.915943
ADI,Analog Devices Inc. Common Stock,385.23,-1.317,186669154082,3204483,United States,Technology,Semiconductors,true,true,0.915688
MCO,Moody's Corporation Common Stock,473.85,0.98,82070820000,789573,United States,Finance,Finance: Consumer Services,true,true,0.915457
HOOD,Robinhood Markets Inc. Class A Common Stock,122.7,-1.247,110317394897,19079921,United States,Finance,Investment Bankers/Brokers/Service,true,true,0.915399
WM,Waste Management Inc. Common Stock,207.88,0.096,83092792450,2871152,United States,Utilities,Environmental Services,true,true,0.915232
WFC,Wells Fargo & Company Common Stock,81.9,-1.503,247665545618,14624000,United States,Finance,Major Banks,true,true,0.915118
MRK,Merck & Company Inc. Common Stock (new),148.08,-1.875,365338776155,9703731,United States,Health Care,Biotechnology: Pharmaceutical Preparations,true,true,0.914168
SYK,Stryker Corporation Common Stock,273.4,-0.614,104868870776,2722068,United States,Health Care,Medical/Dental Instruments,true,true,0.913984
FANG,Diamondback Energy Inc. Common Stock,185.65,0.623,51986521134,3378111,United States,Energy,Oil & Gas Production,true,true,0.913919
NKE,Nike Inc. Common Stock,36.05,-0.139,53480128243,40581443,United States,Consumer Discretionary,Shoe Manufacturing,true,true,0.913710
HON,Honeywell International Inc. Common Stock,212.57,0.34,67371937926,2480846,United States,Industrials,Aerospace,true,true,0.912903
BLK,BlackRock Inc. Common Stock,1060.89,-0.541,164299248181,460778,United States,Finance,Investment Bankers/Brokers/Service,true,true,0.912881
ISRG,Intuitive Surgical Inc. Common Stock,398.3,-0.943,140710642535,1686521,United States,Health Care,Industrial Specialties,true,true,0.912572
MSI,Motorola Solutions Inc. Common Stock,460.44,0.819,76199959747,814849,United States,Technology,Radio And Television Broadcasting And Communications Equipment,true,true,0.912561
AVGO,Broadcom Inc. Common Stock,354.99,-2.62,1694590865776,23387994,United States,Technology,Semiconductors,true,true,0.912428
CASY,Casey's General Stores Inc. Common Stock,597.31,2.134,22076677351,1024514,United States,Consumer Discretionary,Retail-Auto Dealers and Gas Stations,true,true,0.912242
BNY,The Bank of New York Mellon Corporation Common Stock,149.51,-0.44,101443154270,3786207,United States,Finance,Major Banks,true,true,0.911739
CMI,Cummins Inc. Common Stock,524.65,-0.281,72225673105,1416229,United States,Industrials,Industrial Machinery/Components,true,true,0.911717
HCA,HCA Healthcare Inc. Common Stock,436.48,-0.374,94498574720,1314025,United States,Health Care,Hospital/Nursing Management,true,true,0.911653
MRSH,Marsh Common Stock,170.38,0.218,81307255842,2654461,United States,Finance,Specialty Insurers,true,true,0.911650
EMR,Emerson Electric Company Common Stock,154.59,0.259,86230302000,2722864,United States,Technology,Consumer Electronics/Appliances,true,true,0.911014
REGN,Regeneron Pharmaceuticals Inc. Common Stock,801.82,-0.259,82551368478,721110,United States,Health Care,Biotechnology: Pharmaceutical Preparations,true,true,0.910910
SBUX,Starbucks Corporation Common Stock,94.14,-1.02,107319600000,8256599,United States,Consumer Discretionary,Restaurants,true,true,0.910385
TT,Trane Technologies plc,437.09,-0.167,96169930435,1024930,Ireland,Industrials,Auto Parts:O.E.M.,false,true,0.910165
SHW,Sherwin-Williams Company (The) Common Stock,326.46,-0.576,79250825975,2260590,United States,Consumer Discretionary,RETAIL: Building Materials,true,true,0.909996
ROST,Ross Stores Inc. Common Stock,233.98,0.632,74745638678,1564726,United States,Consumer Discretionary,Clothing/Shoe/Accessory Stores,true,true,0.909983
TRV,The Travelers Companies Inc. Common Stock,360.39,-0.448,75168352179,1856917,United States,Finance,Property-Casualty Insurers,true,true,0.909766
GM,General Motors Company Common Stock,83.77,0.383,73504115590,4730307,United States,Industrials,Auto Manufacturing,true,true,0.908756
MET,MetLife Inc. Common Stock,97.2,1.334,61768357304,2943321,United States,Finance,Life Insurance,true,true,0.908579
NTAP,NetApp Inc. Common Stock,196.33,1.773,38562943252,1672788,United States,Technology,Electronic Components,true,true,0.908170
WMB,Williams Companies Inc. (The) Common Stock,71.11,0.183,86979438934,5176570,United States,Utilities,Natural Gas Distribution,true,true,0.907779
ORLY,O'Reilly Automotive Inc. Common Stock,85.9,0.093,69489732033,5200536,United States,Consumer Discretionary,Auto & Home Supply Stores,true,true,0.907648
BSX,Boston Scientific Corporation Common Stock,44.62,-0.668,64664621450,18567874,United States,Health Care,Medical/Dental Instruments,true,true,0.907131
GD,General Dynamics Corporation Common Stock,343.33,-0.017,92890401759,1085321,United States,Industrials,Marine Transportation,true,true,0.907114
MDT,Medtronic plc. Ordinary Shares,89.3,-1.619,114227013577,10534259,United States,Health Care,Biotechnology: Electromedical & Electrotherapeutic Apparatus,true,true,0.906847
BMY,Bristol-Myers Squibb Company Common Stock,61.15,-1.767,124912001214,15843193,United States,Health Care,Biotechnology: Pharmaceutical Preparations,true,true,0.906765
APO,Apollo Global Management Inc. (New) Common Stock,124.36,0.169,73439947253,3066712,United States,Finance,Investment Managers,true,true,0.905847
ORCL,Oracle Corporation Common Stock,144.56,-3.11,437111276160,22682320,United States,Technology,Computer Software: Prepackaged Software,true,true,0.905676
JCI,Johnson Controls International plc Ordinary Share,145.9,-0.369,88377680473,2904449,Switzerland,Industrials,Industrial Machinery/Components,false,true,0.905592
CMG,Chipotle Mexican Grill Inc. Common Stock,32.71,0.245,41391822780,18156665,United States,Consumer Discretionary,Restaurants,true,true,0.905393
ON,ON Semiconductor Corporation Common Stock,74.1,0.679,28848509223,9153747,United States,Technology,Semiconductors,true,true,0.905103
NXPI,NXP Semiconductors N.V. Common Stock,235.44,-0.897,59369533127,4019113,Netherlands,Technology,Semiconductors,false,true,0.905017
NDAQ,Nasdaq Inc. Common Stock,95.44,0.995,53348800384,3330081,United States,Finance,Investment Bankers/Brokers/Service,true,true,0.904972
MCK,McKesson Corporation Common Stock,880.5,-1.204,102657814622,672915,United States,Health Care,Other Pharmaceuticals,true,true,0.904878
DASH,DoorDash Inc. Class A Common Stock,189.27,-1.53,82010300536,5836892,United States,Consumer Discretionary,Business Services,true,true,0.904693
MSCI,MSCI Inc. Common Stock,555.7,1.243,40399390000,611738,United States,Consumer Discretionary,Business Services,true,true,0.904576
CVS,CVS Health Corporation Common Stock,85.86,-1.424,109812395882,7315535,United States,Consumer Staples,Retail-Drug Stores and Proprietary Stores,true,true,0.904575
KMI,Kinder Morgan Inc. Common Stock,31.37,0.32,69854781532,11043949,United States,Utilities,Natural Gas Distribution,true,true,0.904568
PGR,Progressive Corporation (The) Common Stock,203.13,-1.841,118094047640,4312181,United States,Finance,Property-Casualty Insurers,true,true,0.904330
MNST,Monster Beverage Corporation,43.91,-0.813,129033073487,9069963,United States,Consumer Staples,Beverages (Production/Distribution),true,true,0.904207
HLT,Hilton Worldwide Holdings Inc. Common Stock,307.22,-0.396,69144441650,1565548,United States,Consumer Discretionary,Hotels/Resorts,true,true,0.904092
GWW,W.W. Grainger Inc. Common Stock,1270.67,0.162,59849753971,316667,United States,Industrials,Office Equipment/Supplies/Services,true,true,0.904023
HD,Home Depot Inc. (The) Common Stock,296.72,-2.826,296034465827,4689637,United States,Consumer Discretionary,RETAIL: Building Materials,true,true,0.903796
CTVA,Corteva Inc. Common Stock,80.42,0.1,53655902320,5550013,United States,Consumer Staples,Farming/Seeds/Milling,true,true,0.903740
GOOG,Alphabet Inc. Class C Capital Stock,334.98,-3.578,4096805400000,23283492,United States,Technology,Computer Software: Programming Data Processing,true,true,0.903189
TTWO,Take-Two Interactive Software Inc. Common Stock,206.32,0.384,38577805000,2423851,United States,Technology,Computer Software: Prepackaged Software,true,true,0.902952
AME,AMETEK Inc.,246.45,0.424,56501433584,1466649,United States,Industrials,Industrial Machinery/Components,true,true,0.902800
ILMN,Illumina Inc. Common Stock,255.38,3.201,38562380000,2301118,United States,Health Care,Medical Specialities,true,true,0.902503
ROK,Rockwell Automation Inc. Common Stock,432.89,1.334,48169381514,603048,United States,Industrials,Industrial Machinery/Components,true,true,0.901910
ELV,Elevance Health Inc. Common Stock,398.56,-0.962,86435424222,1207566,United States,Health Care,Medical Specialities,true,true,0.901870
COF,Capital One Financial Corporation Common Stock,196.1,-2.219,120304376340,4938495,United States,Finance,Major Banks,true,true,0.901844
VRT,Vertiv Holdings LLC Class A Common Stock,248.78,-1.846,95777357679,3556515,United States,Technology,Industrial Machinery/Components,true,true,0.901844
SMCI,Super Micro Computer Inc. Common Stock,41.44,-0.241,27224645513,40871520,United States,Technology,Computer Manufacturing,true,true,0.901789
PWR,Quanta Services Inc. Common Stock,634.9,-1.203,93539676687,795819,United States,Industrials,Engineering & Construction,true,true,0.901698
NUE,Nucor Corporation Common Stock,246.98,0.537,56033754458,1325638,United States,Industrials,Steel/Iron Ore,true,true,0.901692
GOOGL,Alphabet Inc. Class A Common Stock,337.83,-3.796,4131660900000,35576461,United States,Technology,Computer Software: Programming Data Processing,true,true,0.901586
TEL,TE Connectivity plc Ordinary Shares,214.39,0.426,62068740951,1454170,Ireland,Technology,Electronic Components,false,true,0.901542
FIX,Comfort Systems USA Inc. Common Stock,1625.9,0.047,57222459521,237230,United States,Industrials,Engineering & Construction,true,true,0.900834
SLB,SLB Limited Common Shares,51.87,-0.48,76982509392,7654285,France,Energy,Oilfield Services/Equipment,false,true,0.900730
ECL,Ecolab Inc. Common Stock,276.72,0.181,77572531022,1058734,United States,Consumer Discretionary,Package Goods/Cosmetics,true,true,0.900719
COIN,Coinbase Global Inc. Class A Common Stock,198.13,-1.462,52274009554,7183824,United States,Finance,Finance: Consumer Services,true,true,0.900083
PLD,Prologis Inc. Common Stock,133.96,-1.413,127004260960,3169835,United States,Real Estate,Real Estate Investment Trusts,true,true,0.899733
EBAY,eBay Inc. Common Stock,109.09,-0.174,48545050000,4096355,United States,Consumer Discretionary,Business Services,true,true,0.899711
AJG,Arthur J. Gallagher & Co. Common Stock,229.64,-0.351,58856732000,1847724,United States,Finance,Specialty Insurers,true,true,0.899628
YUM,Yum! Brands Inc.,140.63,0.659,38378079584,2636015,United States,Consumer Discretionary,Restaurants,true,true,0.899445
IR,Ingersoll Rand Inc. Common Stock,76.22,3.209,29573316478,8573145,United States,Industrials,Industrial Machinery/Components,true,true,0.899322
INTU,Intuit Inc. Common Stock,286.8,-1.898,76643284800,3425315,United States,Technology,Computer Software: Prepackaged Software,true,true,0.899097
TRGP,Targa Resources Inc. Common Stock,283.01,0.305,60686123253,1059494,United States,Utilities,Natural Gas Distribution,true,true,0.898968
SNDK,Sandisk Corporation Common Stock,1816.57,-3.734,265980364647,7732165,United States,Technology,Electronic Components,true,true,0.898960
RCL,Royal Caribbean Cruises Ltd. Common Stock,230.3,-1.954,61594214945,7593851,United States,Consumer Discretionary,Marine Transportation,true,true,0.898953
HPQ,HP Inc. Common Stock,32.16,0.375,29001597563,16336872,United States,Technology,Computer Manufacturing,true,true,0.898817
MCHP,Microchip Technology Incorporated Common Stock,75.53,-0.382,41013446431,7724696,United States,Technology,Semiconductors,true,true,0.898665
BIIB,Biogen Inc. Common Stock,227.53,0.963,33618467165,1494495,United States,Health Care,Biotechnology: Biological Products (No Diagnostic Substances),true,true,0.898601
HUM,Humana Inc. Common Stock,374.78,0.747,45003697832,798639,United States,Health Care,Medical Specialities,true,true,0.898398
VEEV,Veeva Systems Inc. Class A Common Stock,270.75,3.771,43836821138,1427322,United States,Technology,Computer Software: Prepackaged Software,true,true,0.898227
MPWR,Monolithic Power Systems Inc. Common Stock,1355.47,-1.822,66611862210,767412,United States,Technology,Semiconductors,true,true,0.898222
KDP,Keurig Dr Pepper Inc. Common Stock,31.76,0.793,43219834967,9513348,United States,Consumer Staples,Beverages (Production/Distribution),true,true,0.898164
NEE,NextEra Energy Inc. Common Stock,77.02,-2.826,160662041657,12677124,United States,Utilities,Electric Utilities: Central,true,true,0.898053
STT,State Street Corporation Common Stock,179.95,-0.166,49432582612,2235654,United States,Finance,Major Banks,true,true,0.897575
ADP,Automatic Data Processing Inc. Common Stock,263.68,-2.21,104750238492,2726238,United States,Technology,EDP Services,true,true,0.897574
PYPL,PayPal Holdings Inc. Common Stock,52.51,-0.718,44920250494,11564348,United States,Industrials,Diversified Commercial Services,true,true,0.897570
OKE,ONEOK Inc. Common Stock,90.54,0.5,57073669650,3038230,United States,Utilities,Oil & Gas Production,true,true,0.897139
CL,Colgate-Palmolive Company Common Stock,85.93,-1.287,68501061196,6221546,United States,Consumer Discretionary,Package Goods/Cosmetics,true,true,0.896832
WST,West Pharmaceutical Services Inc. Common Stock,375.87,1.288,26452137663,877505,United States,Health Care,Medical/Dental Instruments,true,true,0.896704
GIS,General Mills Inc. Common Stock,35.82,1.044,19150427687,15616225,United States,Consumer Staples,Packaged Foods,true,true,0.896562
AZO,AutoZone Inc. Common Stock,2843.34,-1.775,46418534886,656677,United States,Consumer Discretionary,Auto & Home Supply Stores,true,true,0.896481
ACGL,Arch Capital Group Ltd. Common Stock,95.16,0.221,32471363630,4787654,Bermuda,Finance,Property-Casualty Insurers,false,true,0.896283
AEP,American Electric Power Company Inc. Common Stock,118.4,-1.555,64456646477,5493992,United States,Utilities,Electric Utilities: Central,true,true,0.896090
ALL,Allstate Corporation (The) Common Stock,225.66,-1.673,57059924997,4131708,United States,Finance,Property-Casualty Insurers,true,true,0.895926
TDY,Teledyne Technologies Incorporated Common Stock,621.05,1.356,28789190717,466774,United States,Industrials,Industrial Machinery/Components,true,true,0.895618
KKR,KKR & Co. Inc. Common Stock,97.21,-1.249,87259156773,4130345,United States,Finance,Investment Managers,true,true,0.895184
WAB,Westinghouse Air Brake Technologies Corporation Common Stock,292.22,0.866,49359128879,827095,United States,Industrials,Railroads,true,true,0.894951
USB,U.S. Bancorp Common Stock,58.48,-1.615,91114848562,7644564,United States,Finance,Major Banks,true,true,0.894879
FCX,Freeport-McMoRan Inc. Common Stock,72.58,-2.381,104226151819,8926716,United States,Basic Materials,Metal Mining,true,true,0.894451
O,Realty Income Corporation Common Stock,55.61,-1.627,52619184815,13617528,United States,Real Estate,Real Estate Investment Trusts,true,true,0.893657
EQT,EQT Corporation Common Stock,51.06,0.492,31938846960,6895838,United States,Energy,Oil & Gas Production,true,true,0.893182
LOW,Lowe's Companies Inc. Common Stock,191.36,-2.407,107363297076,2936828,United States,Consumer Discretionary,RETAIL: Building Materials,true,true,0.892886
PNC,PNC Financial Services Group Inc. (The) Common Stock,224.03,-1.724,89375349718,1955863,United States,Finance,Major Banks,true,true,0.892814
FDX,FedEx Corporation Common Stock,291.5,-1.5,68989431803,1628899,United States,Consumer Discretionary,Air Freight/Delivery Services,true,true,0.892794
SO,Southern Company (The) Common Stock,83.47,-1.973,96020796772,5572820,United States,Utilities,Electric Utilities: Central,true,true,0.892675
A,Agilent Technologies Inc. Common Stock,165.32,-1.16,46608478143,3238629,United States,Industrials,Biotechnology: Laboratory Analytical Instruments,true,true,0.892565
NEM,Newmont Corporation,123.55,-2.915,130183680082,5594615,United States,Basic Materials,Precious Metals,true,true,0.892436
NSC,Norfolk Southern Corporation Common Stock,315.01,0.322,70753883579,702474,United States,Industrials,Railroads,true,true,0.892427
COR,Cencora Inc. Common Stock,312.28,-0.684,59591507086,1103060,United States,Health Care,Other Pharmaceuticals,true,true,0.892305
DUK,Duke Energy Corporation (Holding Company) Common Stock,114.17,-1.84,89018599375,3884049,United States,Utilities,Power Generation,true,true,0.891969
AFL,AFLAC Incorporated Common Stock,115.23,0.55,57769788229,1928683,United States,Finance,Accident &Health Insurance,true,true,0.891794
FERG,Ferguson Enterprises Inc. Common Stock,221.17,0,42785937419,1453603,United Kingdom,Miscellaneous,Miscellaneous,false,true,0.891760
AON,Aon plc Class A Ordinary Shares (Ireland),281.6,-1.573,59734522214,1794912,United States,Finance,Specialty Insurers,true,true,0.891449
TDG,Transdigm Group Incorporated Common Stock,1105.28,-0.642,61096037552,287071,United States,Industrials,Military/Government/Technical,true,true,0.891038
GLW,Corning Incorporated Common Stock,154.48,-3.263,133067269373,5549808,United States,Industrials,Telecommunications Equipment,true,true,0.890943
ROP,Roper Technologies Inc. Common Stock,366.36,0.69,36233324199,730542,United States,Industrials,Industrial Machinery/Components,true,true,0.890848
AIG,American International Group Inc. New Common Stock,75.58,0.532,39520265713,3569394,United States,Finance,Property-Casualty Insurers,true,true,0.890808
ZBRA,Zebra Technologies Corporation Class A Common Stock,371.02,2.602,17553201073,652836,United States,Industrials,Industrial Machinery/Components,true,true,0.890781
TGT,Target Corporation Common Stock,156.26,-1.736,70988407967,2989023,United States,Consumer Discretionary,Department/Specialty Retail Stores,true,true,0.890655
F,Ford Motor Company Common Stock,12.94,-1.221,50682662068,35407608,United States,Industrials,Auto Manufacturing,true,true,0.890429
IBKR,Interactive Brokers Group Inc. Class A Common Stock,91.56,-0.348,41483837337,3961476,United States,Finance,Investment Bankers/Brokers/Service,true,true,0.890417
APD,Air Products and Chemicals Inc. Common Stock,286.97,-0.309,63904066544,925521,United States,Basic Materials,Major Chemicals,true,true,0.890383
SWKS,Skyworks Solutions Inc. Common Stock,91.45,1.656,13760735914,5030633,United States,Technology,Semiconductors,true,true,0.890307
EQIX,Equinix Inc. Common Stock REIT,1037.66,-2.039,102387661695,392246,United States,Real Estate,Real Estate Investment Trusts,true,true,0.890152
LHX,L3Harris Technologies Inc. Common Stock,239.21,-0.283,44544398293,1330449,United States,Industrials,Industrial Machinery/Components,true,true,0.889354
RSG,Republic Services Inc. Common Stock,213.1,-0.365,65253985612,1208294,United States,Utilities,Environmental Services,true,true,0.889070
CI,The Cigna Group Common Stock,268.27,-1.998,70887795179,1829760,United States,Health Care,Medical Specialities,true,true,0.888860
MTD,Mettler-Toledo International Inc. Common Stock,1492.34,0.106,29901358458,238728,Switzerland,Industrials,Biotechnology: Laboratory Analytical Instruments,false,true,0.888835
TER,Teradyne Inc. Common Stock,389.14,-2.395,60838439455,2011542,United States,Industrials,Electrical Products,true,true,0.888669
HUBB,Hubbell Inc Common Stock,463.7,1.061,24498463173,604705,United States,Technology,Electrical Products,true,true,0.888211
CVNA,Carvana Co. Class A Common Stock,63.95,-2.217,70374658092,8567199,United States,Consumer Discretionary,Retail-Auto Dealers and Gas Stations,true,true,0.888192
VST,Vistra Corp. Common Stock,137.97,-1.738,46307587854,4412208,United States,Utilities,Electric Utilities: Central,true,true,0.888176
CARR,Carrier Global Corporation Common Stock,55.1,-0.29,45420310641,5305750,United States,Industrials,Industrial Machinery/Components,true,true,0.887983
GRMN,Garmin Ltd. Common Stock (Switzerland),287.58,1.022,55460532303,594086,Switzerland,Industrials,Industrial Machinery/Components,false,true,0.887929
ODFL,Old Dominion Freight Line Inc. Common Stock,177.72,0.231,36851418862,1572834,United States,Industrials,Trucking Freight/Courier Services,true,true,0.887750
LYV,Live Nation Entertainment Inc. Common Stock,169.03,-0.477,39829191356,2072475,United States,Consumer Discretionary,Services-Misc. Amusement & Recreation,true,true,0.887747
RMD,ResMed Inc. Common Stock,222.3,0.149,32067287624,1440116,United States,Health Care,Medical/Dental Instruments,true,true,0.887589
CAH,Cardinal Health Inc. Common Stock,221.27,-0.347,51237136268,1215984,United States,Health Care,Other Pharmaceuticals,true,true,0.886746
PCAR,PACCAR Inc. Common Stock,112.09,-1.589,59000247582,3680937,United States,Industrials,Auto Manufacturing,true,true,0.886745
CTSH,Cognizant Technology Solutions Corporation Class A Common Stock,59.14,0.784,26639270520,4520522,United States,Technology,EDP Services,true,true,0.886325
AMT,American Tower Corporation (REIT) Common Stock,170.78,-2.551,79576656997,3024005,United States,Real Estate,Real Estate Investment Trusts,true,true,0.886303
DRI,Darden Restaurants Inc. Common Stock,213.69,0.07,24377321196,1874605,United States,Consumer Discretionary,Restaurants,true,true,0.886177
COHR,Coherent Corp. Common Stock,300.6,-3.154,58867173148,5712553,United States,Technology,Electronic Components,true,true,0.885877
CPRT,Copart Inc. (DE) Common Stock,28.865,0.243,26723548428,11026835,United States,Consumer Discretionary,Retail-Auto Dealers and Gas Stations,true,true,0.885703
DOV,Dover Corporation Common Stock,189.03,1.335,25458602932,1181045,United States,Industrials,Industrial Machinery/Components,true,true,0.885189
P,Everpure Inc. Class A common stock,109.65,-1.118,36538368072,3919830,United States,Technology,Electronic Components,true,true,0.884513
DOW,Dow Inc. Common Stock,28.65,1.596,20695061370,7923205,United States,Industrials,Major Chemicals,true,true,0.883195
CBOE,Cboe Global Markets Inc. Common Stock,268.87,0.765,30064707313,830590,,Finance,Investment Bankers/Brokers/Service,false,true,0.883129
IQV,IQVIA Holdings Inc. Common Stock,267.86,-0.826,44089756000,1116577,United States,Health Care,Biotechnology: Commercial Physical & Biological Resarch,true,true,0.881866
ADSK,Autodesk Inc. Common Stock,217.15,-1.125,45384350000,1475690,United States,Technology,Computer Software: Prepackaged Software,true,true,0.881796
VTR,Ventas Inc. Common Stock,86.64,-0.253,44441672544,2735628,United States,Real Estate,Real Estate Investment Trusts,true,true,0.881298
PSA,Public Storage Common Stock,286.73,-1.029,50355847752,986512,United States,Real Estate,Real Estate Investment Trusts,true,true,0.881061
AKAM,Akamai Technologies Inc. Common Stock,118.44,0.085,17021795170,3923530,United States,Consumer Discretionary,Business Services,true,true,0.880936
VMRK,Vivmark Residential Common Shares of Beneficial Interest,61.29,-1.7,48265875000,6200355,United States,Real Estate,Real Estate Investment Trusts,true,true,0.880751
BG,Bunge Limited Common Shares,111.48,1.345,21417439832,1947086,United States,Consumer Staples,Packaged Foods,true,true,0.880408
DAL,Delta Air Lines Inc. Common Stock,81.75,-2.586,53760682703,6651912,United States,Consumer Discretionary,Air Freight/Delivery Services,true,true,0.880389
HONA,Honeywell Aerospace Inc. Common Stock,163.33,-2.385,51767888574,2976614,United States,Industrials,Aerospace,true,true,0.880075
EXE,Expand Energy Corporation Common Stock,87.04,0.011,20150089795,4203739,United States,Energy,Oil & Gas Production,true,true,0.879484
JBL,Jabil Inc. Common Stock,308.75,-0.074,32353013729,832079,United States,Technology,Electrical Products,true,true,0.879436
FLEX,Flex Ltd. Ordinary Shares,112.3,-1.879,41483954429,3918196,Singapore,Technology,Electrical Products,false,true,0.879381
CTAS,Cintas Corporation Common Stock,191.97,-3.436,76695233761,3295223,United States,Industrials,Garments and Clothing,true,true,0.879323
SPG,Simon Property Group Inc. Common Stock,204.16,-0.869,66056277302,1056487,United States,Real Estate,Real Estate Investment Trusts,true,true,0.879126
BX,Blackstone Inc. Common Stock,119.27,-3.822,89527057347,5703046,United States,Finance,Investment Managers,true,true,0.878848
MLM,Martin Marietta Materials Inc. Common Stock,490.45,-1.78,29459290738,1186105,United States,Industrials,Mining & Quarrying of Nonmetallic Minerals (No Fuels),true,true,0.878421
WAT,Waters Corporation Common Stock,420.57,-1.214,41320208043,743655,United States,Industrials,Biotechnology: Laboratory Analytical Instruments,true,true,0.878117
VMC,Vulcan Materials Company (Holding Company) Common Stock,244.4,-1.4,31669043812,1730810,United States,Industrials,Mining & Quarrying of Nonmetallic Minerals (No Fuels),true,true,0.877884
KHC,The Kraft Heinz Company Common Stock,23.79,-0.875,28210747203,14845583,United States,Consumer Staples,Packaged Foods,true,true,0.877754
IDXX,IDEXX Laboratories Inc. Common Stock,522.02,0.1,41125318174,364191,United States,Health Care,Biotechnology: In Vitro & In Vivo Diagnostic Substances,true,true,0.877487
FFIV,F5 Inc. Common Stock,455.99,0.587,25821428720,481466,United States,Telecommunications,Computer Communications Equipment,true,true,0.877409
FITB,Fifth Third Bancorp Common Stock,51.69,-2.028,46877276633,7453387,United States,Finance,Major Banks,true,true,0.877392
AMP,Ameriprise Financial Inc. Common Stock,502.79,-1.87,45199354864,728387,United States,Finance,Investment Managers,true,true,0.877334
FOXA,Fox Corporation Class A Common Stock,63.96,-0.451,26970244863,4677641,United States,Industrials,Broadcasting,true,true,0.877312
BDX,Becton Dickinson and Company Common Stock,182.52,-0.262,49716038736,1022795,United States,Health Care,Medical/Dental Instruments,true,true,0.876799
XYL,Xylem Inc. Common Stock New,108.64,0.732,25366007256,1882243,United States,Industrials,Fluid Controls,true,true,0.876538
HAL,Halliburton Company Common Stock,33.01,0.487,27501633415,6225368,United States,Energy,Oilfield Services/Equipment,true,true,0.876510
SYY,Sysco Corporation Common Stock,77.14,-1.945,37946242874,5543739,United States,Consumer Discretionary,Food Distributors,true,true,0.876456
CCL,Carnival Corporation Ltd. Common Shares,21.8,-2.154,29858350794,28796018,United States,Consumer Discretionary,Marine Transportation,true,true,0.876361
KR,Kroger Company (The) Common Stock,57.64,-1.571,34041532668,6813088,United States,Consumer Staples,Food Chains,true,true,0.876268
EXR,Extra Space Storage Inc Common Stock,133.84,-0.852,28276317643,2411350,United States,Real Estate,Real Estate Investment Trusts,true,true,0.876012
ADM,Archer-Daniels-Midland Company Common Stock,82.15,-0.231,39592979743,2545551,United States,Consumer Staples,Packaged Foods,true,true,0.875984
OTIS,Otis Worldwide Corporation Common Stock,68.32,0.353,26007329240,3125127,United States,Technology,Consumer Electronics/Appliances,true,true,0.875020
RDDT,Reddit Inc. Class A Common Stock,151.98,-2.37,29240421590,4576421,United States,Technology,EDP Services,true,true,0.874939
DLR,Digital Realty Trust Inc. Common Stock,181.45,-2.262,67143064135,1605128,United States,Real Estate,Real Estate Investment Trusts,true,true,0.874006
KVUE,Kenvue Inc. Common Stock,17.67,-1.064,33940067162,16168855,United States,Consumer Discretionary,Package Goods/Cosmetics,true,true,0.873877
AWK,American Water Works Company Inc. Common Stock,133.06,-0.568,26442879276,2119694,United States,Utilities,Water Supply,true,true,0.873806
CIEN,Ciena Corporation Common Stock,355.91,-3.432,50471072133,1855643,United States,Utilities,Telecommunications Equipment,true,true,0.873796
D,Dominion Energy Inc. Common Stock,61.17,-2.018,53800602300,4908097,United States,Utilities,Electric Utilities: Central,true,true,0.873773
WEC,WEC Energy Group Inc. Common Stock,101.17,-1.614,32966182078,3612286,United States,Utilities,Power Generation,true,true,0.873494
KMB,Kimberly-Clark Corporation Common Stock,97.7,-1.223,32492972013,3219099,United States,Consumer Discretionary,Containers/Packaging,true,true,0.873434
CPAY,Corpay Inc. Common Stock,395.16,0.562,25946047141,468473,United States,Consumer Discretionary,Business Services,true,true,0.872645
AXON,Axon Enterprise Inc. Common Stock,450.61,-1.896,36606391573,770930,United States,Industrials,Ordnance And Accessories,true,true,0.872148
TFC,Truist Financial Corporation Common Stock,47,-2.226,57416430836,6298534,United States,Finance,Major Banks,true,true,0.872121
HBAN,Huntington Bancshares Incorporated Common Stock,15.38,-1.976,31073980024,27531390,United States,Finance,Major Banks,true,true,0.872116
FISV,Fiserv Inc. Common Stock,45.95,-0.325,24434680830,5624745,United States,Consumer Discretionary,Business Services,true,true,0.872041
EW,Edwards Lifesciences Corporation Common Stock,86.82,-2.208,50043048000,3623752,United States,Health Care,Industrial Specialties,true,true,0.871813
XEL,Xcel Energy Inc. Common Stock,70.66,-1.943,44136660062,4409411,United States,Utilities,Power Generation,true,true,0.871783
RJF,Raymond James Financial Inc. Common Stock,158.23,-0.728,30437393532,1592173,United States,Finance,Investment Bankers/Brokers/Service,true,true,0.871648
HSY,The Hershey Company Common Stock,168.45,-0.006,33845926922,1071331,United States,Consumer Staples,Specialty Foods,true,true,0.871325
PRU,Prudential Financial Inc. Common Stock,117.59,-0.059,40568550000,1403237,United States,Finance,Life Insurance,true,true,0.870911
NTRS,Northern Trust Corporation Common Stock,173.99,0.34,31832454065,967623,United States,Finance,Major Banks,true,true,0.870883
CRH,CRH PLC Ordinary Shares,85.23,-3.192,57047799789,5036429,Ireland,Industrials,Building Materials,false,true,0.870727
GEHC,GE HealthCare Technologies Inc. Common Stock,66.09,-0.272,29851944395,3169563,United States,Health Care,Medical Electronics,true,true,0.870577
PTC,PTC Inc. Common Stock,140.4,0.286,15234279044,2138696,United States,Technology,Computer Software: Prepackaged Software,true,true,0.870425
LYB,LyondellBasell Industries NV Ordinary Shares Class A (Netherlands),59.97,1.232,19372585981,2906132,Netherlands,Industrials,Major Chemicals,false,true,0.870284
ETR,Entergy Corporation Common Stock,99.23,-1.908,46303843547,2779038,United States,Utilities,Electric Utilities: Central,true,true,0.870221
SW,Smurfit WestRock plc Ordinary Shares,46.49,0.086,24385069993,4530863,Ireland,Consumer Discretionary,Containers/Packaging,false,true,0.870153
DGX,Quest Diagnostics Incorporated Common Stock,233,-0.75,25716992880,1129968,United States,Health Care,Medical Specialities,true,true,0.869388
CHTR,Charter Communications Inc. Class A Common Stock New,116.61,-0.554,13360881342,4392818,United States,Telecommunications,Cable & Other Pay Television Services,true,true,0.869039
CFG,Citizens Financial Group Inc. Common Stock,64.61,-1.344,27212232273,4702266,United States,Finance,Major Banks,true,true,0.868896
VICI,VICI Properties Inc. Common Stock,23.7,-1.168,26095538219,12317218,United States,Real Estate,Real Estate Investment Trusts,true,true,0.868680
OMC,Omnicom Group Inc. Common Stock,75.49,0.199,20710377049,2916530,United States,Consumer Discretionary,Advertising,true,true,0.868528
STLD,Steel Dynamics Inc.,234.29,0.128,33580337738,662668,United States,Industrials,Steel/Iron Ore,true,true,0.867241
LDOS,Leidos Holdings Inc. Common Stock,124.69,1.119,15647623540,1555787,United States,Technology,EDP Services,true,true,0.867126
EXPD,Expeditors International of Washington Inc. Common Stock,188.03,0.277,24442136655,946193,United States,Industrials,Integrated Freight & Logistics,true,true,0.867104
DXCM,DexCom Inc. Common Stock,87.73,-2.01,33105859913,3668627,United States,Health Care,Medical/Dental Instruments,true,true,0.866933
CF,CF Industries Holdings Inc. Common Stock,120.64,0.041,18257432003,1999718,United States,Industrials,Agricultural Chemicals,true,true,0.866262
LEN,Lennar Corporation Class A Common Stock,81.52,-1.854,19637771976,5866004,United States,Consumer Discretionary,Homebuilding,true,true,0.865696
TKO,TKO Group Holdings Inc. Class A Common Stock,189.08,0.111,35787117334,747430,United States,Consumer Discretionary,Services-Misc. Amusement & Recreation,true,true,0.865155
DHI,D.R. Horton Inc. Common Stock,140.17,-2.734,39205726595,2420811,United States,Consumer Discretionary,Homebuilding,true,true,0.863940
ZTS,Zoetis Inc. Class A Common Stock,71.61,-1.716,29590942139,3829145,United States,Health Care,Biotechnology: Pharmaceutical Preparations,true,true,0.863713
IEX,IDEX Corporation Common Stock,229.67,1.763,16931248514,593324,United States,Industrials,Fluid Controls,true,true,0.863669
ESS,Essex Property Trust Inc. Common Stock,273.47,-0.47,17575490013,989189,United States,Real Estate,Real Estate Investment Trusts,true,true,0.863506
SRE,DBA Sempra Common Stock,79,-2.445,51658127492,3139916,United States,Utilities,Natural Gas Distribution,true,true,0.863348
ED,Consolidated Edison Inc. Common Stock,102.61,-1.185,37948116032,1858371,United States,Utilities,Power Generation,true,true,0.863284
APA,APA Corporation Common Stock,43.7,3.31,15310360987,5587350,United States,Energy,Oil & Gas Production,true,true,0.863127
PCG,Pacific Gas & Electric Co. Common Stock,12.41,-3.649,33260171255,49334622,United States,Utilities,Power Generation,true,true,0.863113
KEY,KeyCorp Common Stock,20.24,-1.172,21598681933,13839254,United States,Finance,Major Banks,true,true,0.862717
VRSK,Verisk Analytics Inc. Common Stock,171.8,-0.081,22360802862,1062442,United States,Technology,EDP Services,true,true,0.862391
EXC,Exelon Corporation Common Stock,40.69,-2.656,42002413917,7039364,United States,Utilities,Power Generation,true,true,0.862194
VLTO,Veralto Corp Common Stock,95.88,0.094,23374905823,1743442,United States,Industrials,Electrical Products,true,true,0.862027
EME,EMCOR Group Inc. Common Stock,751.8,-0.621,33161823572,219799,United States,Industrials,Engineering & Construction,true,true,0.861775
RVTY,Revvity Inc. Common Stock,142.11,-0.837,15857543446,2244457,United States,Industrials,Biotechnology: Laboratory Analytical Instruments,true,true,0.861606
COO,The Cooper Companies Inc. Common Stock,56.07,1.411,10662007335,4136486,United States,Health Care,Ophthalmic Goods,true,true,0.861465
EL,Estee Lauder Companies Inc. (The) Common Stock,98.83,-1.456,35756552377,2068776,United States,Consumer Discretionary,Package Goods/Cosmetics,true,true,0.861208
HIG,The Hartford Insurance Group Inc. Common Stock,126.59,-1.662,34289686733,1761744,United States,Finance,Property-Casualty Insurers,true,true,0.860962
SPOT,Spotify Technology S.A. Ordinary Shares,510.4,1.815,105056921781,1822689,Luxembourg,Consumer Discretionary,Broadcasting,false,false,0.860189
XYZ,Block Inc. Class A Common Stock,74.68,-3.676,44867370600,5182300,United States,Technology,Computer Software: Prepackaged Software,true,true,0.860020
NI,NiSource Inc Common Stock,39.25,-1.58,18822733925,8472299,United States,Utilities,Power Generation,true,true,0.859518
CHRW,C.H. Robinson Worldwide Inc. Common Stock,149.67,0.074,17489127785,1267416,United States,Industrials,Integrated Freight & Logistics,true,true,0.858674
PPG,PPG Industries Inc. Common Stock,107.2,-0.529,23830560000,1667082,United States,Consumer Discretionary,Paints/Coatings,true,true,0.858496
TROW,T. Rowe Price Group Inc. Common Stock,104.57,0.384,22306438435,1358547,United States,Finance,Investment Managers,true,true,0.858494
PKG,Packaging Corporation of America Common Stock,240.98,1.154,21470908093,497818,United States,Consumer Discretionary,Containers/Packaging,true,true,0.858243
CNP,CenterPoint Energy Inc (Holding Co) Common Stock,37.16,-1.823,24478045902,7224609,United States,Utilities,Electric Utilities: Central,true,true,0.858156
FIS,Fidelity National Information Services Inc. Common Stock,34.67,-0.83,17879524142,7204956,United States,Consumer Discretionary,Business Services,true,true,0.858021
PBR,Petroleo Brasileiro S.A. Petrobras ADS,21.14,1.83,136233905294,27533191,Brazil,Energy,Oil & Gas Production,false,false,0.857996
PFG,Principal Financial Group Inc Common Stock,113.92,0.291,24390800703,1193962,United States,Finance,Accident &Health Insurance,true,true,0.857995
CBRE,CBRE Group Inc Common Stock Class A,136.41,-3.29,39500966400,2374731,United States,Finance,Real Estate,true,true,0.857492
SHEL,Shell PLC American Depositary Shares (each representing two (2) Ordinary Shares),95.41,1.576,263911009569,5255071,Netherlands,Energy,Oil & Gas Production,false,false,0.857271
FDXF,FedEx Freight Holding Company Inc. Common Stock,119.22,0.185,17825551816,1438504,United States,Consumer Discretionary,Air Freight/Delivery Services,true,true,0.857010
GPN,Global Payments Inc. Common Stock,84,-0.92,22227944760,2437684,United States,Consumer Discretionary,Business Services,true,true,0.856978
ATO,Atmos Energy Corporation Common Stock,156.24,-0.699,26402771521,1066763,United States,Utilities,Oil/Gas Transmission,true,true,0.856939
ROL,Rollins Inc. Common Stock,32.49,-1.126,15632414176,9239070,United States,Consumer Discretionary,Diversified Commercial Services,true,true,0.856718
APP,Applovin Corporation Class A Common Stock,315.25,-4.101,105498727750,6813499,United States,Technology,Computer Software: Programming Data Processing,true,true,0.855932
TSCO,Tractor Supply Company Common Stock,32.29,-1.675,16824386024,10449167,United States,Consumer Discretionary,RETAIL: Building Materials,true,true,0.855782
WSM,Williams-Sonoma Inc. Common Stock (DE),227.83,-2.089,26833628985,1088410,United States,Consumer Discretionary,Home Furnishings,true,true,0.855444
JBHT,J.B. Hunt Transport Services Inc. Common Stock,234.63,-1.171,22035262138,899023,United States,Industrials,Trucking Freight/Courier Services,true,true,0.855353
CNC,Centene Corporation Common Stock,62.08,-1.927,30667209600,3418417,United States,Health Care,Medical Specialities,true,true,0.855204
RF,Regions Financial Corporation Common Stock,27.39,-1.863,23334349169,9349985,United States,Finance,Major Banks,true,true,0.854877
TPR,Tapestry Inc. Common Stock,110.51,-1.847,22034774336,2385893,United States,Consumer Discretionary,Apparel,true,true,0.854835
TYL,Tyler Technologies Inc. Common Stock,332.53,0.447,13617859673,563256,United States,Technology,Computer Software: Prepackaged Software,true,true,0.854798
DLTR,Dollar Tree Inc. Common Stock,113.16,-1.634,21232244635,2236844,United States,Consumer Discretionary,Department/Specialty Retail Stores,true,true,0.854749
ASML,ASML Holding N.V. New York Registry Shares,1744.61,-0.188,672403512536,1255365,Netherlands,Technology,Industrial Machinery/Components,false,false,0.854034
ECHO,EchoStar  Corporation Common Stock,92.72,-2.87,26964445056,3338070,United States,Consumer Discretionary,Telecommunications Equipment,true,true,0.853819
LH,Labcorp Holdings Inc. Common Stock,303.98,-2.427,24652778000,909886,United States,Health Care,Medical Specialities,true,true,0.853016
ARM,Arm Holdings plc American Depositary Shares,332.56,-0.192,353862214605,6982319,United Kingdom,Technology,Semiconductors,false,false,0.852970
DG,Dollar General Corporation Common Stock,120.6,-1.655,26606384874,1610520,United States,Consumer Discretionary,Department/Specialty Retail Stores,true,true,0.852946
PEG,Public Service Enterprise Group Incorporated Common Stock,67.31,-2.619,33548652219,3573923,United States,Utilities,Power Generation,true,true,0.852895
TWLO,Twilio Inc. Class A Common Stock,290.7,2.168,44644316454,4150903,United States,Technology,Computer Software: Prepackaged Software,true,false,0.852795
TECH,Bio-Techne Corp Common Stock,72.52,-0.041,11372458620,3562328,United States,Health Care,Biotechnology: Biological Products (No Diagnostic Substances),true,true,0.852553
WTW,Willis Towers Watson Public Limited Company Ordinary Shares,298.99,-0.908,27767780444,493885,United Kingdom,Finance,Specialty Insurers,false,true,0.852435
DTE,DTE Energy Company Common Stock,122.89,-2.009,25571942799,1850308,United States,Utilities,Electric Utilities: Central,true,true,0.852199
CMS,CMS Energy Corporation Common Stock,63.15,-1.743,19802396138,4024084,United States,Utilities,Power Generation,true,true,0.852036
SJM,The J.M. Smucker Company Common Stock,122.41,1.073,13076225831,1206273,United States,Consumer Staples,Packaged Foods,true,true,0.851532
NRG,NRG Energy Inc. Common Stock,100.72,-1.976,21172399848,2550068,United States,Utilities,Electric Utilities: Central,true,true,0.851513
ARES,Ares Management Corporation Class A Common Stock,121.48,-2.598,40122077779,1637925,United States,Finance,Investment Managers,true,true,0.851186
STZ,Constellation Brands Inc. Common Stock,116.57,-0.867,19907642051,1536939,United States,Consumer Staples,Beverages (Production/Distribution),true,true,0.850925
BR,Broadridge Financial Solutions Inc. Common Stock,163.45,0.264,18636862883,824585,United States,Consumer Discretionary,Business Services,true,true,0.850666
IRM,Iron Mountain Incorporated (Delaware)Common Stock REIT,115.09,-2.573,34262616633,1828155,United States,Real Estate,Real Estate Investment Trusts,true,true,0.850382
LULU,lululemon athletica inc. Common Stock,102.28,-1.398,10800160866,4281021,Canada,Consumer Discretionary,Apparel,false,true,0.849653
INCY,Incyte Corp. Common Stock,124.64,-1.804,25264247061,1534795,United States,Health Care,Biotechnology: Commercial Physical & Biological Resarch,true,true,0.849454
STE,STERIS plc (Ireland) Ordinary Shares,209.98,0.57,20473073098,534204,United States,Health Care,Industrial Specialties,true,true,0.849396
MCD,McDonald's Corporation Common Stock,238.32,-4.805,168645129668,16605705,United States,Consumer Discretionary,Restaurants,true,true,0.848716
UHS,Universal Health Services Inc. Common Stock,181.39,1.171,10690494456,896391,United States,Health Care,Hospital/Nursing Management,true,true,0.848685
IP,International Paper Company Common Stock,35.7,-0.028,18905645252,3804146,United States,Basic Materials,Paper,true,true,0.848668
MTB,M&T Bank Corporation Common Stock,219.58,-1.719,31710922810,727386,United States,Finance,Major Banks,true,true,0.848441
BEN,Franklin Templeton Inc. Common Stock,32.71,-1.268,16619195726,6780600,United States,Finance,Investment Managers,true,true,0.848111
SYF,Synchrony Financial Common Stock,70.67,-2.752,26293306917,3509667,United States,Finance,Finance: Consumer Services,true,true,0.848000
EVRG,Evergy Inc. Common Stock,78.42,-1.072,18081077628,2381416,United States,Utilities,Power Generation,true,true,0.847777
NDSN,Nordson Corporation Common Stock,321.42,0.547,17902890220,373600,United States,Industrials,Industrial Machinery/Components,true,true,0.847513
Q,Qnity Electronics Inc. Common Stock,124.5,-0.288,26046463604,914792,United States,Technology,Semiconductors,true,true,0.847137
VRSN,VeriSign Inc. Common Stock,293.28,-2.051,26483184000,618515,United States,Technology,EDP Services,true,true,0.846684
TSM,Taiwan Semiconductor Manufacturing Company Ltd.,446.57,-1.201,2316137494979,10181413,Taiwan,Technology,Semiconductors,false,false,0.846629
IFF,International Flavors & Fragrances Inc. Common Stock,85.71,-0.093,21868903329,1414098,United States,Industrials,Major Chemicals,true,true,0.846624
LVS,Las Vegas Sands Corp. Common Stock,39.19,-1.285,25383409401,3818112,United States,Consumer Discretionary,Hotels/Resorts,true,true,0.846558
NVS,Novartis AG Common Stock,142.71,1.012,272312326110,2518386,Switzerland,Health Care,Biotechnology: Pharmaceutical Preparations,false,false,0.845149
TSN,Tyson Foods Inc. Common Stock,51.36,-0.888,18068525656,3202674,United States,Consumer Staples,Meat/Poultry/Fish,true,true,0.845088
WRB,W.R. Berkley Corporation Common Stock,67.67,-0.733,25120966887,1857493,United States,Finance,Property-Casualty Insurers,true,true,0.845052
ULTA,Ulta Beauty Inc. Common Stock,543.81,-1.815,23251940305,328816,United States,Consumer Discretionary,Other Specialty Stores,true,true,0.845025
DPZ,Domino's Pizza Inc Common Stock,296.43,-0.231,9806418706,866927,United States,Consumer Discretionary,Food Distributors,true,true,0.844865
GDDY,GoDaddy Inc. Class A Common Stock,96.38,-1.893,12206305712,3754412,United States,Technology,EDP Services,true,true,0.844605
CHD,Church & Dwight Company Inc. Common Stock,96.02,-0.104,22776319150,1147929,United States,Consumer Discretionary,Package Goods/Cosmetics,true,true,0.844452
ES,Eversource Energy (D/B/A) Common Stock,64.91,-2.215,24449958282,2890787,United States,Utilities,Electric Utilities: Central,true,true,0.844227
PSKY,Paramount Skydance Corporation Class B Common Stock,9.96,-1.484,11174579959,33618747,United States,Industrials,Broadcasting,true,true,0.844137
CRL,Charles River Laboratories International Inc. Common Stock,277.33,-2.729,13239421372,1594353,United States,Health Care,Biotechnology: Commercial Physical & Biological Resarch,true,true,0.844080
NVR,NVR Inc. Common Stock,6241.61,-1.535,16633016825,33456,United States,Consumer Discretionary,Homebuilding,true,true,0.843851
FICO,Fair Isaac Corporation Common Stock,879.62,-3.812,18997711699,501921,United States,Consumer Discretionary,Business Services,true,true,0.843784
BRO,Brown & Brown Inc. Common Stock,61.7,-1.185,20645459027,2486124,United States,Finance,Specialty Insurers,true,true,0.843396
CLS,Celestica Inc. Common Stock,361.84,1.615,41601869037,2392231,Canada,Technology,Electrical Products,false,false,0.843314
PPL,PPL Corporation Common Stock,32.25,-1.916,24269571122,5240696,United States,Utilities,Electric Utilities: Central,true,true,0.843116
CCI,Crown Castle Inc. Common Stock,70.23,-2.957,29879735481,2907444,United States,Real Estate,Real Estate Investment Trusts,true,true,0.843097
NET,Cloudflare Inc. Class A Common Stock,352.33,-0.19,125457565986,2920639,United States,Technology,Computer Software: Prepackaged Software,true,false,0.843048
HST,Host Hotels & Resorts Inc. Common Stock,22.15,-0.583,15175505438,7209537,United States,Real Estate,Real Estate Investment Trusts,true,true,0.842800
RL,Ralph Lauren Corporation Common Stock,337.47,-2.482,20107218195,697451,United States,Industrials,Garments and Clothing,true,true,0.842760
LUV,Southwest Airlines Company Common Stock,41.04,-2.471,20077104569,5659947,United States,Consumer Discretionary,Air Freight/Delivery Services,true,true,0.842675
CDW,CDW Corporation Common Stock,146.16,-0.861,18272546984,1005319,United States,Consumer Discretionary,Catalog/Specialty Distribution,true,true,0.842333
BAX,Baxter International Inc. Common Stock,23.49,-0.802,12144236017,9441880,United States,Health Care,Medical/Dental Instruments,true,true,0.842316
INVH,Invitation Homes Inc. Common Stock,26.93,-0.774,15905483476,5931826,United States,Finance,Real Estate,true,true,0.842232
FE,FirstEnergy Corp. Common Stock,43.65,-2.414,25257633032,4230227,United States,Utilities,Electric Utilities: Central,true,true,0.842012
LNT,Alliant Energy Corporation Common Stock,63.69,-1.439,16513842479,2952649,United States,Utilities,Power Generation,true,true,0.841794
L,Loews Corporation Common Stock,105.04,-0.821,21473087709,1223736,United States,Finance,Property-Casualty Insurers,true,true,0.841556
SNOW,Snowflake Inc. Common Stock,334.81,-0.529,118120968000,4040256,United States,Technology,Computer Software: Prepackaged Software,true,false,0.840704
LII,Lennox International Inc. Common Stock,372.34,0.178,12868321730,379891,United States,Industrials,Industrial Machinery/Components,true,true,0.840648
VTRS,Viatris Inc. Common Stock,17.12,-0.349,19663875592,6868590,United States,Health Care,Biotechnology: Pharmaceutical Preparations,true,true,0.840409
AEE,Ameren Corporation Common Stock,99.74,-1.889,27612345855,1398970,United States,Utilities,Power Generation,true,true,0.840326
IT,Gartner Inc. Common Stock,178.52,-0.129,11273355196,977768,United States,Consumer Discretionary,Other Consumer Services,true,true,0.839932
CINF,Cincinnati Financial Corporation Common Stock,162.57,-1.407,24950925776,800712,United States,Finance,Property-Casualty Insurers,true,true,0.839707
APTV,Aptiv PLC Ordinary Shares,45.17,1.255,9378797561,3124500,United Kingdom,Consumer Discretionary,Auto Parts:O.E.M.,false,true,0.839692
ALLE,Allegion plc Ordinary Shares,154.09,0.091,13103318355,902907,United States,Consumer Discretionary,Diversified Commercial Services,true,true,0.839553
ZS,Zscaler Inc. Common Stock,214.45,2.032,34967079986,2560716,United States,Technology,EDP Services,true,false,0.839342
BKNG,Booking Holdings Inc. Common Stock,155.9,-5.066,117140219950,13881559,United States,Consumer Discretionary,Transportation Services,true,true,0.839249
BRK/A,Berkshire Hathaway Inc.,765020,1.24,1125248027480,314,United States,Uncategorized,Uncategorized,true,false,0.839020
DOC,Healthpeak Properties Inc. Common Stock,20.48,-0.583,14121518285,7417883,United States,Real Estate,Real Estate Investment Trusts,true,true,0.838972
HAS,Hasbro Inc. Common Stock,86.52,-0.449,12203167285,1986067,United States,Consumer Discretionary,Recreational Games/Products/Toys,true,true,0.838520
EFX,Equifax Inc. Common Stock,155.32,-2.791,18247754047,1552482,United States,Finance,Finance: Consumer Services,true,true,0.837811
CRWV,CoreWeave Inc. Class A Common Stock,86.9,0.161,47928530714,31705075,United States,Technology,Computer Software: Prepackaged Software,true,false,0.837767
FTV,Fortive Corporation Common Stock,56.26,0.554,16991479346,1647203,United States,Industrials,Industrial Machinery/Components,true,true,0.837375
TTE,TotalEnergies SE Ordinary Shares,91.67,2.026,200011271573,2113842,France,Energy,Oil & Gas Production,false,false,0.836957
EG,Everest Group Ltd. Common Stock,372.36,0.377,14277300432,291406,Bermuda,Finance,Property-Casualty Insurers,false,true,0.836801
SU,Suncor Energy  Inc. Common Stock,67.98,1.554,79511421024,4523265,Canada,Energy,Integrated oil Companies,false,false,0.835877
PHM,PulteGroup Inc. Common Stock,118.71,-2.927,22252491023,1626985,United States,Consumer Discretionary,Homebuilding,true,true,0.835446
CRDO,Credo Technology Group Holding Ltd Ordinary Shares,193.87,0.68,36438238343,7813456,United States,Technology,Semiconductors,true,false,0.835419
EIX,Edison International Common Stock,53.51,-2.797,20591396016,3714441,United States,Utilities,Electric Utilities: Central,true,true,0.835299
IVZ,Invesco Ltd Common Stock,30.74,-0.357,13571703237,4318991,United States,Finance,Investment Managers,true,true,0.834960
AES,The AES Corporation Common Stock,14.81,-0.067,10566026110,10759284,United States,Industrials,Electric Utilities: Central,true,true,0.834940
ZBH,Zimmer Biomet Holdings Inc. Common Stock,90.88,-3.299,17334241176,2974407,United States,Health Care,Industrial Specialties,true,true,0.834815
NCLH,Norwegian Cruise Line Holdings Ltd. Ordinary Shares,14.18,-0.281,6511283656,23144965,United States,Consumer Discretionary,Marine Transportation,true,true,0.834798
DECK,Deckers Outdoor Corporation Common Stock,78.59,-1.553,10720794100,3218558,United States,Consumer Discretionary,Shoe Manufacturing,true,true,0.834577
SWK,Stanley Black & Decker Inc. Common Stock,91.76,-0.402,13857286978,1425853,United States,Consumer Discretionary,Industrial Machinery/Components,true,true,0.834563
FDS,FactSet Research Systems Inc. Common Stock,279.43,1.089,9938079680,434212,United States,Technology,Computer Software: Programming Data Processing,true,true,0.834204
EQNR,Equinor ASA,42.9,2.607,107261627187,3956175,Norway,Energy,Integrated oil Companies,false,false,0.833639
TXT,Textron Inc. Common Stock,76.81,-1.374,13210315095,2253268,United States,Industrials,Aerospace,true,true,0.832963
AMCR,Amcor plc Ordinary Shares,42.8,-1.018,19788395532,2647914,United Kingdom,Consumer Discretionary,Miscellaneous manufacturing industries,false,true,0.832834
SAP,SAP  SE ADS,210.62,-0.028,258747561344,1553047,Germany,Technology,Computer Software: Prepackaged Software,false,false,0.832174
TRMB,Trimble Inc. Common Stock,59.32,0.034,13832228583,1828091,United States,Industrials,Industrial Machinery/Components,true,true,0.832160
BP,BP p.l.c. Common Stock,44.49,3.225,116471723540,8705398,United Kingdom,Energy,Integrated oil Companies,false,false,0.831952
UDR,UDR Inc. Common Stock,33.79,-0.909,10855518061,5232510,United States,Real Estate,Real Estate Investment Trusts,true,true,0.831292
MKC,McCormick & Company Incorporated Common Stock,49.09,-0.668,13197922688,2696772,United States,Consumer Staples,Packaged Foods,true,true,0.830711
ONON,On Holding AG Class A Ordinary Shares,30.16,2.62,18199481071,17752407,,Consumer Discretionary,Shoe Manufacturing,false,false,0.830455
SNX,TD SYNNEX Corporation Common Stock,287.89,1.638,23019325113,2578954,United States,Technology,Retail: Computer Software & Peripheral Equipment,true,false,0.830194
BTI,British American Tobacco  Industries p.l.c. Common Stock ADR,55.85,0.179,120654629047,6030314,United Kingdom,Health Care,Medicinal Chemicals and Botanical Products,false,false,0.830022
OKTA,Okta Inc. Class A Common Stock,205.36,4.445,35901225774,5482083,United States,Technology,Computer Software: Prepackaged Software,true,false,0.829997
ALB,Albemarle Corporation Common Stock,113.47,-2.851,13390033818,2202540,United States,Industrials,Major Chemicals,true,true,0.829571
NTRA,Natera Inc. Common Stock,390.79,-0.028,56330100194,1690567,United States,Health Care,Medical Specialities,true,false,0.829047
J,Jacobs Solutions Inc. Common Stock,141.12,-1.397,16516488784,913241,United States,Industrials,Military/Government/Technical,true,true,0.828834
AIZ,Assurant Inc. Common Stock,266.97,-1.516,13167966076,603348,United States,Finance,Property-Casualty Insurers,true,true,0.828724
ALAB,Astera Labs Inc. Common Stock,360.46,-0.825,62534440588,3309552,United States,Technology,Semiconductors,true,false,0.828541
KIM,Kimco Realty Corporation (HC) Common Stock,22.21,-1.508,14898231974,6294843,United States,Real Estate,Real Estate Investment Trusts,true,true,0.828275
TRI,Thomson Reuters Corporation Common Shares,98.45,2.917,42648540000,2058996,United States,Consumer Discretionary,Publishing,true,false,0.828053
WY,Weyerhaeuser Company Common Stock,21.17,-1.718,15257981120,6679146,United States,Real Estate,Real Estate Investment Trusts,true,true,0.827832
MELI,MercadoLibre Inc. Common Stock,1799.24,-1.497,91215714030,702028,Argentina,Consumer Discretionary,Business Services,false,false,0.827598
LNG,Cheniere Energy Inc. Common Stock,273.61,0.238,56509810970,1785852,United States,Utilities,Oil/Gas Transmission,true,false,0.827381
AVY,Avery Dennison Corporation Common Stock,172.66,0.331,13085580598,541956,United States,Consumer Discretionary,Containers/Packaging,true,true,0.827355
GEN,Gen Digital Inc. Common Stock,26.23,-3.884,15700937849,10349908,United States,Technology,Computer Software: Prepackaged Software,true,true,0.826727
VG,Venture Global Inc. Class A common stock,13.27,2.789,33176232133,17497792,United States,Utilities,Oil/Gas Transmission,true,false,0.826076
SKHY,SK hynix Inc. American Depositary Shares,189.28,-3.117,1379596618400,13960660,South Korea,Technology,Semiconductors,false,false,0.825985
GPC,Genuine Parts Company Common Stock,128.76,-0.64,17750822440,691756,United States,Consumer Discretionary,Automotive Aftermarket,true,true,0.824340
DD,DuPont de Nemours Inc. Common Stock,130.88,-0.698,17674424568,686699,United States,Industrials,Major Chemicals,true,true,0.824330
TEAM,Atlassian Corporation Class A Common Stock,195.08,3.408,49382320030,2408354,Australia,Technology,Computer Software: Prepackaged Software,false,false,0.824123
HII,Huntington Ingalls Industries Inc. Common Stock,269.8,-0.424,10631360540,476644,United States,Industrials,Marine Transportation,true,true,0.823857
REG,Regency Centers Corporation Common Stock,72.73,-1.088,13318357383,1690248,United States,Real Estate,Real Estate Investment Trusts,true,true,0.823602
SNA,Snap-On Incorporated Common Stock,370.25,-0.417,19151967661,205519,United States,Consumer Discretionary,Industrial Machinery/Components,true,true,0.823515
NWSA,News Corporation Class A Common Stock,28.12,-3.863,15214400181,8755809,United States,Consumer Discretionary,Newspapers/Magazines,true,true,0.823068
DT,Dynatrace Inc. Common Stock,58.51,2.29,16909514509,8052860,United States,Technology,Computer Software: Prepackaged Software,true,false,0.822900
SBAC,SBA Communications Corporation Class A Common Stock,170.53,-3.02,18091205398,928046,United States,Real Estate,Real Estate Investment Trusts,true,true,0.822628
JKHY,Jack Henry & Associates Inc. Common Stock,148.33,-0.516,10399803145,860174,United States,Technology,EDP Services,true,true,0.821757
CSGP,CoStar Group Inc. Common Stock,28.26,-1.773,11450883837,5671025,United States,Finance,Real Estate,true,true,0.821100
BALL,Ball Corporation Common Stock,58.82,-1.918,15569851459,2091518,United States,Industrials,Containers/Packaging,true,true,0.820558
FOX,Fox Corporation Class B Common Stock,56.96,-0.628,24018529509,1146302,United States,Industrials,Broadcasting,true,true,0.820363
TRP,TC Energy Corporation Common Stock,60.2,0.703,60200000000,4376288,Canada,Utilities,Natural Gas Distribution,false,false,0.819435
MDB,MongoDB Inc. Class A Common Stock,428.36,0.157,34507114231,1193291,United States,Technology,Computer Software: Prepackaged Software,true,false,0.819366
DVA,DaVita Inc. Common Stock,183.14,-0.316,11684332000,544276,United States,Health Care,Misc Health and Biotechnology Services,true,true,0.819262
ENB,Enbridge Inc Common Stock,47.85,-0.104,104509598376,5440389,Canada,Energy,Natural Gas Distribution,false,false,0.818938
CNQ,Canadian Natural Resources Limited Common Stock,47.64,-0.272,98559537600,5879852,Canada,Energy,Oil & Gas Production,false,false,0.818232
PDD,PDD Holdings Inc. American Depositary Shares,79.2,-1.431,112732999790,5316879,China,Consumer Discretionary,Business Services,false,false,0.817821
GNRC,Generac Holdlings Inc. Common Stock,199.42,-3.274,11767048511,1117426,United States,Consumer Discretionary,Metal Fabrications,true,true,0.816842
SOLV,Solventum Corporation Common Stock,88.37,-0.428,15042670932,860085,United States,Health Care,Medical/Dental Instruments,true,true,0.816796
IONQ,IonQ Inc. Common Stock,42.54,4.418,16207838438,72555827,United States,Technology,EDP Services,true,false,0.816591
SHOP,Shopify Inc. Class A Subordinate Voting Shares,142.34,-3.655,184445741299,20896163,Canada,Technology,Computer Software: Prepackaged Software,false,false,0.816129
MAS,Masco Corporation Common Stock,68.16,-2.573,13440295229,2096292,United States,Industrials,Industrial Specialties,true,true,0.815278
NOK,Nokia Corporation Sponsored American Depositary Shares,10.63,-1.756,61040007968,69648943,Finland,Technology,Radio And Television Broadcasting And Communications Equipment,false,false,0.814680
PNW,Pinnacle West Capital Corporation Common Stock,92.05,-1.191,11156205390,1213287,United States,Utilities,Electric Utilities: Central,true,true,0.812840
NVO,Novo Nordisk A/S Common Stock,38.17,-3.122,169014107948,18439056,Denmark,Health Care,Biotechnology: Pharmaceutical Preparations,false,false,0.812248
GL,Globe Life Inc. Common Stock,168.75,-0.401,12968344181,454650,United States,Finance,Life Insurance,true,true,0.812114
RACE,Ferrari N.V. Common Shares,413.05,-0.065,96630789769,505064,Italy,Industrials,Auto Manufacturing,false,false,0.811687
CVE,Cenovus Energy Inc Common Stock,31.08,-0.766,58275000000,11430103,Canada,Energy,Oil & Gas Production,false,false,0.811388
ZM,Zoom Communications Inc. Class A Common Stock,91.9,1.045,26814923041,3087310,United States,Technology,Computer Software: Programming Data Processing,true,false,0.810859
MSTR,Strategy Inc Common Stock Class A,162.2,-3.066,62321416812,21238331,United States,Technology,Computer Software: Prepackaged Software,true,false,0.810588
CPT,Camden Property Trust Common Stock,97.68,-1.641,9820683708,1369606,United States,Real Estate,Real Estate Investment Trusts,true,true,0.810570
PNR,Pentair plc. Ordinary Share,55.25,-0.433,8819996738,1962603,Switzerland,Industrials,Industrial Machinery/Components,false,true,0.810219
ALGN,Align Technology Inc. Common Stock,148.17,-3.34,10525974871,1327237,United States,Health Care,Industrial Specialties,true,true,0.808954
BBY,Best Buy Co. Inc. Common Stock,90.8,-4.24,19043274978,4865996,United States,Consumer Discretionary,Consumer Electronics/Video Chains,true,true,0.808469
RKLB,Rocket Lab Corporation Common Stock,70.31,-2.32,44137787249,19258731,United States,Industrials,Military/Government/Technical,true,false,0.808283
VIK,Viking Holdings Ltd Ordinary Shares,80.3,-0.889,35796618932,5827697,United States,Consumer Discretionary,Marine Transportation,true,false,0.807852
WCN,Waste Connections Inc. Common Shares,155.41,-0.006,39664521601,1831964,Canada,Utilities,Environmental Services,false,false,0.807160
MKSI,MKS Inc. Common Stock,262.72,0.903,17764484838,1534325,United States,Industrials,Industrial Machinery/Components,true,false,0.806998
MDLN,Medline Inc. Class A Common Stock,34.3,-0.378,45094466976,8592899,United States,Health Care,Medical/Dental Instruments,true,false,0.806960
PODD,Insulet Corporation Common Stock,136.49,-2.073,9466154622,1021552,United States,Health Care,Medical/Dental Instruments,true,true,0.806438
RBLX,Roblox Corporation Class A Common Stock,48.99,-1.765,34997277350,16931996,United States,Technology,Computer Software: Prepackaged Software,true,false,0.805900
AZN,AstraZeneca PLC Ordinary Shares,163.33,-2.993,253280056184,2361346,United Kingdom,Health Care,Biotechnology: Pharmaceutical Preparations,false,false,0.805890
IBN,ICICI Bank Limited Common Stock,27.91,-0.464,99919370914,6837275,India,Finance,Commercial Banks,false,false,0.805868
FSLR,First Solar Inc. Common Stock,191.97,-4.388,20630975202,2118588,United States,Technology,Semiconductors,true,true,0.805857
ABNB,Airbnb Inc. Class A Common Stock,149.58,-7.558,89566362314,13684341,United States,Consumer Discretionary,Diversified Commercial Services,true,true,0.805648
RY,Royal Bank Of Canada Common Stock,199.45,-2.149,276124523411,1295782,Canada,Finance,Commercial Banks,false,false,0.805453
RVMD,Revolution Medicines Inc. Common Stock,190.74,-1.099,40882528369,2125136,United States,Health Care,Biotechnology: Biological Products (No Diagnostic Substances),true,false,0.805055
STM,STMicroelectronics N.V. Common Stock,52.46,-1.779,46822921559,9489353,Switzerland,Technology,Semiconductors,false,false,0.805040
HEI,Heico Corporation Common Stock,310.57,0.91,43404457271,577809,United States,Industrials,Aerospace,true,false,0.804744
WYNN,Wynn Resorts Limited Common stock,81.45,-1.285,8387223422,1536120,United States,Consumer Discretionary,Hotels/Resorts,true,true,0.804650
CLX,Clorox Company (The) Common Stock,83.94,-3.683,10150948560,2281296,United States,Consumer Discretionary,Specialty Chemicals,true,true,0.804208
PR,Permian Resources Corporation Class A Common Stock,21.68,1.832,18158236389,11247170,United States,Energy,Oil & Gas Production,true,false,0.804153
RBRK,Rubrik Inc. Class A Common Stock,115.57,3.307,23958173322,2954544,United States,Technology,Computer Software: Prepackaged Software,true,false,0.803493
ARGX,argenx SE American Depositary Shares,945.82,-1.865,58700320728,426736,Netherlands,Health Care,Biotechnology: Biological Products (No Diagnostic Substances),false,false,0.803337
TLN,Talen Energy Corporation Common Stock,300.34,1.969,14390568548,924776,United States,Utilities,Electric Utilities: Central,true,false,0.803068
SE,Sea Limited American Depositary Shares each representing one Class A Ordinary Share,103.29,-0.367,63263526277,2007790,United States,Consumer Discretionary,Other Consumer Services,true,false,0.802534
MOS,Mosaic Company (The) Common Stock,24.37,-1.456,7747116893,5306847,United States,Industrials,Agricultural Chemicals,true,true,0.801579
BHP,BHP Group Limited American Depositary Shares (Each representing two Ordinary Shares),84.95,-3.279,215950647865,4111551,Australia,Energy,Coal Mining,false,false,0.800245
XPO,XPO Inc. Common Stock,179.92,1.266,21066196783,1250524,United States,Consumer Discretionary,Transportation Services,true,false,0.800038
DINO,HF Sinclair Corporation Common Stock,106.14,-0.516,18869977733,4850773,United States,Energy,Natural Gas Distribution,true,false,0.799665
CP,Canadian Pacific Kansas City Limited Common Shares,88.28,0.33,78769056827,1564986,Canada,Industrials,Railroads,false,false,0.799405
CNI,Canadian National Railway Company Common Stock,119.49,-0.025,72183909000,1329874,Canada,Industrials,Railroads,false,false,0.799158
GRAB,Grab Holdings Limited Class A Ordinary Shares,3.2,0.946,13121541706,131466386,Singapore,Consumer Discretionary,Business Services,false,false,0.798952
FRT,Federal Realty Investment Trust Common Stock,109.39,-0.969,9504802259,765571,United States,Real Estate,Real Estate Investment Trusts,true,true,0.798497
RIO,Rio Tinto Plc Common Stock,95.25,-2.298,119637675126,2716948,Australia,Basic Materials,Metal Mining,false,false,0.798486
IOT,Samsara Inc. Class A Common Stock,39.08,2.143,22885451568,3770614,United States,Technology,EDP Services,true,false,0.797891
VALE,VALE S.A.  American Depositary Shares Each Representing one common share,13.82,-2.607,59004688358,30982744,Brazil,Basic Materials,Metal Mining,false,false,0.797525
CHKP,Check Point Software Technologies Ltd. Ordinary Shares,141.16,2.939,14412525495,1166407,Israel,Technology,Computer Software: Prepackaged Software,false,false,0.797349
HDB,HDFC Bank Limited Common Stock,22.79,-2.648,116938288065,12542508,India,Finance,Commercial Banks,false,false,0.797130
HSBC,HSBC Holdings plc. Common Stock,100.25,-1.319,344192170289,1463403,United Kingdom,Finance,Savings Institutions,false,false,0.796827
NVT,nVent Electric plc Ordinary Shares,162.85,0.123,26358565366,1504183,United Kingdom,Industrials,Industrial Machinery/Components,false,false,0.796563
HRL,Hormel Foods Corporation Common Stock,19.92,-2.017,10962987936,4589939,United States,Consumer Staples,Meat/Poultry/Fish,true,true,0.796527
VICR,Vicor Corporation Common Stock,283.16,5.523,13055582233,1624259,United States,Technology,Industrial Machinery/Components,true,false,0.796427
NU,Nu Holdings Ltd. Class A Ordinary Shares,13.62,-3.814,66134274868,62880674,Cayman Islands,Finance,Finance: Consumer Services,false,false,0.796259
SCCO,Southern Copper Corporation Common Stock,201.94,-2.037,168484944710,998222,United States,Basic Materials,Metal Mining,true,false,0.796005
INFY,Infosys Limited American Depositary Shares,10.75,-0.093,43605870978,17357680,India,Technology,EDP Services,false,false,0.795928
MGM,MGM Resorts International Common Stock,37.85,-2.699,9777530963,3223312,United States,Consumer Discretionary,Hotels/Resorts,true,true,0.795702
ENTG,Entegris Inc. Common Stock,150.93,-0.119,23062104000,1897773,United States,Industrials,Plastic Products,true,false,0.795489
CBRS,Cerebras Systems Inc. Class A Common Stock,205.24,-3.376,48757643775,3837205,United States,Technology,Semiconductors,true,false,0.795406
SANM,Sanmina Corporation Common Stock,221.89,2.836,11892717323,884971,United States,Technology,Electrical Products,true,false,0.794902
BN,Brookfield Corporation Class A Limited Voting Shares,37.09,-2.008,90898305075,6167909,Canada,Real Estate,Building operators,false,false,0.794057
ONC,BeOne Medicines Ltd. American Depositary Shares,365,-0.837,41501185105,631812,Cayman Islands,Health Care,Biotechnology: Pharmaceutical Preparations,false,false,0.793744
B,Barrick Mining Corporation Common Shares,42.49,-3.168,69933628963,9356839,Canada,Basic Materials,Precious Metals,false,false,0.792496
TEVA,Teva Pharmaceutical Industries Limited Ordinary Shares,39.01,-1.29,45458200237,6138749,Israel,Health Care,Biotechnology: Pharmaceutical Preparations,false,false,0.791932
TOST,Toast Inc. Class A Common Stock,29.81,0.54,17230180000,8572029,United States,Technology,EDP Services,true,false,0.791286
AEM,Agnico Eagle Mines Limited Common Stock,195.57,-3.92,99263704379,2103139,Canada,Basic Materials,Precious Metals,false,false,0.790933
FWONK,Liberty Media Corporation Series C Common Stock,93.25,-1.448,23378566226,4317085,United States,Industrials,Broadcasting,true,false,0.790510
ITT,ITT Inc. Common Stock,211.94,1.587,18947436000,747066,United States,Industrials,Fluid Controls,true,false,0.790112
TD,Toronto Dominion Bank (The) Common Stock,119.41,-2.642,195640985770,1609219,Canada,Finance,Commercial Banks,false,false,0.790082
ALNY,Alnylam Pharmaceuticals Inc. Common Stock,246.51,-2.043,32985285678,1481716,United States,Health Care,Biotechnology: Pharmaceutical Preparations,true,false,0.789276
FTI,TechnipFMC plc Ordinary Share,71.24,0.593,27937791001,2202712,,Consumer Discretionary,Oil and Gas Field Machinery,false,false,0.789169
CNH,CNH Industrial N.V. Common Shares,13.75,0.585,17018731923,17129830,United Kingdom,Industrials,Construction/Ag Equipment/Trucks,false,false,0.789108
BURL,Burlington Stores Inc. Common Stock,257.33,0.187,16164234129,1099156,United States,Consumer Discretionary,Department/Specialty Retail Stores,true,false,0.789068
USFD,US Foods Holding Corp. Common Stock,93.93,-0.287,20319944811,2832204,United States,Consumer Discretionary,Food Distributors,true,false,0.788736
GH,Guardant Health Inc. Common Stock,176.31,-0.48,23660126733,1432437,United States,Health Care,Medical Specialities,true,false,0.788726
ASX,ASE Technology Holding Co. Ltd. American Depositary Shares (each representing Two Common Shares),43.93,-2.81,97827663889,5533853,Taiwan,Technology,Semiconductors,false,false,0.788642
OVV,Ovintiv Inc. (DE),59.73,1.547,16885671000,2815990,Canada,Energy,Oil & Gas Production,false,false,0.788313
UL,Unilever PLC American Depositary Shares (each representing One Ordinary Share),62.16,-1.224,133912987703,2081619,United Kingdom,Consumer Discretionary,Package Goods/Cosmetics,false,false,0.788067
BUD,Anheuser-Busch Inbev SA Sponsored ADR (Belgium),77.06,-1.458,151972573141,1724476,Belgium,Consumer Staples,Beverages (Production/Distribution),false,false,0.787673
SPCX,Space Exploration Technologies Corp. Class A Common Stock,148.36,-4.111,2013663816285,60642045,United States,Technology,Computer Software: Programming Data Processing,true,false,0.787625
CRCL,Circle Internet Group Inc. Class A Common Stock,91.72,-3.034,23285495805,10946181,United States,Finance,Finance: Consumer Services,true,false,0.786743
CRS,Carpenter Technology Corporation Common Stock,395.03,-1.247,19577120327,951456,United States,Industrials,Steel/Iron Ore,true,false,0.786660
HSIC,Henry Schein Inc. Common Stock,85.05,-2.722,9478528397,1119686,United States,Health Care,Medical Specialities,true,true,0.786444
INIO,INNIO N.V. Ordinary Shares,19.99,2.46,14992500000,6603407,Germany,Consumer Discretionary,Metal Fabrications,false,false,0.786313
TCOM,Trip.com Group Limited American Depositary Shares,40.63,-0.539,25584923170,5373574,China,Consumer Discretionary,Business Services,false,false,0.785883
GME,GameStop Corporation Common Stock,24.2,0.707,12208923958,11846551,United States,Consumer Discretionary,Electronics Distribution,true,false,0.785387
HUBS,HubSpot Inc. Common Stock,226.03,3.741,11271257412,1746274,United States,Technology,Computer Software: Prepackaged Software,true,false,0.784891
LPLA,LPL Financial Holdings Inc. Common Stock,302.47,-1.636,23817180456,1106504,United States,Finance,Investment Bankers/Brokers/Service,true,false,0.784821
SNY,Sanofi ADS,41.66,-2,101602665639,3837645,France,Health Care,Biotechnology: Pharmaceutical Preparations,false,false,0.784787
RIVN,Rivian Automotive Inc. Class A Common Stock,15.02,-0.793,21746866663,17152754,United States,Industrials,Auto Manufacturing,true,false,0.784475
EXPE,Expedia Group Inc. Common Stock,259.04,-7.716,29659015605,5104311,United States,Consumer Discretionary,Transportation Services,true,true,0.784005
TW,Tradeweb Markets Inc. Class A Common Stock,100.23,0.491,23456652700,1562117,United States,Finance,Investment Bankers/Brokers/Service,true,false,0.783902
TEM,Tempus AI Inc. Class A Common Stock,76.59,-0.777,13905385911,5375416,United States,Technology,Computer Software: Programming Data Processing,true,false,0.783829
QSR,Restaurant Brands International Inc. Common Shares,71.66,-0.348,32570107272,2292253,Canada,Consumer Discretionary,Restaurants,false,false,0.783515
CLF,Cleveland-Cliffs Inc. Common Stock,12.87,2.713,7342850405,20088629,United States,Basic Materials,Metal Mining,true,false,0.783482
ROKU,Roku Inc. Class A Common Stock,153.49,-0.493,22780827552,1388509,United States,Telecommunications,Cable & Other Pay Television Services,true,false,0.783126
IREN,IREN Limited Ordinary Shares,47.05,-3.09,18540459388,32400551,Australia,Finance,Finance: Consumer Services,false,false,0.783068
GSK,GSK plc American Depositary Shares (Each representing two Ordinary Shares),49.71,-1.991,100548696519,3040865,United Kingdom,Health Care,Biotechnology: Pharmaceutical Preparations,false,false,0.782827
AOS,A.O. Smith Corporation Common Stock,57.74,-0.722,7847361005,1097893,United States,Consumer Discretionary,Consumer Electronics/Appliances,true,true,0.782366
UNM,Unum Group Common Stock,94.46,1.222,14953660139,1791752,United States,Finance,Accident &Health Insurance,true,false,0.782207
MTSI,MACOM Technology Solutions Holdings Inc. Common Stock,275.84,-1.377,21066157607,1114204,United States,Technology,Semiconductors,true,false,0.782144
FPS,Forgent Power Solutions Inc. Class A Common Stock,39.88,3.531,12140624093,7950328,United States,Energy,Industrial Machinery/Components,true,false,0.781865
ATI,ATI Inc. Common Stock,184.18,-1.276,25079861141,1354826,United States,Industrials,Steel/Iron Ore,true,false,0.781797
BNS,Bank Nova Scotia Halifax Pfd 3 Ordinary Shares,92.25,-1.924,113171133960,1491947,Canada,Finance,Major Banks,false,false,0.781731
HLN,Haleon plc American Depositary Shares (Each representing two Ordinary Shares),9.11,-1.514,40068279711,21338720,United Kingdom,Consumer Discretionary,Package Goods/Cosmetics,false,false,0.781640
NTR,Nutrien Ltd. Common Shares,75.13,-0.398,36209822565,1902475,Canada,Industrials,Agricultural Chemicals,false,false,0.780845
BXP,BXP Inc. Common Stock,62.36,-3.032,9956494632,1379810,United States,Real Estate,Real Estate Investment Trusts,true,true,0.780447
EAT,Brinker International Inc. Common Stock,210.8,1.929,8804064108,1139147,United States,Consumer Discretionary,Restaurants,true,false,0.779582
AVT,Avnet Inc. Common Stock,101.15,2.952,8301681826,1765290,United States,Technology,Electronic Components,true,false,0.779301
SOFI,SoFi Technologies Inc. Common Stock,16.55,-3.555,21375488862,57005966,United States,Finance,Finance: Consumer Services,true,false,0.778872
SN,SharkNinja Inc. Ordinary Shares,168.49,-0.308,23735447796,1003826,United States,Consumer Discretionary,Consumer Electronics/Appliances,true,false,0.778787
WWD,Woodward Inc. Common Stock,326.23,0.028,19262517859,536962,United States,Energy,Industrial Machinery/Components,true,false,0.778432
TSEM,Tower Semiconductor Ltd. Ordinary Shares,230.5,-2.582,26053645500,1472832,Israel,Technology,Semiconductors,false,false,0.778232
DOCU,DocuSign Inc. Common Stock,69.49,4.089,12987851389,3403145,United States,Technology,Computer Software: Prepackaged Software,true,false,0.777332
WCC,WESCO International Inc. Common Stock,365.85,1.041,17828914636,364545,United States,Consumer Discretionary,Telecommunications Equipment,true,false,0.777098
AEIS,Advanced Energy Industries Inc. Common Stock,279.43,2.194,11191295008,524662,United States,Technology,Industrial Machinery/Components,true,false,0.776767
UBS,UBS Group AG Registered Ordinary Shares,47.74,-2.948,148157999265,3078341,Switzerland,Finance,Major Banks,false,false,0.776211
PAYX,Paychex Inc. Common Stock,104.49,-8.766,37196399624,8221326,United States,Industrials,Diversified Commercial Services,true,true,0.776061
ARE,Alexandria Real Estate Equities Inc. Common Stock,51.86,-3.695,9036478980,1937860,United States,Real Estate,Real Estate Investment Trusts,true,true,0.775938
RBC,RBC Bearings Incorporated Common Stock,500.26,0.076,15837853904,372976,United States,Industrials,Metal Fabrications,true,false,0.775692
SAN,Banco Santander S.A. Sponsored ADR (Spain),14.2,-2.001,205540859777,7438253,Spain,Finance,Commercial Banks,false,false,0.775413
KMX,CarMax Inc,57.46,1.091,8154211576,5340649,United States,Consumer Discretionary,Retail-Auto Dealers and Gas Stations,true,false,0.775247
VKTX,Viking Therapeutics Inc. Common Stock,41.65,1.958,4858594826,15732171,United States,Health Care,Biotechnology: Pharmaceutical Preparations,true,false,0.775029
EPD,Enterprise Products Partners L.P. Common Stock,37.57,-1.158,81131557239,2818862,United States,Utilities,Natural Gas Distribution,true,false,0.774995
PINS,Pinterest Inc. Class A Common Stock,18.45,0.326,10448475348,14749395,United States,Technology,Computer Software: Programming Data Processing,true,false,0.774784
SMTC,Semtech Corporation Common Stock,169.33,-2.868,15802828251,3812804,United States,Technology,Semiconductors,true,false,0.774225
CCEP,Coca-Cola Europacific Partners plc Ordinary Shares,99.69,-2.561,45257508746,1999107,United Kingdom,Consumer Staples,Beverages (Production/Distribution),false,false,0.774113
IMO,Imperial Oil Limited Common Stock,124.75,0.378,60328226750,607232,Canada,Energy,Integrated oil Companies,false,false,0.773808
FNV,Franco-Nevada Corporation,260.91,-2.354,50322705767,662015,Canada,Basic Materials,Precious Metals,false,false,0.773532
FROG,JFrog Ltd. Ordinary Shares,92.33,2.646,11384410045,1242723,United States,Technology,Computer Software: Prepackaged Software,true,false,0.773043
JD,JD.com Inc. American Depositary Shares,27.16,-0.804,36503040000,4729254,China,Consumer Discretionary,Other Specialty Stores,false,false,0.772594
NTNX,Nutanix Inc. Class A Common Stock,69.68,0.621,18853330073,1839590,United States,Technology,Computer Software: Prepackaged Software,true,false,0.772279
RPRX,Royalty Pharma plc Class A Ordinary Shares,57.65,-1.487,33148819411,2804462,United States,Health Care,Biotechnology: Pharmaceutical Preparations,true,false,0.772219
INSM,Insmed Incorporated Common Stock,118.34,-2.053,25843267065,1921656,United States,Health Care,Biotechnology: Pharmaceutical Preparations,true,false,0.772160
SUNB,Sunbelt Rentals Holdings Inc. Common Stock,73.78,-2.498,30232454101,3207366,,Consumer Discretionary,Diversified Commercial Services,false,false,0.771968
AER,AerCap Holdings N.V. Ordinary Shares,144.76,0.374,22355296209,831011,Netherlands,Consumer Discretionary,Diversified Commercial Services,false,false,0.771579
KNX,Knight-Swift Transportation Holdings Inc.,67.17,0.119,10932320520,3671235,United States,Industrials,Trucking Freight/Courier Services,true,false,0.771211
ESTC,Elastic N.V. Ordinary Shares,91.28,2.309,9583604038,1521232,United States,Technology,Computer Software: Prepackaged Software,true,false,0.770535
NBIS,Nebius Group N.V. Class A Ordinary Shares,226.61,-4.028,61605110951,11013415,Netherlands,Technology,Computer Software: Programming Data Processing,false,false,0.770410
FN,Fabrinet Ordinary Shares,400.85,-0.731,14364405234,567160,Cayman Islands,Utilities,Telecommunications Equipment,false,false,0.770137
SSNC,SS&C Technologies Holdings Inc. Common Stock,79.72,0.58,18706696281,1535025,United States,Technology,Computer Software: Prepackaged Software,true,false,0.769879
FTAI,FTAI Aviation Ltd. Common Stock,186.01,-1.966,19104545997,1388603,United States,Industrials,Misc Corporate Leasing Services,true,false,0.769570
BABA,Alibaba Group Holding Limited American Depositary Shares each representing eight Ordinary share,110.8,-4.737,268411450794,12223770,China,Consumer Discretionary,Business Services,false,false,0.768909
ING,ING Group N.V. Common Stock,35.92,-1.346,104255561753,2374964,Netherlands,Finance,Commercial Banks,false,false,0.768467
JHX,James Hardie Industries plc. Ordinary Shares,26.85,-1.792,15587028803,10560229,Ireland,Industrials,Building Materials,false,false,0.768461
ROIV,Roivant Sciences Ltd. Common Shares,36.82,-3.663,26595933412,9272054,United Kingdom,Health Care,Biotechnology: Pharmaceutical Preparations,false,false,0.768221
BIDU,Baidu Inc. ADS,89.78,-2.867,30547883725,2548148,China,Technology,Computer Software: Programming Data Processing,false,false,0.767712
AHR,American Healthcare REIT Inc. Common Stock,51.7,0.019,12055674840,3870926,United States,Real Estate,Real Estate Investment Trusts,true,false,0.767583
RIOT,Riot Platforms Inc. Common Stock,24.69,-0.963,9265143105,16808412,United States,Finance,Finance: Consumer Services,true,false,0.767382
TECK,Teck Resources Ltd Ordinary Shares,66.8,-3.02,32701461044,3475190,Canada,Industrials,Mining & Quarrying of Nonmetallic Minerals (No Fuels),false,false,0.767382
AR,Antero Resources Corporation Common Stock,35.65,3.574,10960200350,5586124,United States,Energy,Oil & Gas Production,true,false,0.765887
CLH,Clean Harbors Inc. Common Stock,313.15,0.096,16530326711,429981,United States,Industrials,Environmental Services,true,false,0.765616
AAL,American Airlines Group Inc. Common Stock,13.35,-1.91,8837298846,64861806,United States,Consumer Discretionary,Air Freight/Delivery Services,true,false,0.765616
EQH,Equitable Holdings Inc. Common Stock,52.27,0.134,14271547656,2798745,United States,Finance,Specialty Insurers,true,false,0.764946
ONTO,Onto Innovation Inc. Common Stock,282.31,-0.529,13854150671,642950,United States,Industrials,Industrial Machinery/Components,true,false,0.764761
YPF,YPF Sociedad Anonima American Depositary Shares,53.93,1.087,21211358926,1554204,Argentina,Energy,Integrated oil Companies,false,false,0.764291
MTZ,MasTec Inc. Common Stock,217.52,-1.881,17467932289,1051717,United States,Industrials,Water Sewer Pipeline Comm & Power Line Construction,true,false,0.764283
DKS,Dick's Sporting Goods Inc Common Stock,132.36,-1.18,11770318952,2097927,United States,Consumer Discretionary,Other Specialty Stores,true,false,0.764159
BEKE,KE Holdings Inc American Depositary Shares (each representing three Class A Ordinary Shares),16.59,1.282,18744044173,5231307,China,Finance,Real Estate,false,false,0.764093
FCNCA,First Citizens BancShares Inc. Class A Common Stock,2039.32,-1.387,23030285478,75203,United States,Finance,Major Banks,true,false,0.763877
BSY,Bentley Systems Incorporated Class B Common Stock,32.72,2.699,9884479328,3108481,United States,Technology,Computer Software: Prepackaged Software,true,false,0.763852
GWRE,Guidewire Software Inc. Common Stock,152.89,1.615,12535859163,703276,United States,Technology,Computer Software: Prepackaged Software,true,false,0.763805
ARW,Arrow Electronics Inc. Common Stock,226.82,2.249,11546368045,429268,United States,Technology,Electronic Components,true,false,0.763798
FIG,Figma Inc. Class A Common Stock,21.76,-0.183,11598294706,8946506,United States,Technology,Computer Software: Prepackaged Software,true,false,0.763771
BMO,Bank Of Montreal Common Stock,170.37,-2.283,118422864418,538951,Canada,Finance,Commercial Banks,false,false,0.763517
VIAV,Viavi Solutions Inc. Common Stock,36.43,0.082,8989096234,6833709,United States,Technology,Semiconductors,true,false,0.763197
MUFG,Mitsubishi UFJ Financial Group Inc. Common Stock,22.82,-1.169,270821163194,2529377,Japan,Finance,Commercial Banks,false,false,0.762601
AUR,Aurora Innovation Inc. Class A Common Stock,6.32,-2.167,12666261294,54305208,United States,Technology,EDP Services,true,false,0.762457
TXRH,Texas Roadhouse Inc. Common Stock,164.84,-0.771,10820250242,1511884,United States,Consumer Discretionary,Restaurants,true,false,0.762288
BCS,Barclays PLC Common Stock,24.29,-2.723,81620920529,4668177,United Kingdom,Finance,Commercial Banks,false,false,0.762030
RELX,RELX PLC PLC American Depositary Shares (Each representing One Ordinary Share),33.22,0.728,58053958548,1601071,United Kingdom,Consumer Discretionary,Business Services,false,false,0.761893
LTH,Life Time Group Holdings Inc. Common Stock,39.67,3.875,8864735477,5755496,United States,Consumer Discretionary,Hotels/Resorts,true,false,0.761842
RMBS,Rambus Inc. Common Stock,103.47,-1.682,11222522062,3070701,United States,Technology,Semiconductors,true,false,0.760957
WSO,Watsco Inc. Common Stock,325.37,-0.065,13422226362,450120,United States,Consumer Discretionary,Industrial Machinery/Components,true,false,0.760928
WPC,W. P. Carey Inc. REIT,66.49,-0.598,15147544285,2263815,United States,Real Estate,Real Estate Investment Trusts,true,false,0.760862
CZR,Caesars Entertainment Inc. Common Stock,29.61,-0.034,6032160215,15355412,United States,Consumer Discretionary,Hotels/Resorts,true,false,0.760698
S,SentinelOne Inc. Class A Common Stock,24.1,1.048,8387983720,7333354,United States,Technology,Computer Software: Prepackaged Software,true,false,0.760474
DTM,DT Midstream Inc. Common Stock,125.83,0.696,12836584696,987650,United States,Utilities,Natural Gas Distribution,true,false,0.760400
FIVE,Five Below Inc. Common Stock,227.41,-2.097,12519838099,1393281,United States,Consumer Discretionary,Department/Specialty Retail Stores,true,false,0.760327
FRO,Frontline Plc Ordinary Shares,47.56,-0.751,10587944601,5028689,Bermuda,Consumer Discretionary,Marine Transportation,false,false,0.760213
HL,Hecla Mining Company Common Stock,18.27,-3.994,12273209234,68898292,United States,Industrials,Mining & Quarrying of Nonmetallic Minerals (No Fuels),true,false,0.760124
NWS,News Corporation Class B Common Stock,31.22,-3.582,16891663358,1247049,United States,Consumer Discretionary,Newspapers/Magazines,true,true,0.760053
QRVO,Qorvo Inc. Common Stock,119.59,0.971,10550425090,1129397,United States,Technology,Semiconductors,true,false,0.759772
TPL,Texas Pacific Land Corporation Common Stock,335.74,-5.489,23157560070,433968,United States,Energy,Oil & Gas Production,true,true,0.759696
NBIX,Neurocrine Biosciences Inc. Common Stock,139.49,-1.94,14179044258,1749629,United States,Health Care,Biotechnology: Biological Products (No Diagnostic Substances),true,false,0.759682
FORM,FormFactor Inc. FormFactor Inc. Common Stock,131.26,4.166,10254126364,1274609,United States,Technology,Semiconductors,true,false,0.759365
TKR,Timken Company (The) Common Stock,117.64,1.835,8152080140,1193838,United States,Industrials,Metal Fabrications,true,false,0.759358
SAIL,SailPoint Inc. Common Stock,21.41,0.187,12223218063,6750772,United States,Technology,Computer Software: Prepackaged Software,true,false,0.759351
AGNC,AGNC Investment Corp. Common Stock,9.91,-1.784,11748121140,29238452,United States,Real Estate,Real Estate Investment Trusts,true,false,0.759322
NLY,Annaly Capital Management Inc. Common Stock,21.04,-1.866,15858151860,9846959,United States,Real Estate,Real Estate Investment Trusts,true,false,0.759274
RNR,RenaissanceRe Holdings Ltd. Common Stock,328.8,0.89,13662262418,323216,Bermuda,Finance,Property-Casualty Insurers,false,false,0.759236
STRL,Sterling Infrastructure Inc. Common Stock,512,-0.885,15661321216,297203,United States,Industrials,Military/Government/Technical,true,false,0.759187
TM,Toyota Motor Corporation Common Stock,190.36,-0.885,248113928981,266857,Japan,Industrials,Auto Manufacturing,false,false,0.759026
CRBG,Corebridge Financial Inc. Common Stock,33.89,0.148,15107230771,3485945,United States,Finance,Life Insurance,true,false,0.758758
BAM,Brookfield Asset Management Inc Class A Limited Voting Shares,45.26,-1.63,72290947435,1786513,,Real Estate,Building operators,false,false,0.758133
HALO,Halozyme Therapeutics Inc. Common Stock,112.44,-2.336,12761715120,2702970,United States,Health Care,Biotechnology: Biological Products (No Diagnostic Substances),true,false,0.757986
MANH,Manhattan Associates Inc. Common Stock,210.37,1.584,12265616960,444943,United States,Technology,Computer Software: Prepackaged Software,true,false,0.757587
CM,Canadian Imperial Bank of Commerce Common Stock,111.45,-2.884,101191711580,855707,Canada,Finance,Commercial Banks,false,false,0.757585
DAR,Darling Ingredients Inc. Common Stock,61.36,-0.438,9682786926,3533000,United States,Consumer Staples,Packaged Foods,true,false,0.757547
CPNG,Coupang Inc. Class A Common Stock,14.28,-2.259,25668467105,10614091,United States,Consumer Discretionary,Catalog/Specialty Distribution,true,false,0.757470
DOCN,DigitalOcean Holdings Inc. Common Stock,141.21,-3.281,16603408256,2207877,United States,Technology,Computer Software: Programming Data Processing,true,false,0.757409
ESI,Element Solutions Inc. Common Stock,35.47,0.796,8643716720,4752551,United States,Industrials,Major Chemicals,true,false,0.757313
PATH,UiPath Inc. Class A Common Stock,13.04,-1.585,6795866533,54338090,United States,Technology,Computer Software: Prepackaged Software,true,false,0.757297
NTES,NetEase Inc. American Depositary Shares,117.02,-1.465,74673750847,618752,China,Technology,Computer Software: Prepackaged Software,false,false,0.756750
LSCC,Lattice Semiconductor Corporation Common Stock,121.66,-0.71,17279402892,1054691,United States,Technology,Semiconductors,true,false,0.756739
BJ,BJ's Wholesale Club Holdings Inc. Common Stock,89.98,-1.088,11365795986,2370668,United States,Consumer Discretionary,Department/Specialty Retail Stores,true,false,0.756726
DBX,Dropbox Inc. Class A Common Stock,34.22,0.944,7723771733,5116093,United States,Technology,Computer Software: Prepackaged Software,true,false,0.756083
KGC,Kinross Gold Corporation Common Stock,27.62,-3.763,32981042000,7256463,Canada,Basic Materials,Precious Metals,false,false,0.756076
GGG,Graco Inc. Common Stock,78.37,0.94,12692321187,1333405,United States,Industrials,Fluid Controls,true,false,0.755998
THC,Tenet Healthcare Corporation Common Stock,256.44,-2.145,20648292360,632375,United States,Health Care,Hospital/Nursing Management,true,false,0.755776
SONY,Sony Group Corporation American Depositary Shares,23.2,-0.939,136788419253,2209073,Japan,Consumer Staples,Consumer Electronics/Appliances,false,false,0.755364
FLS,Flowserve Corporation Common Stock,77.18,1.566,9810564360,1426536,United States,Industrials,Fluid Controls,true,false,0.755244
TS,Tenaris S.A. American Depositary Shares,55.77,0.632,29527444960,1099534,Luxembourg,Industrials,Steel/Iron Ore,false,false,0.755119
PEN,Penumbra Inc. Common Stock,319.44,0.016,12582556964,410649,United States,Health Care,Medical/Dental Instruments,true,false,0.755092
LECO,Lincoln Electric Holdings Inc. Common Shares,265.4,0.916,14465827908,338158,United States,Industrials,Industrial Machinery/Components,true,false,0.755012
MFC,Manulife Financial Corporation Common Stock,43.6,-1.29,72763626410,1536517,Canada,Finance,Life Insurance,false,false,0.754658
GFL,GFL Environmental Inc. Subordinate voting shares no par value,41.9,-1.039,18816467042,2943457,Canada,Utilities,Environmental Services,false,false,0.754397
GTLB,GitLab Inc. Class A Common Stock,49.01,0.389,8165066000,3743055,United States,Technology,Computer Software: Prepackaged Software,true,false,0.754158
MKL,Markel Group Inc. Common Stock,1741.87,-1.219,21581696141,67096,United States,Finance,Property-Casualty Insurers,true,false,0.754074
RRX,Regal Rexnord Corporation Common Stock,152.42,-0.151,10149932368,1075488,United States,Industrials,Industrial Machinery/Components,true,false,0.754044
LYG,Lloyds Banking Group Plc American Depositary Shares,5.64,-2.422,83590518475,14789934,United Kingdom,Finance,Commercial Banks,false,false,0.753973
NGG,National Grid Transco PLC National Grid PLC (NEW) American Depositary Shares,75.25,-2.095,79009965430,1022223,United Kingdom,Utilities,Natural Gas Distribution,false,false,0.753363
CACI,CACI International Inc. Class A Common Stock,616.68,0.564,13628379478,158342,United States,Technology,EDP Services,true,false,0.753351
MEDP,Medpace Holdings Inc. Common Stock,617.15,-2.069,17225677883,275907,United States,Health Care,Biotechnology: Commercial Physical & Biological Resarch,true,false,0.753338
DDS,Dillard's Inc. Common Stock,645.66,-0.694,10084854733,295553,United States,Consumer Discretionary,Department/Specialty Retail Stores,true,false,0.753300
DKNG,DraftKings Inc. Class A Common Stock,21.25,-2.523,10549648520,16640522,United States,Consumer Discretionary,Services-Misc. Amusement & Recreation,true,false,0.752997
FER,Ferrovial N.V. Ordinary Shares,55.28,-1.812,39771624531,1695452,Netherlands,Industrials,Military/Government/Technical,false,false,0.752842
TTMI,TTM Technologies Inc. Common Stock,125.82,-1.294,13254994068,1326346,United States,Technology,Electrical Products,true,false,0.752563
RS,Reliance Inc. Common Stock,384.63,-0.6,19637113490,260110,United States,Industrials,Metal Fabrications,true,false,0.752538
ALC,Alcon Inc. Ordinary Shares,65.39,-0.305,32675383000,1054024,Switzerland,Health Care,Ophthalmic Goods,false,false,0.752211
BWA,BorgWarner Inc. Common Stock,60.55,-0.916,12331997735,2649121,United States,Consumer Discretionary,Auto Parts:O.E.M.,true,false,0.752163
AMG,Affiliated Managers Group Inc. Common Stock,366.17,1.635,9469131667,272687,United States,Finance,Investment Managers,true,false,0.751413
APG,APi Group Corporation Common Stock,37.82,0.159,16344302433,2389394,United States,Consumer Discretionary,Diversified Commercial Services,true,false,0.750940
GFS,GlobalFoundries Inc. Ordinary Shares,46.42,-2.948,25875371551,3271536,United States,Technology,Semiconductors,true,false,0.750914
ERIC,Ericsson American Depositary Shares,9.73,-0.916,32803252382,8002833,Sweden,Technology,Radio And Television Broadcasting And Communications Equipment,false,false,0.750889
BCE,BCE Inc. Common Stock,21.61,-0.415,20151882905,4158026,Canada,Telecommunications,Telecommunications Equipment,false,false,0.750808
CCK,Crown Holdings Inc.,109.73,0.082,11934290872,1111752,United States,Industrials,Containers/Packaging,true,false,0.750803
ERIE,Erie Indemnity Company Class A Common Stock,225.77,-3.674,10428105882,202984,United States,Finance,Specialty Insurers,true,true,0.750476
JAZZ,Jazz Pharmaceuticals plc Common Stock (Ireland),234.88,-2.365,15247135846,792340,Ireland,Health Care,Biotechnology: Pharmaceutical Preparations,false,false,0.750408
RGLD,Royal Gold Inc. Common Stock,252.78,-2.133,21417507692,533905,United States,Industrials,Precious Metals,true,false,0.750400
PBF,PBF Energy Inc. Class A Common Stock,70.47,-1.358,8353290974,4083369,United States,Energy,Integrated oil Companies,true,false,0.750360
CAI,Caris Life Sciences Inc. Common Stock,31.65,0.572,8944137637,4359881,United States,Health Care,Medical Specialities,true,false,0.749668
MOD,Modine Manufacturing Company Common Stock,193.11,-1.454,10256595042,1085836,United States,Consumer Discretionary,Auto Parts:O.E.M.,true,false,0.749063
EGP,EastGroup Properties Inc. Common Stock,202.6,-0.413,10894474024,702109,United States,Real Estate,Real Estate Investment Trusts,true,false,0.749058
MDGL,Madrigal Pharmaceuticals Inc. Common Stock,513.02,-1.12,11852878721,316021,United States,Health Care,Biotechnology: Pharmaceutical Preparations,true,false,0.749025
RGA,Reinsurance Group of America Incorporated Common Stock,246.75,0.378,16113185839,328615,United States,Finance,Life Insurance,true,false,0.748845
OSCR,Oscar Health Inc. Class A Common Stock,30.53,-0.456,9422931850,5526751,United States,Health Care,Medical Specialities,true,false,0.748838
DEO,Diageo plc Common Stock,86.11,-1.442,47933126850,816844,United Kingdom,Consumer Staples,Beverages (Production/Distribution),false,false,0.748834
AGCO,AGCO Corporation Common Stock,121.68,0.854,8521460785,1075230,United States,Industrials,Industrial Machinery/Components,true,false,0.748435
BAP,Credicorp Ltd. Common Stock,385.38,-1.994,36373057325,238517,Peru,Finance,Commercial Banks,false,false,0.748386
NXT,Nextpower Inc. Common Stock,81.81,-0.86,12412992031,1712999,United States,Technology,Semiconductors,true,false,0.748337
H,Hyatt Hotels Corporation Class A Common Stock,157.28,-0.33,14816027805,646959,United States,Consumer Discretionary,Hotels/Resorts,true,false,0.748066
AVAV,AeroVironment Inc. Common Stock,155.94,-0.134,7924980270,1183162,United States,Industrials,Aerospace,true,false,0.747972
TOL,Toll Brothers Inc. Common Stock,135.27,-1.672,12464724690,1296745,United States,Consumer Discretionary,Homebuilding,true,false,0.747932
FLUT,Flutter Entertainment plc Ordinary Shares,85.89,-3.081,15046305881,2558099,Ireland,Technology,Computer Software: Programming Data Processing,false,false,0.747297
BBD,Banco Bradesco Sa American Depositary Shares,3.46,-3.081,38700772036,33054605,Brazil,Finance,Major Banks,false,false,0.746817
SM,SM Energy Company Common Stock,34.31,1.15,8160773073,3526866,United States,Energy,Oil & Gas Production,true,false,0.746465
AIT,Applied Industrial Technologies Inc. Common Stock,333.47,1.116,12249651966,239569,United States,Consumer Discretionary,Industrial Specialties,true,false,0.746275
SGI,Somnigroup International Inc. Common Stock,62.87,-2.873,14475137875,3240901,United States,Consumer Discretionary,Home Furnishings,true,false,0.746059
MGA,Magna International Inc. Common Stock,63.73,-0.094,16917405471,1284031,Canada,Consumer Discretionary,Auto Parts:O.E.M.,false,false,0.745849
CAG,ConAgra Brands Inc. Common Stock,14.78,0,7095399438,12685282,United States,Consumer Staples,Packaged Foods,true,false,0.745826
ICLR,ICON plc Ordinary Shares,163.9,-1.921,12549384568,1064888,Ireland,Health Care,Biotechnology: Commercial Physical & Biological Resarch,false,false,0.745592
CE,Celanese Corporation Common Stock,48.49,2.213,5321725422,2964657,United States,Industrials,Major Chemicals,true,false,0.745478
CAVA,CAVA Group Inc. Common Stock,53.1,0.836,6202409114,3228297,United States,Consumer Discretionary,Restaurants,true,false,0.745398
MUSA,Murphy USA Inc. Common Stock,506.24,-0.374,9304866865,295819,United States,Consumer Discretionary,Retail-Auto Dealers and Gas Stations,true,false,0.745366
ALLY,Ally Financial Inc. Common Stock,38.58,-1.254,11736024156,3885395,United States,Finance,Major Banks,true,false,0.744862
MSM,MSC Industrial Direct Company Inc. Common Stock,124.1,2.249,6930525582,788581,United States,Industrials,Industrial Machinery/Components,true,false,0.744758
TPG,TPG Inc. Class A Common Stock,44.93,-1.512,16979890156,2595875,United States,Finance,Investment Managers,true,false,0.744741
E,ENI S.p.A. Common Stock,54.83,2.948,86268565600,337265,Italy,Energy,Oil & Gas Production,false,false,0.744659
TTC,Toro Company (The) Common Stock,96.58,2.179,9142589047,782767,United States,Consumer Discretionary,Tools/Hardware,true,false,0.744523
ARMK,Aramark Common Stock,55.77,-1.449,14702368704,2255117,United States,Consumer Discretionary,Restaurants,true,false,0.744258
EHC,Encompass Health Corporation Common Stock,122.21,-0.448,12056430059,954488,United States,Health Care,Hospital/Nursing Management,true,false,0.744244
HUT,Hut 8 Corp. Common Stock,102.46,-3.893,12629165091,3200391,United States,Finance,Finance: Consumer Services,true,false,0.743919
MLI,Mueller Industries Inc. Common Stock,60.33,0.718,13343873138,1250635,United States,Industrials,Metal Fabrications,true,false,0.743889
TAK,Takeda Pharmaceutical Company Limited American Depositary Shares (each representing 1/2 of a share of Common Stock),18.81,-0.739,59436677076,2606400,Japan,Health Care,Biotechnology: Pharmaceutical Preparations,false,false,0.743752
TRU,TransUnion Common Stock,70.95,-1.28,13594020000,1801568,United States,Finance,Finance: Consumer Services,true,false,0.743695
CAKE,Cheesecake Factory Incorporated (The) Common Stock,104.41,1.33,5195507796,1776445,United States,Consumer Discretionary,Restaurants,true,false,0.743639
MT,Arcelor Mittal NY Registry Shares NEW,71.92,-2.521,54740168902,1078514,Luxembourg,Industrials,Steel/Iron Ore,false,false,0.743626
SEIC,SEI Investments Company Common Stock,104.83,1.031,12581610849,694140,United States,Finance,Investment Bankers/Brokers/Service,true,false,0.743442
WTRG,Essential Utilities Inc. Common Stock,40.18,-0.495,11402224349,3026607,United States,Utilities,Water Supply,true,false,0.743421
CG,The Carlyle Group Inc. Common Stock,39.92,-0.771,14224805296,2621213,United States,Finance,Investment Managers,true,false,0.743402
SIRI,SiriusXM Holdings Inc. Common Stock,26.28,-0.942,8858117895,6843649,United States,Consumer Discretionary,Broadcasting,true,false,0.743371
QGEN,Qiagen N.V. Common Shares,43.71,0.046,9007527454,3035149,Netherlands,Health Care,Biotechnology: Biological Products (No Diagnostic Substances),false,false,0.743339
SITM,SiTime Corporation Common Stock,608.91,-3.915,18310554531,341167,United States,Technology,Semiconductors,true,false,0.742758
BNTX,BioNTech SE American Depositary Share,98.46,-2.389,24733581876,1087594,Germany,Health Care,Biotechnology: Biological Products (No Diagnostic Substances),false,false,0.742682
MGY,Magnolia Oil & Gas Corporation Class A Common Stock,24.42,1.665,6544714383,4902740,United States,Energy,Oil & Gas Production,true,false,0.742603
EWBC,East West Bancorp Inc. Common Stock,124.49,-0.836,17056605953,729016,United States,Finance,Major Banks,true,false,0.742594
ACMR,ACM Research Inc. Class A Common Stock,80.67,6.425,5618600641,2824028,United States,Technology,Industrial Machinery/Components,true,false,0.742479
SEI,Solaris Energy Infrastructure Inc. Class A Common Stock,67.43,2.68,5162871813,1828336,United States,Consumer Discretionary,Oil and Gas Field Machinery,true,false,0.742466
RYAAY,Ryanair Holdings plc American Depositary Shares,54.69,-2.077,28779725920,1656400,Ireland,Consumer Discretionary,Air Freight/Delivery Services,false,false,0.742409
OWL,Blue Owl Capital Inc. Class A Common Stock,9.6,-2.834,14967285341,17902333,United States,Finance,Investment Managers,true,false,0.742224
ESLT,Elbit Systems Ltd. Ordinary Shares,742.49,-0.303,34532417663,69854,Israel,Industrials,Military/Government/Technical,false,false,0.742053
DY,Dycom Industries Inc. Common Stock,280.94,-0.383,8473419260,549965,United States,Industrials,Water Sewer Pipeline Comm & Power Line Construction,true,false,0.741849
AMRZ,Amrize Ltd Ordinary Shares,37.9,-2.821,20728481908,3469079,Switzerland,Industrials,Building Materials,false,false,0.741762
AVTR,Avantor Inc. Common Stock,14.76,-1.205,9983056478,10569503,United States,Industrials,Biotechnology: Laboratory Analytical Instruments,true,false,0.740835
AAON,AAON Inc. Common Stock,82.36,3.898,6790881708,1916978,United States,Industrials,Industrial Machinery/Components,true,false,0.740546
XP,XP Inc. Class A Common Stock,20.88,-1.556,10822353286,7476905,Brazil,Finance,Investment Bankers/Brokers/Service,false,false,0.740358
AA,Alcoa Corporation Common Stock,44.02,-1.543,11617293769,3282013,United States,Industrials,Aluminum,true,false,0.740233
RGEN,Repligen Corporation Common Stock,184.53,-1.189,9027822638,934830,United States,Health Care,Biotechnology: Biological Products (No Diagnostic Substances),true,false,0.740110
TWST,Twist Bioscience Corporation Common Stock,158.5,-3.706,10508736079,2134437,United States,Health Care,Biotechnology: Biological Products (No Diagnostic Substances),true,false,0.740012
RRC,Range Resources Corporation Common Stock,38.77,1.174,9059754797,2314537,United States,Energy,Oil & Gas Production,true,false,0.739984
AS,Amer Sports Inc. Ordinary Shares,26.9,-2.712,15001252710,5706231,,Consumer Discretionary,Apparel,false,false,0.739823
OHI,Omega Healthcare Investors Inc. Common Stock,46.17,-0.646,13990110210,1994767,United States,Real Estate,Real Estate Investment Trusts,true,false,0.739651
ARCC,Ares Capital Corporation Common Stock,19.15,-1.085,13750137482,5485034,United States,Finance,Finance: Consumer Services,true,false,0.739107
CSL,Carlisle Companies Incorporated Common Stock,323.96,-1.397,12865790527,378450,United States,Industrials,Specialty Chemicals,true,false,0.738967
ADC,Agree Realty Corporation Common Stock,67.12,-0.297,8348339287,2067429,United States,Real Estate,Real Estate Investment Trusts,true,false,0.738406
PFGC,Performance Food Group Company Common Stock,90.79,-1.519,14302423975,1198385,United States,Consumer Discretionary,Food Distributors,true,false,0.737972
MORN,Morningstar Inc. Common Stock,200.32,2.607,7514718543,342951,United States,Finance,Investment Managers,true,false,0.737751
ETSY,Etsy Inc. Common Stock,73.7,-1.916,6764314828,3935592,United States,Consumer Discretionary,Business Services,true,false,0.737279
QXO,QXO Inc. Common Stock,12.28,-3.912,12740385907,20877579,United States,Consumer Discretionary,RETAIL: Building Materials,true,false,0.737244
RKT,Rocket Companies Inc. Class A Common Stock,12.15,-4.631,34404455415,42259217,United States,Finance,Finance: Consumer Services,true,false,0.737184
EMBJ,Embraer S.A. Common Stock,75.43,-1.95,13629562485,1688371,Brazil,Industrials,Aerospace,false,false,0.737074
INOD,Innodata Inc. Common Stock,71.99,2.887,2475207045,4713539,United States,Technology,EDP Services,true,false,0.736971
CART,Maplebear Inc. Common Stock,42.96,-3.265,9945242878,6307277,United States,Consumer Discretionary,Business Services,true,false,0.736861
VNOM,Viper Energy Inc. Class A Common Stock,40.93,0.392,14701846970,1545989,United States,Energy,Oil & Gas Production,true,false,0.736790
MAIR,Madison Air Solutions Corporation Class A Common Stock,25.26,0.838,12673513179,2523269,,Industrials,Pollution Control Equipment,false,false,0.736046
RIG,Transocean Ltd (Switzerland) Common Stock,5.47,-0.364,6109334065,34263576,Switzerland,Energy,Oil & Gas Production,false,false,0.735981
NVMI,Nova Ltd. Ordinary Shares,365.73,-1.141,11623986350,312276,Israel,Technology,Electronic Components,false,false,0.735653
CIFR,Cipher Digital Inc. Common Stock,18.35,-3.876,7615813749,30313101,United States,Finance,Finance: Consumer Services,true,false,0.735650
AMKR,Amkor Technology Inc. Common Stock,53.32,-2.326,13247485807,2567181,United States,Technology,Semiconductors,true,false,0.735612
CROX,Crocs Inc. Common Stock,124.62,0.032,5974915247,1382369,United States,Consumer Discretionary,Shoe Manufacturing,true,false,0.735454
RNG,RingCentral Inc. Class A Common Stock,79.23,-0.627,6616193215,2263951,United States,Technology,EDP Services,true,false,0.735192
RBA,RB Global Inc. Common Stock,82.83,-0.636,15036668543,923228,Canada,Consumer Discretionary,Business Services,false,false,0.734840
BMRN,BioMarin Pharmaceutical Inc. Common Stock,62.21,-1.831,12042223547,2105232,United States,Health Care,Biotechnology: Pharmaceutical Preparations,true,false,0.734803
RAL,Ralliant Corporation Common Stock,69.99,1.435,7743694160,1202813,United States,Industrials,Industrial Machinery/Components,true,false,0.734552
ARXS,Arxis Inc. Class A Common Stock,51.16,0.274,21357988769,957460,United States,Industrials,Military/Government/Technical,true,false,0.734181
MOH,Molina Healthcare Inc Common Stock,189.37,-0.952,9885114000,647546,United States,Health Care,Medical Specialities,true,false,0.734101
VOD,Vodafone Group Plc American Depositary Shares,16.35,-1.625,37838741480,3464210,United Kingdom,Telecommunications,Telecommunications Equipment,false,false,0.733943
MARA,MARA Holdings Inc. Common Stock,13.35,-2.054,5157095615,37417067,United States,Finance,Finance: Consumer Services,true,false,0.733930
EVR,Evercore Inc. Class A Common Stock,259.89,-1.258,9994791924,496473,United States,Finance,Investment Managers,true,false,0.733752
RCI,Rogers Communication Inc. Common Stock,33.28,0.03,17978663972,1681218,Canada,Telecommunications,Cable & Other Pay Television Services,false,false,0.733668
ONB,Old National Bancorp Common Stock,24.74,-1.159,9464781800,5335012,United States,Finance,Major Banks,true,false,0.733662
WTS,Watts Water Technologies Inc. Class A Common Stock,357.29,0.847,11927429935,175553,United States,Industrials,Metal Fabrications,true,false,0.733595
CR,Crane Company Common Stock,204.33,1.018,11810346741,296960,United States,Industrials,Metal Fabrications,true,false,0.733501
CUBE,CubeSmart Common Shares,38.14,-1.089,8587688329,3820021,United States,Real Estate,Real Estate Investment Trusts,true,false,0.733357
UMBF,UMB Financial Corporation Common Stock,133.85,-0.268,10165911516,700643,United States,Finance,Major Banks,true,false,0.733189
PNFP,Pinnacle Financial Partners Inc. Common stock,93.4,-1.268,14113920576,973897,United States,Finance,Major Banks,true,false,0.732936
BROS,Dutch Bros Inc. Class A Common Stock,38.43,-0.851,6713018346,4528202,United States,Consumer Discretionary,Restaurants,true,false,0.732547
RPM,RPM International Inc. Common Stock,100.06,-0.96,12781805685,913438,United States,Consumer Discretionary,Paints/Coatings,true,false,0.732364
CCJ,Cameco Corporation Common Stock,90.8,-4.007,39546394402,2590607,Canada,Basic Materials,Other Metals and Minerals,false,false,0.732055
MTCH,Match Group Inc. Common Stock,40.48,-2.949,9292223873,5582997,United States,Technology,Computer Software: Programming Data Processing,true,false,0.732040
VIST,Vista Energy S.A.B. de C.V. American Depositary Shares each representing one series A share with no par value,70.25,1.196,7820047491,1178769,Mexico,Energy,Oil & Gas Production,false,false,0.731866
ELAN,Elanco Animal Health Incorporated Common Stock,22.57,-1.57,11276464703,5336555,United States,Health Care,Biotechnology: Pharmaceutical Preparations,true,false,0.731824
PAYC,Paycom Software Inc. Common Stock,221.68,-1.304,9991476500,561651,United States,Technology,Computer Software: Prepackaged Software,true,false,0.731759
WEX,WEX Inc. common stock,184.54,1.826,6289420494,484126,United States,Consumer Discretionary,Business Services,true,false,0.731737
OLLI,Ollie's Bargain Outlet Holdings Inc. Common Stock,82.61,0.158,4907232512,2451132,United States,Consumer Discretionary,Department/Specialty Retail Stores,true,false,0.731372
NTSK,Netskope Inc. Class A Common Stock,18.57,0.108,7587474480,5997304,United States,Technology,Computer Software: Prepackaged Software,true,false,0.731131
QNT,Quantinuum Inc. Class A Common Stock,50.11,-2.491,13194370996,2572875,United States,Technology,EDP Services,true,false,0.731075
BWXT,BWX Technologies Inc. Common Stock,141.81,-1.868,12992912984,774332,United States,Industrials,Industrial Machinery/Components,true,false,0.730835
ELS,Equity Lifestyle Properties Inc. Common Stock,59.68,-0.962,11581776462,1585491,United States,Real Estate,Real Estate Investment Trusts,true,false,0.730740
CPB,The Campbell's Company Common Stock,20.34,0.643,6065514983,6079945,United States,Consumer Staples,Packaged Foods,true,false,0.730659
REXR,Rexford Industrial Realty Inc. Common Stock,38.15,-0.209,8506996931,2801876,United States,Real Estate,Real Estate Investment Trusts,true,false,0.730345
CELH,Celsius Holdings Inc. Common Stock,29.18,-0.698,7383562671,4794674,United States,Consumer Staples,Beverages (Production/Distribution),true,false,0.730325
PBA,Pembina Pipeline Corp. Ordinary Shares (Canada),45.83,-0.196,26652665650,944373,Canada,Energy,Oil & Gas Production,false,false,0.730186
LOGI,Logitech International S.A. Ordinary Shares,104.65,-1.106,14984658944,727776,United States,Technology,Computer peripheral equipment,true,false,0.729873
BMNR,BitMine Immersion Technologies Inc. Common Stock,27.46,-4.52,16564596779,36313215,United States,Finance,Finance: Consumer Services,true,false,0.729615
TME,Tencent Music Entertainment Group American Depositary Shares each representing two Class A Ordinary Shares,8.22,-0.725,12937494990,9636135,United States,Consumer Discretionary,Broadcasting,true,false,0.729507
BAH,Booz Allen Hamilton Holding Corporation Common Stock,75.65,-0.826,9099558207,1509349,United States,Consumer Discretionary,Professional Services,true,false,0.729494
SAIA,Saia Inc. Common Stock,343.85,-1.3,9172078403,373237,United States,Industrials,Trucking Freight/Courier Services,true,false,0.729377
SPXC,SPX Technologies Inc. Common Stock,173.6,-0.601,8694905296,644574,United States,Industrials,Industrial Machinery/Components,true,false,0.729019
VSAT,ViaSat Inc. Common Stock,73.68,-1.747,10149848081,1709457,United States,Consumer Discretionary,Telecommunications Equipment,true,false,0.728521
CHRD,Chord Energy Corporation Common Stock,137.72,1.347,7532990932,539717,United States,Energy,Oil & Gas Production,true,false,0.728278
NICE,NICE Ltd American Depositary Shares,117.79,-0.423,6997147688,1102868,Israel,Technology,Computer Software: Prepackaged Software,false,false,0.728254
FHN,First Horizon Corporation Common Stock,23.02,-1.371,10906350177,4580939,United States,Finance,Major Banks,true,false,0.728074
MSGS,Madison Square Garden Sports Corp. Class A Common Stock (New),394.8,-0.459,9506760707,233185,United States,Consumer Discretionary,Services-Misc. Amusement & Recreation,true,false,0.727489
NWG,NatWest Group plc American Depositary Shares (each representing two (2) Ordinary Shares),17.91,-3.554,71192869561,3348548,United Kingdom,Finance,Commercial Banks,false,false,0.727474
LAMR,Lamar Advertising Company Class A Common Stock,144.22,-0.627,14645495426,452679,United States,Real Estate,Real Estate Investment Trusts,true,false,0.727421
FTS,Fortis Inc. Common Shares,53.3,-1.003,27230970000,904743,United States,Utilities,Electric Utilities: Central,true,false,0.727308
PAG,Penske Automotive Group Inc. Common Stock,209.66,-0.095,13766877953,282046,United States,Consumer Discretionary,Retail-Auto Dealers and Gas Stations,true,false,0.727222
AMH,American Homes 4 Rent Common Shares of Beneficial Interest,30.93,-1.119,11109435668,3020682,United States,Real Estate,Real Estate Investment Trusts,true,false,0.726988
JLL,Jones Lang LaSalle Incorporated Common Stock,324.06,-3.37,14850607531,403537,United States,Finance,Real Estate,true,false,0.726847
KVYO,Klaviyo Inc. Series A Common Stock,16.78,5.734,4777726393,9606397,United States,Technology,Computer Software: Prepackaged Software,true,false,0.726758
SMFG,Sumitomo Mitsui Financial Group Inc Unsponsored American Depositary Shares (Japan),25.85,-1.109,117910894191,1097604,Japan,Finance,Commercial Banks,false,false,0.726619
CNM,Core & Main Inc. Class A Common Stock,42.76,-0.581,8145525578,2605199,United States,Consumer Discretionary,Durable Goods,true,false,0.726464
SIMO,Silicon Motion Technology Corporation American Depositary Shares,276.53,-2.376,9376644225,558442,Taiwan,Technology,Semiconductors,false,false,0.726242
KTOS,Kratos Defense & Security Solutions Inc. Common Stock,46.16,-1.725,8665216454,3044280,United States,Industrials,Military/Government/Technical,true,false,0.726184
VMI,Valmont Industries Inc. Common Stock,471.01,0.641,9092781167,150364,United States,Industrials,Metal Fabrications,true,false,0.726125
CVLT,Commvault Systems Inc. Common Stock,149.43,2.063,6193061199,480582,United States,Technology,Computer Software: Prepackaged Software,true,false,0.726055
QLYS,Qualys Inc. Common Stock,184.79,0.802,6392810235,523944,United States,Technology,Computer Software: Prepackaged Software,true,false,0.725988
GLPI,Gaming and Leisure Properties Inc. Common Stock,39.25,-1.678,11418611688,2631795,United States,Real Estate,Real Estate Investment Trusts,true,false,0.725859
EDU,New Oriental Education & Technology Group Inc. Sponsored ADR representing 10 Ordinary Share (Cayman Islands),56.08,2.448,8694058846,854577,China,Real Estate,Other Consumer Services,false,false,0.725665
OSK,Oshkosh Corporation (Holding Company)Common Stock,135.49,-1.847,8365118592,1092974,United States,Industrials,Auto Manufacturing,true,false,0.725654
CGNX,Cognex Corporation Common Stock,58.19,-1.323,9788945366,1846341,United States,Industrials,Industrial Machinery/Components,true,false,0.725454
MTN,Vail Resorts Inc. Common Stock,140.05,0.77,4990475316,966706,United States,Consumer Discretionary,Services-Misc. Amusement & Recreation,true,false,0.725368
CHDN,Churchill Downs Incorporated Common Stock,80.46,1.22,5608081552,1269949,United States,Consumer Discretionary,Services-Misc. Amusement & Recreation,true,false,0.725295
BBVA,Banco Bilbao Vizcaya Argentaria S.A. Common Stock,28.09,-2.023,160364930783,1141923,Spain,Finance,Commercial Banks,false,false,0.724745
DUOL,Duolingo Inc. Class A Common Stock,145.98,-1.171,6829859549,1009065,United States,Technology,Computer Software: Prepackaged Software,true,false,0.724672
SLF,Sun Life Financial Inc. Common Stock,79.96,-0.929,44526909728,459662,Canada,Finance,Life Insurance,false,false,0.724502
XE,X-Energy Inc. Class A Common Stock,16.38,0.122,6656276849,6509526,United States,Industrials,Metal Fabrications,true,false,0.724418
MTDR,Matador Resources Company Common Stock,52.12,0.501,6450069738,1919423,United States,Energy,Oil & Gas Production,true,false,0.724346
MFG,Mizuho Financial Group Inc. Sponosred ADR (Japan),10.74,-1.196,133704869498,2462687,Japan,Finance,Major Banks,false,false,0.724295
NEU,NewMarket Corp Common Stock,889.75,0.109,8182502239,98069,United States,Industrials,Major Chemicals,true,false,0.724217
TTAN,ServiceTitan Inc. Class A Common Stock,61.65,0.146,5947246220,1994966,United States,Technology,Computer Software: Prepackaged Software,true,false,0.723953
XMTR,Xometry Inc. Class A Common Stock,105.01,-0.114,6019548401,1224121,United States,Consumer Discretionary,Business Services,true,false,0.723883
WPM,Wheaton Precious Metals Corp Common Shares (Canada),145.45,-5.435,66057567346,2224103,Canada,Basic Materials,Precious Metals,false,false,0.723625
JXN,Jackson Financial Inc. Class A Common Stock,129.73,0.123,8786449959,614645,United States,Finance,Life Insurance,true,false,0.723599
KNTK,Kinetik Holdings Inc. Class A Common Stock,52.92,1.012,8593103507,1222497,United States,Utilities,Natural Gas Distribution,true,false,0.723590
SYM,Symbotic Inc. Class A Common Stock,43.69,-3.062,26423786623,1672784,United States,Industrials,Industrial Machinery/Components,true,false,0.723423
WMS,Advanced Drainage Systems Inc. Common Stock,129.74,-0.757,9783089071,684060,United States,Consumer Discretionary,Containers/Packaging,true,false,0.723208
FUTU,Futu Holdings Limited American Depositary Shares,109.99,-3.788,15417037294,1162728,Hong Kong,Finance,Investment Bankers/Brokers/Service,false,false,0.723065
GMED,Globus Medical Inc. Class A Common Stock,73.96,-1.636,9930011159,1456902,United States,Health Care,Medical/Dental Instruments,true,false,0.723059
RGTI,Rigetti Computing Inc. Common Stock,16.005,-3.117,5341968796,27251491,United States,Technology,EDP Services,true,false,0.722776
BRKR,Bruker Corporation Common Stock,59.67,-2.516,9091280386,2498710,United States,Industrials,Biotechnology: Laboratory Analytical Instruments,true,false,0.722401
ZTO,ZTO Express (Cayman) Inc. American Depositary Shares each representing one Class A ordinary share.,19.61,-1.159,15097752590,3218980,China,Industrials,Trucking Freight/Courier Services,false,false,0.722296
MYRG,MYR Group Inc. Common Stock,295.18,2.121,4595731215,323947,United States,Industrials,Water Sewer Pipeline Comm & Power Line Construction,true,false,0.722068
PURR,Hyperliquid Strategies Inc Common Stock,13.94,-0.072,3316594875,23196685,United States,Finance,Finance: Consumer Services,true,false,0.722024
COKE,Coca-Cola Consolidated Inc. Common Stock,187.49,-1.827,12480139482,476540,United States,Consumer Staples,Beverages (Production/Distribution),true,false,0.721723
ACA,Arcosa Inc. Common Stock,146.5,-0.068,7194147519,642203,United States,Industrials,Metal Fabrications,true,false,0.721682
HNGE,Hinge Health Inc. Class A Common Stock,92.28,-1.986,7446480801,1702981,United States,Technology,EDP Services,true,false,0.721538
TAP,Molson Coors Beverage Company Class B Common Stock,36.62,-0.705,6827943026,3310354,Canada,Consumer Staples,Beverages (Production/Distribution),false,false,0.721426
MKTX,MarketAxess Holdings Inc. Common Stock,163.71,0.171,5761428186,729587,United States,Finance,Investment Bankers/Brokers/Service,true,false,0.721054
SF,Stifel Financial Corporation Common Stock,71.93,-1.708,10861554727,1308390,United States,Finance,Investment Bankers/Brokers/Service,true,false,0.721001
APPF,AppFolio Inc. Class A Common Stock,210.01,1.813,7437922490,268128,United States,Technology,Computer Software: Prepackaged Software,true,false,0.720709
NNN,NNN REIT Inc. Common Stock,41.33,-0.649,7932524762,2321466,United States,Real Estate,Real Estate Investment Trusts,true,false,0.720333
BIO,Bio-Rad Laboratories Inc. Class A Common Stock,378.88,-0.182,10130559744,177270,United States,Industrials,Biotechnology: Laboratory Analytical Instruments,true,false,0.720321
FMX,Fomento Economico Mexicano S.A.B. de C.V. Common Stock,119.72,-1.893,40786385349,355892,Mexico,Consumer Staples,Beverages (Production/Distribution),false,false,0.719934
ZION,Zions Bancorporation N.A. Common Stock,62.65,-1.571,9143977691,1706016,United States,Finance,Major Banks,true,false,0.719900
DCI,Donaldson Company Inc. Common Stock,86.74,0.802,10054124997,602907,United States,Industrials,Pollution Control Equipment,true,false,0.719818
RTO,Rentokil Initial plc American Depositary Shares (each representing five (5) Ordinary Shares),21.41,0.187,10799204000,2649447,United States,Consumer Discretionary,Other Consumer Services,true,false,0.719666
PCOR,Procore Technologies Inc. Common Stock,51.06,0.413,7758839558,1434155,United States,Technology,Computer Software: Prepackaged Software,true,false,0.719560
AYI,Acuity Inc. Common Stock,306.06,-1.516,9162073515,332636,United States,Consumer Discretionary,Building Products,true,false,0.718928
TTEK,Tetra Tech Inc. Common Stock,34.9,-1.579,8935950537,3076994,United States,Consumer Discretionary,Military/Government/Technical,true,false,0.718785
CYTK,Cytokinetics Incorporated Common Stock,65.81,-2.634,9149131139,2051015,United States,Health Care,Biotechnology: Pharmaceutical Preparations,true,false,0.718260
OGE,OGE Energy Corp Common Stock,44.71,-0.887,9236249342,1856870,United States,Utilities,Electric Utilities: Central,true,false,0.717908
LFUS,Littelfuse Inc. Common Stock,422.43,0.847,10729192695,112224,United States,Energy,Electrical Products,true,false,0.717655
PCTY,Paylocity Holding Corporation Common Stock,143.58,-1.462,7617918748,834728,United States,Technology,Computer Software: Prepackaged Software,true,false,0.717605
TTD,The Trade Desk Inc. Class A Common Stock,12.68,-3.794,5995041919,28108169,United States,Technology,Computer Software: Programming Data Processing,true,false,0.717468
MHK,Mohawk Industries Inc. Common Stock,119.65,-1.303,8104869049,890048,United States,Consumer Discretionary,Home Furnishings,true,false,0.717392
FNF,Fidelity National Financial Inc. Common Stock,41.85,-1.645,11223869810,1974751,United States,Finance,Specialty Insurers,true,false,0.717229
RRR,Red Rock Resorts Inc. Class A Common Stock,50.9,4.389,5345324020,2183665,United States,Consumer Discretionary,Hotels/Resorts,true,false,0.717143
WH,Wyndham Hotels & Resorts Inc. Common Stock,69.31,2.137,5143572866,1039862,United States,Consumer Discretionary,Hotels/Resorts,true,false,0.717070
FSLY,Fastly Inc. Class A Common Stock,29.65,13.689,4723245000,30280674,United States,Technology,Computer Software: Prepackaged Software,true,false,0.716828
EXEL,Exelixis Inc. Common Stock,56.73,-2.442,14056655387,1431813,United States,Health Care,Biotechnology: Biological Products (No Diagnostic Substances),true,false,0.716660
AMBA,Ambarella Inc. Ordinary Shares,67.62,0.835,2984812459,3414982,United States,Technology,Semiconductors,true,false,0.716597
TU,Telus Corporation Ordinary Shares,8.5,-0.932,13506500000,6668804,Canada,Telecommunications,Telecommunications Equipment,false,false,0.716577
ALSN,Allison Transmission Holdings Inc. Common Stock,114.59,-0.685,9462617374,638964,United States,Consumer Discretionary,Auto Parts:O.E.M.,true,false,0.716411
PRMB,Primo Brands Corporation Class A Common Stock,19.75,0.56,7156492389,3563275,United States,Consumer Staples,Beverages (Production/Distribution),true,false,0.716284
SQM,Sociedad Quimica y Minera S.A. Common Stock,69.08,-1.581,19731859777,736202,Chile,Industrials,Mining & Quarrying of Nonmetallic Minerals (No Fuels),false,false,0.716227
NIO,NIO Inc. American depositary shares each  representing one Class A ordinary share,3.67,-1.344,9195797971,24705246,United States,Industrials,Auto Manufacturing,true,false,0.716198
ZETA,Zeta Global Holdings Corp. Class A Common Stock,29.79,-1.128,7477695293,3513792,United States,Technology,Computer Software: Prepackaged Software,true,false,0.715940
AGX,Argan Inc. Common Stock,374.4,0.848,5252772845,251747,United States,Consumer Discretionary,Engineering & Construction,true,false,0.715918
GAP,Gap Inc. (The) Common Stock,21.28,-0.839,7475028515,4470608,United States,Consumer Discretionary,Clothing/Shoe/Accessory Stores,true,false,0.715764
AFRM,Affirm Holdings Inc. Class A Common Stock,68.09,-5.127,22975013321,6217633,United States,Finance,Finance: Consumer Services,true,false,0.715506
SAIC,Science Applications International Corporation Common Stock,132.96,2.521,5570709550,425637,United States,Technology,EDP Services,true,false,0.715351
DB,Deutsche Bank AG Common Stock,35.87,-4.499,67485818000,3812638,Germany,Finance,Major Banks,false,false,0.715312
VOYA,Voya Financial Inc. Common Stock,97.37,-0.683,8821366502,798882,United States,Finance,Life Insurance,true,false,0.715299
TIGO,Millicom International Cellular S.A. Common Stock,91.9,-2.628,15397002185,811218,Luxembourg,Telecommunications,Telecommunications Equipment,false,false,0.714905
AU,AngloGold Ashanti PLC Ordinary Shares,98.74,-5.602,49939656337,3149018,South Africa,Basic Materials,Precious Metals,false,false,0.714843
VCTR,Victory Capital Holdings Inc. Class A Common Stock,106.31,1.286,6539082599,585016,United States,Finance,Investment Managers,true,false,0.714524
SOLS,Solstice Advanced Materials Inc. Common Stock,57.98,-1.545,9209970455,1565402,United States,Industrials,Major Chemicals,true,false,0.714447
LNTH,Lantheus Holdings Inc. Common Stock,99.97,-0.03,6525278729,865548,United States,Health Care,Biotechnology: In Vitro & In Vivo Diagnostic Substances,true,false,0.713661
LYFT,Lyft Inc. Class A Common Stock,14.77,-0.872,5591039478,8914927,United States,Consumer Discretionary,Business Services,true,false,0.713608
HBM,Hudbay Minerals Inc. Ordinary Shares (Canada),26.79,-3.425,11898638120,4255930,Canada,Basic Materials,Metal Mining,false,false,0.713495
ENSG,The Ensign Group Inc. Common Stock,175.46,-0.488,10226235870,341209,United States,Health Care,Hospital/Nursing Management,true,false,0.713339
GATX,GATX Corporation Common Stock,185.7,1.47,6555210000,307061,United States,Consumer Discretionary,Transportation Services,true,false,0.713317
AM,Antero Midstream Corporation Common Stock,21.38,1.231,10148530120,1866678,United States,Utilities,Natural Gas Distribution,true,false,0.713176
VAL,Valaris Limited Common Shares,82.57,-0.181,5733314584,1273204,United States,Energy,Oil & Gas Production,true,false,0.713122
IRTC,iRhythm Holdings Inc. Common Stock,111.75,1.104,3683615585,1226049,United States,Health Care,Medical/Dental Instruments,true,false,0.712888
HTHT,H World Group Limited American Depositary Shares,42.78,-1.269,13155868977,1344033,China,Consumer Discretionary,Hotels/Resorts,false,false,0.712633
GEO,Geo Group Inc (The) REIT,30.62,2.959,4030191662,2342301,United States,Consumer Discretionary,Homebuilding,true,false,0.712079
PRI,Primerica Inc. Common Stock,274.71,-0.341,8454845819,249141,United States,Finance,Life Insurance,true,false,0.712058
GSAT,Globalstar Inc. Common Stock,82.5,-0.024,10688979675,612296,United States,Consumer Discretionary,Telecommunications Equipment,true,false,0.711992
ESE,ESCO Technologies Inc. Common Stock,266.19,1.673,6896335260,189692,United States,Telecommunications,Telecommunications Equipment,true,false,0.711961
TXNM,TXNM Energy Inc. Common Stock,58.32,-0.529,6422534148,1620415,United States,Utilities,Electric Utilities: Central,true,false,0.711928
VRNS,Varonis Systems Inc. Common Stock,48.35,2.241,5553504450,1161488,United States,Technology,Computer Software: Prepackaged Software,true,false,0.711906
UI,Ubiquiti Inc. Common Stock,573.4,-1.288,34706973665,56167,United States,Technology,Radio And Television Broadcasting And Communications Equipment,true,false,0.711559
BPOP,Popular Inc. Common Stock,158.88,-0.818,10133128239,394551,United States,Finance,Major Banks,true,false,0.711483
MXL,MaxLinear Inc. Common Stock,84.32,-3.557,7647249865,2092607,United States,Technology,Semiconductors,true,false,0.711193
PB,Prosperity Bancshares Inc. Common Stock,67.27,-2.309,8084291385,1787728,United States,Finance,Major Banks,true,false,0.711081
TFII,TFI International Inc. Common Shares,124.96,-0.064,10270466274,406201,Canada,Industrials,Trucking Freight/Courier Services,false,false,0.710963
MSA,MSA Safety Incorporated Common Stock,182.84,2.197,7053654361,235766,United States,Health Care,Industrial Specialties,true,false,0.710873
POWL,Powell Industries Inc. Common Stock,192.62,0.375,7017640478,345677,United States,Energy,Electrical Products,true,false,0.710809
ANDG,Andersen Group Inc. Class A Common Stock,53.95,1.467,6095727039,1081215,,Consumer Discretionary,Business Services,false,false,0.710809
CDE,Coeur Mining Inc. Common Stock,19.32,-5.71,19859704161,43891170,United States,Basic Materials,Precious Metals,true,false,0.710749
CNA,CNA Financial Corporation Common Stock,47.11,-0.758,12748009718,1071609,United States,Finance,Property-Casualty Insurers,true,false,0.710733
CTRE,CareTrust REIT Inc. Common Stock,37.17,-0.695,8783018207,1889964,United States,Real Estate,Real Estate Investment Trusts,true,false,0.710699
JEF,Jefferies Financial Group Inc. Common Stock,46.98,-0.865,9102031576,1468666,United States,Finance,Investment Bankers/Brokers/Service,true,false,0.710372
ABEV,Ambev S.A. American Depositary Shares (Each representing 1 Common Share),2.93,-2.658,46181601555,13058443,Brazil,Consumer Staples,Beverages (Production/Distribution),false,false,0.710129
HLI,Houlihan Lokey Inc. Class A Common Stock,129.94,-0.786,9081051810,522356,United States,Finance,Investment Managers,true,false,0.709936
ALV,Autoliv Inc. Common Stock,115.4,-2.837,8451574842,1080061,Sweden,Consumer Discretionary,Auto Parts:O.E.M.,false,false,0.709272
GKOS,Glaukos Corporation Common Stock,153.49,-3.985,9053444490,1026815,United States,Health Care,Medical/Dental Instruments,true,false,0.709166
CHE,Chemed Corp,498.09,0.296,6510016874,138579,United States,Health Care,Medical/Nursing Services,true,false,0.708752
YUMC,Yum China Holdings Inc. Common Stock,40.85,-1.756,13989414856,1348309,United States,Consumer Discretionary,Restaurants,true,false,0.708472
VVV,Valvoline Inc. Common Stock,28.75,0.279,3668109518,5300666,United States,Industrials,Major Chemicals,true,false,0.708068
IHG,Intercontinental Hotels Group American Depositary Shares (Each representing one Ordinary Share),156.13,0.827,22284486579,142686,United Kingdom,Consumer Discretionary,Hotels/Resorts,false,false,0.707337
ACHR,Archer Aviation Inc. Class A Common Stock,5.71,0.351,4444007767,19342638,United States,Industrials,Aerospace,true,false,0.707255
ASTS,AST SpaceMobile Inc. Class A Common Stock,59.98,-5.825,23342266290,8544433,United States,Consumer Discretionary,Telecommunications Equipment,true,false,0.707201
ENS,EnerSys Common Stock,179.49,-0.15,6473347056,416602,United States,Miscellaneous,Industrial Machinery/Components,true,false,0.707085
VSXY,Victorias Secret & Co. Common Stock,83.34,-0.573,6647535010,975512,United States,Consumer Discretionary,Clothing/Shoe/Accessory Stores,true,false,0.707072
VFC,V.F. Corporation Common Stock,13.52,-0.221,5315179386,7156593,United States,Industrials,Garments and Clothing,true,false,0.706855
LNC,Lincoln National Corporation Common Stock,41.08,0.171,7864656563,1371798,United States,Finance,Life Insurance,true,false,0.706782
IESC,IES Holdings Inc. Common Stock,319.73,-0.417,12740828688,133657,United States,Industrials,Engineering & Construction,true,false,0.706683
POOL,Pool Corporation Common Stock,166.61,-1.18,6054731858,634142,United States,Consumer Discretionary,Industrial Specialties,true,false,0.706625
TVTX,Travere Therapeutics Inc. Common Stock,59.83,-0.747,5639640536,1713898,United States,Health Care,Biotechnology: Pharmaceutical Preparations,true,false,0.705891
WFRD,Weatherford International plc Ordinary Shares,84.66,0.786,6054214725,734025,United States,Consumer Discretionary,Oil and Gas Field Machinery,true,false,0.705888
SCI,Service Corporation International Common Stock,77.85,-0.333,10635826051,610435,United States,Consumer Discretionary,Other Consumer Services,true,false,0.705641
CFR,Cullen/Frost Bankers Inc. Common Stock,154.26,-1.21,9587071574,406782,United States,Finance,Major Banks,true,false,0.705396
WTFC,Wintrust Financial Corporation Common Stock,143.71,-0.684,9695534118,380587,United States,Finance,Major Banks,true,false,0.705381
HMC,Honda Motor Company Ltd. Common Stock,32.15,-0.833,41715487070,715087,Japan,Industrials,Auto Manufacturing,false,false,0.705334
OC,Owens Corning Inc Common Stock New,122.88,-2.984,9713502167,790585,United States,Industrials,Industrial Machinery/Components,true,false,0.705264
KLIC,Kulicke and Soffa Industries Inc. Common Stock,90.85,1.463,4754100098,780039,Singapore,Technology,Semiconductors,false,false,0.705258
SMR,NuScale Power Corporation Class A Common Stock,8.68,-2.362,3729998001,38534412,United States,Industrials,Metal Fabrications,true,false,0.705025
BRX,Brixmor Property Group Inc. Common Stock,27.64,-1.144,8481950814,2535697,United States,Real Estate,Real Estate Investment Trusts,true,false,0.704864
SSB,SouthState Bank Corporation Common Stock,101.62,-0.733,9854552145,529171,United States,Finance,Major Banks,true,false,0.704861
R,Ryder System Inc. Common Stock,238,0.634,9126554584,175927,United States,Consumer Discretionary,Rental/Leasing Companies,true,false,0.704334
HXL,Hexcel Corporation Common Stock,86.12,0.163,6512691686,740934,United States,Industrials,Major Chemicals,true,false,0.704052
SARO,StandardAero Inc. Common Stock,22.58,-0.878,7472160752,3158225,United States,Industrials,Aerospace,true,false,0.703767
ELF,e.l.f. Beauty Inc. Common Stock,100.78,-1.312,5946825837,1046835,United States,Consumer Discretionary,Package Goods/Cosmetics,true,false,0.703761
KEX,Kirby Corporation Common Stock,130.04,-1.834,6866112000,758839,United States,Consumer Discretionary,Marine Transportation,true,false,0.703718
ALGM,Allegro MicroSystems Inc. Common Stock,35.11,-1.126,6544575835,2521295,United States,Technology,Semiconductors,true,false,0.703664
URBN,Urban Outfitters Inc. Common Stock,74.82,-0.267,6409094742,957471,United States,Consumer Discretionary,Clothing/Shoe/Accessory Stores,true,false,0.703647
AFG,American Financial Group Inc. Common Stock,139.64,-0.591,11579153512,320962,United States,Finance,Property-Casualty Insurers,true,false,0.703601
FR,First Industrial Realty Trust Inc. Common Stock,61.07,-1.325,8096229812,1202682,United States,Real Estate,Real Estate Investment Trusts,true,false,0.703590
IDA,IDACORP Inc. Common Stock,128.66,-1.281,7441957252,623058,United States,Utilities,Electric Utilities: Central,true,false,0.703539
BB,BlackBerry Limited Common Stock,8.38,-2.784,4911194591,25093745,Canada,Technology,Computer Software: Prepackaged Software,false,false,0.703294
SSL,Sasol Ltd. American Depositary Shares,14.29,3.626,9256514264,3110494,South Africa,Energy,Oil & Gas Production,false,false,0.703110
LPX,Louisiana-Pacific Corporation Common Stock,68.02,0,4756190348,1418042,United States,Basic Materials,Forest Products,true,false,0.703063
JBS,JBS N.V. Class A Common Shares,11.51,-3.277,12326394942,7035240,,Consumer Staples,Meat/Poultry/Fish,false,false,0.703058
PLXS,Plexus Corp. Common Stock,263.9,0.216,7033488926,214085,United States,Technology,Electrical Products,true,false,0.703041
HQY,HealthEquity Inc. Common Stock,90.39,-1.482,7476635605,900080,United States,Consumer Discretionary,Business Services,true,false,0.702901
LGND,Ligand Pharmaceuticals Incorporated Common Stock,298.41,-0.03,5948985082,242219,United States,Health Care,Biotechnology: Pharmaceutical Preparations,true,false,0.702887
KSPI,Joint Stock Company Kaspi.kz American Depository Shares,93.86,-2.685,17770839025,548849,Kazakhstan,Uncategorized,Uncategorized,false,false,0.702867
VLY,Valley National Bancorp Common Stock,12.87,-1.905,7112029259,7318115,United States,Finance,Major Banks,true,false,0.702697
HR,Healthcare Realty Trust Incorporated Common Stock,17.96,-1.21,6155246890,5171120,United States,Real Estate,Real Estate Investment Trusts,true,false,0.702682
CBSH,Commerce Bancshares Inc. Common Stock,55.59,-0.162,7973394775,970817,United States,Finance,Major Banks,true,false,0.702530
CCC,CCC Intelligent Solutions Holdings Inc. Common Stock,6.66,1.37,3922704729,13353607,United States,Technology,Computer Software: Prepackaged Software,true,false,0.702499
CRGY,Crescent Energy Company Class A Common Stock,13.18,1.307,4354720713,5871332,United States,Energy,Oil & Gas Production,true,false,0.702015
GIB,CGI Inc. Common Stock,69.13,-0.504,16030443779,466784,Canada,Consumer Discretionary,Professional Services,false,false,0.701910
BWIN,The Baldwin Insurance Group Inc. Class A Common Stock,31.85,-0.313,4443021938,3626090,United States,Finance,Specialty Insurers,true,false,0.701882
CORT,Corcept Therapeutics Incorporated Common Stock,112.94,-3.885,12208632957,810038,United States,Health Care,Biotechnology: Pharmaceutical Preparations,true,false,0.701416
GLBE,Global-E Online Ltd. Ordinary Shares,41.24,-0.746,6910516197,1679573,Israel,Technology,Computer Software: Prepackaged Software,false,false,0.701159
COLB,Columbia Banking System Inc. Common Stock,28.85,-1.67,8161730432,2600929,United States,Finance,Major Banks,true,false,0.701126
AWI,Armstrong World Industries Inc Common Stock,163.97,0.098,6929835579,342689,United States,Industrials,Plastic Products,true,false,0.701066
LAD,Lithia Motors Inc. Common Stock,307.02,-1.697,6749256274,297904,United States,Consumer Discretionary,Retail-Auto Dealers and Gas Stations,true,false,0.700964
UGI,UGI Corporation Common Stock,36.62,-0.624,7854805692,1621601,United States,Utilities,Natural Gas Distribution,true,false,0.700932
DK,Delek US Holdings Inc. Common Stock,72.26,-1.473,4424636893,2152979,United States,Energy,Integrated oil Companies,true,false,0.700775
IONS,Ionis Pharmaceuticals Inc. Common Stock,43.93,-3.978,7300477265,3535790,United States,Health Care,Biotechnology: Pharmaceutical Preparations,true,false,0.700764
MNDY,monday.com Ltd. Ordinary Shares,86.46,1.778,3709734378,953934,Israel,Technology,Computer Software: Prepackaged Software,false,false,0.700588
KRYS,Krystal Biotech Inc. Common Stock,341.75,-2.602,10115402203,216084,United States,Health Care,Biotechnology: Biological Products (No Diagnostic Substances),true,false,0.700196
FLR,Fluor Corporation Common Stock,53.06,-1.795,7096301015,1653360,United States,Industrials,Military/Government/Technical,true,false,0.700093
EC,Ecopetrol S.A. American Depositary Shares,16.69,-1.301,34311881727,1475169,Colombia,Energy,Oil & Gas Production,false,false,0.700006
TGTX,TG Therapeutics Inc. Common Stock,56,-3.631,8571866968,2120082,United States,Health Care,Biotechnology: Pharmaceutical Preparations,true,false,0.699709
ACM,AECOM Common Stock,61.45,-1.317,7908395316,1096670,United States,Consumer Discretionary,Military/Government/Technical,true,false,0.699175
HRB,H&R Block Inc. Common Stock,42.54,-0.747,5243732322,2191531,United States,Consumer Discretionary,Other Consumer Services,true,false,0.699135
WK,Workiva Inc. Class A Common Stock,70.79,1.375,3852143186,1170001,United States,Technology,Computer Software: Prepackaged Software,true,false,0.699036
GFI,Gold Fields Limited American Depositary Shares,40.82,-4.981,36534889763,3608470,South Africa,Basic Materials,Precious Metals,false,false,0.698966
AMRX,Amneal Pharmaceuticals Inc. Class A Common Stock,19.33,-0.872,6732562009,3575347,United States,Health Care,Biotechnology: Pharmaceutical Preparations,true,false,0.698823
KGS,Kodiak Gas Services Inc. Common Stock,53.3,-2.542,5388844852,2709190,United States,Utilities,Natural Gas Distribution,true,false,0.698531
BSP,Bending Spoons S.p.A. Ordinary Shares,34.64,-4.23,23841994952,3679268,Italy,Technology,Computer Software: Programming Data Processing,false,false,0.698234
SRRK,Scholar Rock Holding Corporation Common Stock,49.85,-2.618,6070996308,2492654,United States,Health Care,Biotechnology: Biological Products (No Diagnostic Substances),true,false,0.698180
AXS,Axis Capital Holdings Limited Common Stock,95.31,-1.007,6954419673,712913,Bermuda,Finance,Property-Casualty Insurers,false,false,0.698065
TENB,Tenable Holdings Inc. Common Stock,36.23,0.891,3990371584,2415678,United States,Technology,Computer Software: Prepackaged Software,true,false,0.698016
FCFS,FirstCash Holdings Inc. Common Stock,216.47,-1.992,9388693546,301665,United States,Consumer Discretionary,Other Specialty Stores,true,false,0.697973
INGM,Ingram Micro Holding Corporation Common Stock,27.31,0.257,6299376598,2017422,United States,Technology,Retail: Computer Software & Peripheral Equipment,true,false,0.697760
ALKS,Alkermes plc Ordinary Shares,42.13,-2.68,7067866649,2475720,Ireland,Health Care,Biotechnology: Pharmaceutical Preparations,false,false,0.697736
EMN,Eastman Chemical Company Common Stock,66.8,-0.403,7640411723,798253,United States,Industrials,Major Chemicals,true,false,0.697736
MUR,Murphy Oil Corporation Common Stock,36.21,2.346,5191830536,1191658,United States,Energy,Oil & Gas Production,true,false,0.697649
DPC,DPC Holdings PLC Ordinary Shares,41.93,3.149,6264049161,1354547,,Telecommunications,Metal Fabrications,false,false,0.697344
M,Macy's Inc Common Stock,22.24,-2.371,5808568607,5475794,United States,Consumer Discretionary,Department/Specialty Retail Stores,true,false,0.697328
PJT,PJT Partners Inc. Class A Common Stock,149.33,-0.599,6124263572,461292,United States,Finance,Investment Managers,true,false,0.697249
ANF,Abercrombie & Fitch Company Common Stock,132.25,-2.907,5611946358,1094701,United States,Consumer Discretionary,Clothing/Shoe/Accessory Stores,true,false,0.697029
RYTM,Rhythm Pharmaceuticals Inc. Common Stock,98.24,-1.038,6764028536,696464,United States,Health Care,Biotechnology: Pharmaceutical Preparations,true,false,0.696792
PAC,Grupo Aeroportuario Del Pacifico S.A. B. de C.V. Grupo Aeroportuario Del Pacifico S.A. de C.V. (each representing 10 Series B shares),207.41,-0.019,12341272486,151075,Mexico,Consumer Discretionary,Aerospace,false,false,0.696260
NSIT,Insight Enterprises Inc. Common Stock,158.25,1.28,4644455513,384289,United States,Consumer Discretionary,Catalog/Specialty Distribution,true,false,0.696238
GTES,Gates Industrial Corporation Ltd. Common Shares,26.36,0.803,6673064841,1665068,United Kingdom,Industrials,Industrial Machinery/Components,false,false,0.696124
FNB,F.N.B. Corporation Common Stock,17.3,-1.816,6106916816,5354875,United States,Finance,Major Banks,true,false,0.696093
CRUS,Cirrus Logic Inc. Common Stock,120.45,0.058,6036660222,479480,United States,Technology,Semiconductors,true,false,0.695980
SFM,Sprouts Farmers Market Inc. Common Stock,66.07,-3.8,6160870584,2380887,United States,Consumer Staples,Food Chains,true,false,0.695904
DSGX,Descartes Systems Group Inc. (The) Common Stock,80.24,1.75,6864415893,427738,Canada,Technology,Computer Software: Prepackaged Software,false,false,0.695836
ULS,UL Solutions Inc. Class A Common Stock,65.38,-1.905,13200102551,690535,United States,Health Care,Precision Instruments,true,false,0.695773
KRMN,Karman Holdings Inc. Common Stock,33.05,-1.343,4380239049,3984762,United States,Industrials,Military/Government/Technical,true,false,0.695736
LOPE,Grand Canyon Education Inc. Common Stock,150.64,2.63,3926437174,354729,United States,Real Estate,Other Consumer Services,true,false,0.695668
SKM,SK Telecom Co. Ltd. Common Stock,35.85,-1.376,13751343000,1071931,South Korea,Telecommunications,Telecommunications Equipment,false,false,0.695668
CORZ,Core Scientific Inc. Common Stock,18.1,-3.672,5816261982,9102749,United States,Finance,Finance: Consumer Services,true,false,0.695606
MBLY,Mobileye Global Inc. Class A Common Stock,7.61,-0.911,6469927621,8920374,Israel,Technology,Computer Software: Prepackaged Software,false,false,0.695389
WMG,Warner Music Group Corp. Class A Common Stock,27.16,-0.84,14207661326,1192861,United States,Consumer Discretionary,Services-Misc. Amusement & Recreation,true,false,0.695165
DLB,Dolby Laboratories Common Stock,58.03,-0.634,5435600174,1318237,United States,Miscellaneous,Multi-Sector Companies,true,false,0.694841
PEGA,Pegasystems Inc. Common Stock,35.18,1.369,5783765965,1260290,United States,Technology,EDP Services,true,false,0.694691
RHP,Ryman Hospitality Properties Inc. (REIT),120.74,-0.666,8329050283,413727,United States,Real Estate,Real Estate Investment Trusts,true,false,0.694690
CNX,CNX Resources Corporation Common Stock,33,0.579,4882140021,1985317,United States,Energy,Oil & Gas Production,true,false,0.694596
NFG,National Fuel Gas Company Common Stock,78.61,-1.738,7471495232,894084,United States,Utilities,Oil/Gas Transmission,true,false,0.694526
THG,Hanover Insurance Group Inc,217.57,-0.385,7575835483,229753,United States,Finance,Property-Casualty Insurers,true,false,0.694459
YOU,Clear Secure Inc. Class A Common Stock,38.9,-0.333,5262706390,1879882,United States,Technology,Computer Software: Prepackaged Software,true,false,0.694364
ICUI,ICU Medical Inc. Common Stock,163.32,1.454,4084149446,408295,United States,Health Care,Medical/Dental Instruments,true,false,0.694330
OCTV,Octave Intelligence plc Class B Ordinary Shares,19.82,2.323,5320436958,1951054,United States,Technology,Computer Software: Prepackaged Software,true,false,0.694315
RSI,Rush Street Interactive Inc. Class A Common Stock,20.56,-3.11,4765260240,8822109,United States,Consumer Discretionary,Services-Misc. Amusement & Recreation,true,false,0.694152
IX,ORIX Corporation American Depositary Shares,39.1,-1.088,43952568998,473951,Japan,Finance,Diversified Financial Services,false,false,0.693896
CNO,CNO Financial Group Inc. Common Stock,54.02,0.111,4998004461,1266104,United States,Finance,Accident &Health Insurance,true,false,0.693035
MTG,MGIC Investment Corporation Common Stock,29.3,0.034,6010157812,1873676,United States,Finance,Property-Casualty Insurers,true,false,0.692985
JOBY,Joby Aviation Inc. Common Stock,6.25,-2.95,6211715281,18210056,United States,Industrials,Aerospace,true,false,0.692948
BLDR,Builders FirstSource Inc. Common Stock,59.16,-2.809,6365406396,1813445,United States,Consumer Discretionary,RETAIL: Building Materials,true,false,0.692926
ORI,Old Republic International Corporation Common Stock,38.26,-1.341,9237223596,1307626,United States,Finance,Property-Casualty Insurers,true,false,0.692787
VIRT,Virtu Financial Inc. Class A Common Stock,53.01,-2.716,8227164033,1497283,United States,Finance,Investment Bankers/Brokers/Service,true,false,0.692656
SNEX,StoneX Group Inc. Common Stock,67.78,-2.165,8175402298,1008867,United States,Finance,Investment Bankers/Brokers/Service,true,false,0.692614
BETA,Beta Technologies Inc. Class A Common Stock,24.34,4.553,5694125400,2212221,United States,Industrials,Aerospace,true,false,0.692531
POR,Portland General Electric Co Common Stock,46.92,-0.95,5518155161,1633677,United States,Utilities,Electric Utilities: Central,true,false,0.692416
CHT,Chunghwa Telecom Co. Ltd.,46.2,0.195,35839403015,311950,Taiwan,Telecommunications,Telecommunications Equipment,false,false,0.691937
AXTA,Axalta Coating Systems Ltd. Common Shares,32.43,-1.846,6940668503,2208608,United States,Consumer Discretionary,Paints/Coatings,true,false,0.691643
MAC,Macerich Company (The) Common Stock,22.67,-0.57,6428291031,2505283,United States,Real Estate,Real Estate Investment Trusts,true,false,0.691578
PL,Planet Labs PBC Class A Common Stock,16.38,-3.134,5959830060,7524087,United States,Technology,Radio And Television Broadcasting And Communications Equipment,true,false,0.691483
WAL,Western Alliance Bancorporation Common Stock (DE),75.6,-2.765,8248025318,1013093,United States,Finance,Major Banks,true,false,0.691342
DBRG,DigitalBridge Group Inc.,15.99,0.063,2998049543,8216774,United States,Real Estate,Real Estate Investment Trusts,true,false,0.691115
GGB,Gerdau S.A. Common Stock,4.88,-2.789,9652728079,13312212,Brazil,Industrials,Steel/Iron Ore,false,false,0.690633
BCH,Banco De Chile ADS,41.8,-1.159,21112569971,583015,Chile,Finance,Commercial Banks,false,false,0.690584
TRNO,Terreno Realty Corporation Common Stock,66.02,-0.572,7194219866,755582,United States,Finance,Real Estate,true,false,0.690580
QBTS,D-Wave Quantum Inc. Common Stock,16.81,-4.271,6381523617,28655805,United States,Technology,EDP Services,true,false,0.690480
NOV,NOV Inc. Common Stock,20.28,0.496,7229376375,1890412,United States,Consumer Discretionary,Oil and Gas Field Machinery,true,false,0.690306
SMMT,Summit Therapeutics Inc. Common Stock,16.45,-3.914,13122980953,3891175,United States,Health Care,Biotechnology: Pharmaceutical Preparations,true,false,0.690131
PAAS,Pan American Silver Corp. Common Stock,48.11,-5.388,19947271980,4398340,Canada,Basic Materials,Precious Metals,false,false,0.690084
TEX,Terex Corporation Common Stock,58.21,-0.987,6653403000,989538,United States,Industrials,Construction/Ag Equipment/Trucks,true,false,0.689871
DOCS,Doximity Inc. Class A Common Stock,26.57,0.226,4735995689,2474624,United States,Technology,EDP Services,true,false,0.689566
LTM,LATAM Airlines Group S.A. American Depositary Shares (each representing two thousand (2000) shares of Common Stock),52.46,-1.852,15061685260,664230,Chile,Consumer Discretionary,Air Freight/Delivery Services,false,false,0.689551
DRS,Leonardo DRS Inc. Common Stock,37.41,0.7,9984411576,707499,Israel,Industrials,Industrial Machinery/Components,false,false,0.689467
GBCI,Glacier Bancorp Inc. Common Stock,44.13,-0.068,5746253486,1243977,United States,Finance,Major Banks,true,false,0.689337
BYD,Boyd Gaming Corporation Common Stock,71.74,-0.472,5212299400,946465,United States,Consumer Discretionary,Hotels/Resorts,true,false,0.689181
YMM,Full Truck Alliance Co. Ltd. American Depositary Shares (each representing 20 Class A Ordinary Shares),8.34,-1.302,8653119704,5936039,China,Technology,Computer Software: Prepackaged Software,false,false,0.689177
NOVT,Novanta Inc. Common Stock,144.43,0.18,5462020521,370996,United States,Miscellaneous,Industrial Machinery/Components,true,false,0.689103
SLAB,Silicon Laboratories Inc. Common Stock,221.25,-0.324,7382395871,202266,United States,Technology,Semiconductors,true,false,0.688940
XPEV,XPeng Inc. American depositary shares each representing two Class A ordinary shares,10.29,-1.813,9858542049,4675981,China,Industrials,Auto Manufacturing,false,false,0.688648
APLD,Applied Digital Corporation Common Stock,27.23,-4.59,7936703920,13725531,United States,Technology,EDP Services,true,false,0.688590
EPRT,Essential Properties Realty Trust Inc. Common Stock,26.87,-0.665,5811255617,2276604,United States,Real Estate,Real Estate Investment Trusts,true,false,0.688581
ATRC,AtriCure Inc. Common Stock,59.955,1.912,3049688657,1206289,United States,Health Care,Medical/Dental Instruments,true,false,0.688496
AEG,Aegon Ltd. New York Registry Shares,8.75,-2.235,16703316963,4023819,Netherlands,Finance,Life Insurance,false,false,0.688473
OKLO,Oklo Inc. Class A common stock,38.82,-4.03,7221205173,7280021,United States,Utilities,Electric Utilities: Central,true,false,0.688469
OMF,OneMain Holdings Inc. Common Stock,57.25,-3.097,6586124100,1675499,United States,Finance,Finance: Consumer Services,true,false,0.688434
NPO,Enpro Inc. Common Stock,305.46,1.563,6465879838,105363,United States,Industrials,Metal Fabrications,true,false,0.688387
PUK,Prudential Public Limited Company Common Stock,25.26,-2.282,31569893034,975157,United Kingdom,Finance,Life Insurance,false,false,0.688303
WDS,Woodside Energy Group Limited American Depositary Shares each representing one Ordinary Share,22.18,-0.493,42166401172,650677,Australia,Energy,Oil & Gas Production,false,false,0.688285
WOR,Worthington Enterprises Inc. Common Shares,59.7,1.289,2920929005,1530374,United States,Industrials,Steel/Iron Ore,true,false,0.687987
UGP,Ultrapar Participacoes S.A. (New) American Depositary Shares (Each representing one Common Share),7.66,-0.39,8524126071,5070206,Brazil,Utilities,Oil/Gas Transmission,false,false,0.687819
MAAS,Maase Inc. Class A Ordinary Shares,15.06,1.074,6659164205,2251991,China,Finance,Investment Managers,false,false,0.687546
MEOH,Methanex Corporation Common Stock,59.15,2.318,4576096156,672410,Canada,Industrials,Major Chemicals,false,false,0.687499
EPAM,EPAM Systems Inc. Common Stock,110.06,-1.327,5677663129,653279,United States,Technology,EDP Services,true,false,0.687427
CXW,CoreCivic Inc. Common Stock,32.28,2.574,3192281825,1771883,United States,Real Estate,Real Estate Investment Trusts,true,false,0.687374
DOX,Amdocs Limited Ordinary Shares,58.36,-0.731,6299935096,929397,Guernsey,Technology,EDP Services,false,false,0.687374
PI,Impinj Inc. Common Stock,177.2,-2.503,5414241984,590387,United States,Technology,Industrial Machinery/Components,true,false,0.687285
SIG,Signet Jewelers Limited Common Shares,100.12,-0.299,3836322369,938638,Bermuda,Consumer Discretionary,Consumer Specialties,false,false,0.687256
SNN,Smith & Nephew SNATS Inc. Common Stock,26.82,-2.473,11229763686,1794464,United Kingdom,Health Care,Industrial Specialties,false,false,0.686903
ATR,AptarGroup Inc. Common Stock,124.74,-0.566,7931110031,335352,United States,Industrials,Plastic Products,true,false,0.686872
JMKE,Jersey Mike's Subs Inc. Class A Common Stock,18.2,-1.194,5781027980,3704964,,Consumer Discretionary,Restaurants,false,false,0.686770
BBIO,BridgeBio Pharma Inc. Common Stock,65.71,-5.085,12845481917,3677929,United States,Health Care,Biotechnology: Pharmaceutical Preparations,true,false,0.685926
EXLS,ExlService Holdings Inc. Common Stock,34.83,-0.543,5280663340,1793382,United States,Consumer Discretionary,Business Services,true,false,0.685768
SON,Sonoco Products Company Common Stock,50.63,-0.118,5006041402,1182934,United States,Consumer Discretionary,Containers/Packaging,true,false,0.685590
FWONA,Liberty Media Corporation Series A Common Stock,85.6,-1.235,21460646316,257220,United States,Industrials,Broadcasting,true,false,0.685584
LKQ,LKQ Corporation Common Stock,23.43,-0.678,5927838875,2396441,United States,Consumer Discretionary,Motor Vehicles,true,false,0.685486
CACC,Credit Acceptance Corporation Common Stock,555.13,-1.282,5762571375,120176,United States,Finance,Finance: Consumer Services,true,false,0.685178
FND,Floor & Decor Holdings Inc. Common Stock,47.39,-3.463,5046559441,2979855,United States,Consumer Discretionary,RETAIL: Building Materials,true,false,0.685111
ABVX,Abivax SA American Depositary Shares,94.13,-4.232,8104078580,2637422,France,Health Care,Biotechnology: Pharmaceutical Preparations,false,false,0.684912
LBRT,Liberty Energy Inc. Class A common stock,18.27,1.275,2981507170,4450868,United States,Energy,Oilfield Services/Equipment,true,false,0.684859
CVI,CVR Energy Inc. Common Stock,51.8,-0.633,5207485028,1231411,United States,Energy,Integrated oil Companies,true,false,0.684827
CMC,Commercial Metals Company Common Stock,64.66,-0.523,7152969501,670285,United States,Industrials,Steel/Iron Ore,true,false,0.684802
JAN,Janus Living Inc. Class A-1 Common Stock,29.56,-0.705,9172195339,1230012,,Real Estate,Real Estate Investment Trusts,false,false,0.684729
ASST,Strive Inc. Class A Common Stock,28.99,-1.227,2812106795,6075498,United States,Finance,Finance: Consumer Services,true,false,0.684157
MIDD,Middleby Corporation (The) Common Stock,111.24,-1.374,5030534103,717735,United States,Industrials,Industrial Machinery/Components,true,false,0.684131
GIL,Gildan Activewear Inc. Class A Sub. Vot. Common Stock,46.19,-1.744,8554011459,1065922,Canada,Consumer Discretionary,Apparel,false,false,0.684097
AIR,AAR Corp. Common Stock,119.46,1.452,4809321026,353115,United States,Industrials,Aerospace,true,false,0.684087
BELFB,Bel Fuse Inc. Class B Common Stock,254.08,1.811,3668775456,212296,United States,Uncategorized,Uncategorized,true,false,0.684071
NYT,New York Times Company (The) Common Stock,61.89,-5.439,9933522129,6705429,United States,Consumer Discretionary,Newspapers/Magazines,true,false,0.683897
G,Genpact Limited Common Stock,33.85,-0.118,5687964677,1472629,Bermuda,Consumer Discretionary,Professional Services,false,false,0.683720
STNG,Scorpio Tankers Inc. Common Shares,81.25,-1.312,4205726688,1200040,Monaco,Consumer Discretionary,Marine Transportation,false,false,0.683649
AAOI,Applied Optoelectronics Inc. Common Stock,101.06,-5.551,8580629566,6603601,United States,Technology,Semiconductors,true,false,0.683542
TFX,Teleflex Incorporated Common Stock,121.75,-2.522,5158839335,832677,United States,Health Care,Medical/Dental Instruments,true,false,0.683305
VCYT,Veracyte Inc. Common Stock,43.82,1.061,3522721832,1525636,United States,Health Care,Medical Specialities,true,false,0.683229
ACLS,Axcelis Technologies Inc. Common Stock,118.43,2.324,3657294742,402392,United States,Technology,Industrial Machinery/Components,true,false,0.682940
SSD,Simpson Manufacturing Company Inc. Common Stock,175.02,-0.951,7173139044,259241,United States,Consumer Discretionary,Industrial Machinery/Components,true,false,0.682827
MP,MP Materials Corp. Common Stock,48.89,-4.212,8707386637,4206545,United States,Basic Materials,Metal Mining,true,false,0.682819
IDCC,InterDigital Inc. Common Stock,326.55,-2.16,8426951586,160442,United States,Miscellaneous,Multi-Sector Companies,true,false,0.682771
ESNT,Essent Group Ltd. Common Shares,65.45,-0.381,5882416467,758284,Bermuda,Finance,Property-Casualty Insurers,false,false,0.682451
CECO,CECO Environmental Corp. Common Stock,74.985,1.73,4391858703,575467,United States,Industrials,Pollution Control Equipment,true,false,0.682443
ITGR,Integer Holdings Corporation Common Stock,126.32,-0.008,4293875503,527969,United States,Health Care,Biotechnology: Electromedical & Electrotherapeutic Apparatus,true,false,0.682338
KAI,Kadant Inc Common Stock,278.35,2.293,3287067717,187869,United States,Industrials,Industrial Machinery/Components,true,false,0.682233
WLK,Westlake Corporation Common Stock,68.42,-0.552,8743839814,504933,United States,Industrials,Major Chemicals,true,false,0.681850
MMSI,Merit Medical Systems Inc. Common Stock,87.07,-0.218,5198986269,611281,United States,Health Care,Medical/Dental Instruments,true,false,0.681576
STLA,Stellantis N.V. Common Shares,4.62,-4.348,13386372366,28064911,United Kingdom,Industrials,Auto Manufacturing,false,false,0.681436
LI,Li Auto Inc. American Depositary Shares,11.7,0.343,10637201894,1941328,China,Industrials,Auto Manufacturing,false,false,0.681368
AEHR,Aehr Test Systems Common Stock,97.38,-3.201,3180386589,2565877,United States,Industrials,Electrical Products,true,false,0.681362
CHH,Choice Hotels International Inc. Common Stock,101.64,1.316,4592038282,427914,United States,Consumer Discretionary,Hotels/Resorts,true,false,0.681321
GMAB,Genmab A/S ADS,34.75,-1.334,4464569356,2509862,Denmark,Health Care,Biotechnology: Pharmaceutical Preparations,false,false,0.681314
ENPH,Enphase Energy Inc. Common Stock,33.07,-3.922,4370023509,5559470,United States,Technology,Semiconductors,true,false,0.681282
CAMT,Camtek Ltd. Ordinary Shares,147.06,-2.841,6845438145,487063,Israel,Technology,Electronic Components,false,false,0.681150
VSH,Vishay Intertechnology Inc. Common Stock,32.6,-1.629,5000160844,2413036,United States,Technology,Electrical Products,true,false,0.680928
SBRA,Sabra Health Care REIT Inc. Common Stock,19.69,-0.606,5030061666,3033223,United States,Real Estate,Real Estate Investment Trusts,true,false,0.680654
KBR,KBR Inc. Common Stock,35.34,0.943,4455234462,1375794,United States,Industrials,Military/Government/Technical,true,false,0.680557
BOX,Box Inc. Class A Common Stock,32.76,-0.335,4494697323,1988008,United States,Technology,Computer Software: Prepackaged Software,true,false,0.680414
LEA,Lear Corporation Common Stock,121.69,-0.58,6002330531,395159,United States,Consumer Discretionary,Auto Parts:O.E.M.,true,false,0.680401
BBWI,Bath & Body Works Inc.,17.02,-0.931,3432003227,6311496,United States,Consumer Discretionary,Other Specialty Stores,true,false,0.680253
BMI,Badger Meter Inc. Common Stock,133,0.56,3855250651,470048,United States,Industrials,Industrial Machinery/Components,true,false,0.680127
FAF,First American Corporation (New) Common Stock,68.09,-1.661,6951989000,754933,United States,Finance,Specialty Insurers,true,false,0.680114
INFQ,Infleqtion Inc. Common Stock,13.83,-1.636,3116688029,10601149,,Technology,EDP Services,false,false,0.679891
WRBY,Warby Parker Inc. Class A Common Stock,23.35,1.787,2886248061,2815453,United States,Health Care,Ophthalmic Goods,true,false,0.679133
FRSH,Freshworks Inc. Class A Common Stock,12.87,3.623,3358050336,6237113,United States,Technology,Computer Software: Prepackaged Software,true,false,0.679075
MANE,Veradermics Incorporated Common Stock,115.78,-1.998,4837304146,754394,,Health Care,Biotechnology: Pharmaceutical Preparations,false,false,0.678918
HAE,Haemonetics Corporation Common Stock,106.82,-1.567,4859994988,704903,United States,Health Care,Medical/Dental Instruments,true,false,0.678733
AGI,Alamos Gold Inc. Class A Common Shares,34.49,-4.96,14484607025,4358800,Canada,Basic Materials,Precious Metals,false,false,0.678594
LOAR,Loar Holdings Inc. Common Stock,63.65,-0.81,5963271179,771423,United States,Industrials,Military/Government/Technical,true,false,0.678528
PTEN,Patterson-UTI Energy Inc. Common Stock,11.07,-0.628,4221930555,6448018,United States,Energy,Oil & Gas Production,true,false,0.678256
TAL,TAL Education Group American Depositary Shares,11.98,0.927,6645321023,2360873,China,Real Estate,Other Consumer Services,false,false,0.678095
STAG,Stag Industrial Inc. Common Stock,36.83,-1.313,7101130757,1224033,United States,Real Estate,Real Estate Investment Trusts,true,false,0.678086
CHEF,The Chefs' Warehouse Inc. Common Stock,108.89,0.489,4442285478,465896,United States,Consumer Discretionary,Food Distributors,true,false,0.678033
CNK,Cinemark Holdings Inc Cinemark Holdings Inc. Common Stock,35.79,-0.251,4148485290,1861493,United States,Consumer Discretionary,Movies/Entertainment,true,false,0.678026
BDC,Belden Inc Common Stock,114.13,0.982,4459993939,395046,United States,Industrials,Telecommunications Equipment,true,false,0.678022
MBGL,Mobility Global Inc. Common Stock,18.88,-1.1,5566226522,2910501,United States,Consumer Discretionary,Business Services,true,false,0.677926
EXP,Eagle Materials Inc Common Stock,178.34,-2.632,5470637461,458842,United States,Industrials,Building Materials,true,false,0.677624
BKH,Black Hills Corporation Common Stock,70.51,-1.756,5376608972,953922,United States,Utilities,Electric Utilities: Central,true,false,0.677518
HESM,Hess Midstream LP Class A Representing Limited Partner Interests,38.78,-0.996,4977447165,1584058,United States,Energy,Oil & Gas Production,true,false,0.677493
BTE,Baytex Energy Corp Common Shares,4.58,0,3246707040,18359166,Canada,Energy,Oil & Gas Production,false,false,0.677293
BZ,KANZHUN LIMITED American Depository Shares,14.41,-2.767,6669030180,4551923,China,Technology,Computer Software: Programming Data Processing,false,false,0.676990
QUBT,Quantum Computing Inc. Common Stock,9.12,0.441,2064283372,14942873,United States,Technology,Computer Software: Prepackaged Software,true,false,0.676987
APLE,Apple Hospitality REIT Inc. Common Shares,15.83,0.317,3737189109,4102149,United States,Real Estate,Real Estate Investment Trusts,true,false,0.676958
ASND,Ascendis Pharma A/S Ordinary Share,223.13,-6.078,14653679859,1218513,Denmark,Health Care,Biotechnology: Pharmaceutical Preparations,false,false,0.676921
MTRN,Materion Corporation,254.73,0.565,5306974769,153013,United States,Industrials,Industrial Specialties,true,false,0.676911
WULF,TeraWulf Inc. Common Stock,16.35,-5.655,8158137869,32100592,United States,Finance,Finance: Consumer Services,true,false,0.676559
JOYY,JOYY Inc. American Depositary Shares,80.38,-0.827,4157413717,907221,Singapore,Technology,EDP Services,false,false,0.676543
BLSH,Bullish Ordinary Shares,40.11,-1.45,6403209414,1246294,Cayman Islands,Finance,Finance: Consumer Services,false,false,0.676518
OUT,OUTFRONT Media Inc. Common Stock,28.21,0.071,4968775431,1681120,United States,Real Estate,Real Estate Investment Trusts,true,false,0.676489
EMA,Emera Incorporated Common Shares,48.2,-1.148,14807040000,454974,Canada,Utilities,Electric Utilities: Central,false,false,0.676408
ST,Sensata Technologies Holding plc Ordinary Shares,41.51,-1.542,6041193632,1286309,Netherlands,Industrials,Industrial Machinery/Components,false,false,0.676355
KT,KT Corporation Common Stock,19.45,-0.256,9378597951,1330692,South Korea,Telecommunications,Telecommunications Equipment,false,false,0.676259
WSE,Wise Group plc Class A Ordinary Shares,11.35,-1.39,13954862580,2107050,United Kingdom,Industrials,Diversified Commercial Services,false,false,0.676244
TRMD,TORM plc Class A Common Stock,34.42,-0.606,3493209869,2541978,United Kingdom,Consumer Discretionary,Marine Transportation,false,false,0.676167
INGR,Ingredion Incorporated Common Stock,96.82,-1.113,6105854447,488860,United States,Consumer Staples,Packaged Foods,true,false,0.675588
RDY,Dr. Reddy's Laboratories Ltd Common Stock,12.39,-1.432,10341399858,2485174,India,Health Care,Biotechnology: Pharmaceutical Preparations,false,false,0.675363
MIRM,Mirum Pharmaceuticals Inc. Common Stock,89.32,-2.265,5799744372,739208,United States,Health Care,Biotechnology: Pharmaceutical Preparations,true,false,0.675311
CBC,Central Bancompany Inc. Class A Common Stock,31.37,-1.01,7513276022,1194838,United States,Finance,Major Banks,true,false,0.675257
AXSM,Axsome Therapeutics Inc. Common Stock,193.45,-4.751,10133069242,912997,United States,Health Care,Biotechnology: Pharmaceutical Preparations,true,false,0.675026
BOKF,BOK Financial Corporation Common Stock,130.58,-0.359,7934937493,232078,United States,Finance,Major Banks,true,false,0.674993
ACI,Albertsons Companies Inc. Class A Common Stock,11.7,-3.065,5678310491,7051570,United States,Consumer Staples,Food Chains,true,false,0.674895
W,Wayfair Inc. Class A Common Stock,99.5,-7.313,13628322965,4267917,United States,Consumer Discretionary,Catalog/Specialty Distribution,true,false,0.674843
AN,AutoNation Inc. Common Stock,165.05,-2.689,5456686030,467667,United States,Consumer Discretionary,Retail-Auto Dealers and Gas Stations,true,false,0.674812
AROC,Archrock Inc. Common Stock,30.84,1.447,5407429625,960135,United States,Utilities,Natural Gas Distribution,true,false,0.674777
UCTT,Ultra Clean Holdings Inc. Common Stock,77.29,0.967,3499461571,710696,United States,Technology,Semiconductors,true,false,0.674442
RYN,Rayonier Inc. REIT Common Stock,19.86,-1.877,5909686399,2864434,United States,Real Estate,Real Estate Investment Trusts,true,false,0.674317
CLMT,Calumet Inc. Common Stock,54.38,-3.616,4779905965,2215007,United States,Energy,Integrated oil Companies,true,false,0.674314
LAZ,Lazard Inc. Common Stock,36.82,0.601,3588130061,1594678,Bermuda,Finance,Investment Managers,false,false,0.674066
JBTM,JBT Marel Corporation Common Stock,113.28,-0.062,5876605830,334974,United States,Industrials,Industrial Machinery/Components,true,false,0.673910
LQDA,Liquidia Corporation Common Stock,67.49,-1.675,6040955054,766228,United States,Health Care,Biotechnology: Pharmaceutical Preparations,true,false,0.673683
MATX,Matson Inc. Common Stock,221.91,-2.147,6635876365,235092,United States,Consumer Discretionary,Marine Transportation,true,false,0.673672
BEPC,Brookfield Renewable Corporation Brookfield Renewable Corporation Class A Subordinate Voting Shares,29.22,-2.6,11012615757,1274175,United States,Utilities,Electric Utilities: Central,true,false,0.673614
NXST,Nexstar Media Group Inc. Common Stock,165.57,-1.17,5100930397,341543,United States,Industrials,Broadcasting,true,false,0.673522
EQX,Equinox Gold Corp. Common Shares,12.05,-5.564,14067890855,15436756,Canada,Basic Materials,Precious Metals,false,false,0.673455
SFNC,Simmons First National Corporation Class A Common Stock,22.89,1.733,3307920630,2120070,United States,Finance,Major Banks,true,false,0.673146
LW,Lamb Weston Holdings Inc. Common Stock,45.04,-2.847,6192144735,1468110,United States,Consumer Staples,Packaged Foods,true,false,0.673063
GLNG,Golar Lng Ltd,49.94,-0.952,5073368044,1064617,Bermuda,Consumer Discretionary,Marine Transportation,false,false,0.672827
ESAB,ESAB Corporation Common Stock,67.33,-1.622,4185758647,1209975,United States,Industrials,Industrial Machinery/Components,true,false,0.672818
DHT,DHT Holdings Inc.,21.28,-0.514,3426966035,3744158,Jersey,Consumer Discretionary,Marine Transportation,false,false,0.672629
KBH,KB Home Common Stock,47.15,-2.964,2890753675,4278542,United States,Consumer Discretionary,Homebuilding,true,false,0.672489
SIGI,Selective Insurance Group Inc. Common Stock,86.33,-1.54,5142602043,692018,United States,Finance,Property-Casualty Insurers,true,false,0.672458
ONDS,Ondas Inc. Common Stock,7.4,-4.145,4229848961,67797833,United States,Technology,Radio And Television Broadcasting And Communications Equipment,true,false,0.672242
BC,Brunswick Corporation Common Stock,66.23,-0.541,4291533656,886587,United States,Industrials,Industrial Machinery/Components,true,false,0.672224
KNSL,Kinsale Capital Group Inc. Common Stock,339.38,-3.539,7730541877,179693,United States,Finance,Property-Casualty Insurers,true,false,0.672126
PHG,Koninklijke Philips N.V. NY Registry Shares,24.45,-2.082,24031533042,747920,Netherlands,Health Care,Medical Electronics,false,false,0.671847
SHAK,Shake Shack Inc. Class A Common Stock,58.47,0.654,2502453905,1507490,United States,Consumer Discretionary,Restaurants,true,false,0.671605
ZWS,Zurn Elkay Water Solutions Corporation Common Stock,46.78,-0.277,7759122458,593489,United States,Industrials,Industrial Machinery/Components,true,false,0.671494
OGS,ONE Gas Inc. Common Stock,72.29,-1.74,4543879758,992655,United States,Utilities,Oil/Gas Transmission,true,false,0.671361
PLNT,Planet Fitness Inc. Common Stock,41,-3.756,3083895565,5441463,United States,Consumer Discretionary,Hotels/Resorts,true,false,0.671283
SWX,Southwest Gas Holdings Inc. Common Stock (DE),82.34,-1.377,5965191536,568979,United States,Utilities,Oil & Gas Production,true,false,0.671014
MDA,MDA Space Ltd. Common Shares,31.59,0.83,5121711877,1045743,,Consumer Discretionary,Electronic Components,false,false,0.670789
STWD,STARWOOD PROPERTY TRUST INC. Starwood Property Trust Inc.,14.7,-2.649,5441483565,4634480,United States,Real Estate,Real Estate Investment Trusts,true,false,0.670170
AEO,American Eagle Outfitters Inc. Common Stock,15.92,0,2667767461,5781617,United States,Consumer Discretionary,Clothing/Shoe/Accessory Stores,true,false,0.670069
CX,Cemex S.A.B. de C.V. Sponsored ADR,9.76,-4.688,14795341282,10645546,Mexico,Industrials,Building Materials,false,false,0.670025
GVA,Granite Construction Incorporated Common Stock,112.65,-1.469,4930072052,511591,United States,Industrials,Military/Government/Technical,true,false,0.669865
SXI,Standex International Corporation Common Stock,276.91,2.128,3400860473,141544,United States,Industrials,Industrial Machinery/Components,true,false,0.669775
NE,Noble Corporation plc A Ordinary Shares,44.62,-0.933,7123235767,747923,United States,Energy,Oil & Gas Production,true,false,0.669467
FCN,FTI Consulting Inc. Common Stock,133.49,-0.898,3685869147,542488,United States,Consumer Discretionary,Professional Services,true,false,0.669228
INSW,International Seaways Inc. Common Stock,101.96,-1.914,5050212470,601936,United States,Consumer Discretionary,Marine Transportation,true,false,0.669059
CWST,Casella Waste Systems Inc. Class A Common Stock,84.8,-1.119,5396675901,557410,United States,Utilities,Environmental Services,true,false,0.669054
FRVO,Fervo Energy Company Class A common stock,16.35,-0.547,4819378304,2908309,United States,Utilities,Electric Utilities: Central,true,false,0.668948
TBBB,BBB Foods Inc. Class A Common Shares,51.73,0.681,6096750318,507448,Mexico,Consumer Staples,Food Chains,false,false,0.668857
FLG,Flagstar Bank N.A. Common Stock,12.3,-1.914,5105641883,4931443,United States,Finance,Banks,true,false,0.668826
EGO,Eldorado Gold Corporation Ordinary Shares,42.84,-4.482,11194942931,2787759,Canada,Basic Materials,Precious Metals,false,false,0.668606
ECG,Everus Construction Group Inc. Common Stock,114.98,-1.109,5871319863,366808,United States,Consumer Discretionary,Homebuilding,true,false,0.668535
GPK,Graphic Packaging Holding Company,9.66,0.94,2860051395,6431061,United States,Consumer Discretionary,Containers/Packaging,true,false,0.668298
FBIN,Fortune Brands Innovations Inc. Common Stock,39.03,-2.959,4659068747,2244382,United States,Basic Materials,Forest Products,true,false,0.668011
OZK,Bank OZK Common Stock,46.09,-1.978,5214444324,1251031,United States,Finance,Major Banks,true,false,0.667943
RDNT,RadNet Inc. Common Stock,73.21,-0.974,5761426185,560742,United States,Health Care,Medical Specialities,true,false,0.667730
LAUR,Laureate Education Inc. Common Stock,36.72,1.633,5058156499,701868,United States,Real Estate,Other Consumer Services,true,false,0.667696
ASB,Associated Banc-Corp Common Stock,28.68,-1.172,5416208220,1579352,United States,Finance,Major Banks,true,false,0.667395
TDS,Telephone and Data Systems Inc. Common Shares,36.43,-0.709,4193093000,1526061,United States,Telecommunications,Telecommunications Equipment,true,false,0.667111
TX,Ternium S.A. Ternium S.A. American Depositary Shares (each representing ten shares USD1.00 par value),55.99,-0.78,10991266891,367594,Luxembourg,Industrials,Steel/Iron Ore,false,false,0.666955
IOND,Ionic Digital Inc. Class A Common Stock,86.64,0.266,3898468602,557738,United States,Finance,Finance: Consumer Services,true,false,0.666645
FHI,Federated Hermes Inc. Common Stock,57.56,1.124,4297445774,609711,United States,Finance,Investment Managers,true,false,0.666262
PIPR,Piper Sandler Companies Common Stock,72.42,-0.44,5117942474,550935,United States,Finance,Investment Bankers/Brokers/Service,true,false,0.666239
HWC,Hancock Whitney Corporation Common Stock,72.39,-1.604,5807347169,625704,United States,Finance,Major Banks,true,false,0.666183
GHC,Graham Holdings Company Common Stock,1147.27,-0.24,4858605847,34793,United States,Real Estate,Other Consumer Services,true,false,0.665934
CUZ,Cousins Properties Incorporated Common Stock,28.25,-2.249,4650008139,2413901,United States,Real Estate,Real Estate Investment Trusts,true,false,0.665731
ECO,Okeanis Eco Tankers Corp. Common Stock,78.03,0.632,3046654430,723346,,Consumer Discretionary,Marine Transportation,false,false,0.665300
ORA,Ormat Technologies Inc. Common Stock,95.83,-1.491,5893251856,446016,United States,Utilities,Electric Utilities: Central,true,false,0.665236
ACVA,ACV Auctions Inc. Class A Common Stock,10.43,-0.191,1771097231,14193018,United States,Consumer Discretionary,Business Services,true,false,0.665224
ENVA,Enova International Inc. Common Stock,168.37,-0.361,4192138725,294859,United States,Finance,Finance: Consumer Services,true,false,0.665170
KB,KB Financial Group Inc,125.39,-2.964,44963314462,115458,South Korea,Finance,Commercial Banks,false,false,0.665040
CSTM,Constellium SE Ordinary Shares (France),24.96,-1.461,3382772091,3370484,Netherlands,Industrials,Metal Fabrications,false,false,0.664974
SFD,Smithfield Foods Inc. Common Stock,18.93,-3.221,7454017469,2635693,United States,Consumer Staples,Meat/Poultry/Fish,true,false,0.664963
BLLN,BillionToOne Inc. Class A Common Stock,114.42,-1.422,5399140888,397869,United States,Health Care,Medical Specialities,true,false,0.664944
SMG,Scotts Miracle-Gro Company (The) Common Stock,52.83,0.285,3075777075,1139865,United States,Industrials,Agricultural Chemicals,true,false,0.664912
IAG,Iamgold Corporation Ordinary Shares,19.89,-4.787,11357190000,6153338,Canada,Basic Materials,Precious Metals,false,false,0.664825
PARR,Par Pacific Holdings Inc.  Common Stock,76.97,-2.705,3856168290,1248264,United States,Energy,Oil & Gas Production,true,false,0.664815
FMS,Fresenius Medical Care AG American Depositary Shares (Each representing 1/2 of an Ordinary Share),22.41,-0.4,12517727826,735448,Germany,Health Care,Misc Health and Biotechnology Services,false,false,0.664300
LXP,LXP Industrial Trust Common Stock (Maryland REIT),60.88,0.016,3589318232,875459,United States,Real Estate,Real Estate Investment Trusts,true,false,0.664209
BIRK,Birkenstock Holding plc Ordinary Shares,31.42,-0.821,5188265330,1307890,,Consumer Discretionary,Shoe Manufacturing,false,false,0.664127
PECO,Phillips Edison & Company Inc. Common Stock,36.72,-0.998,4725864000,1304647,United States,Real Estate,Real Estate Investment Trusts,true,false,0.663812
PVH,PVH Corp. Common Stock,75.39,-0.659,3478331230,850047,United States,Industrials,Garments and Clothing,true,false,0.663768
FSS,Federal Signal Corporation Common Stock,113.25,-2.109,6912962446,348289,United States,Industrials,Auto Manufacturing,true,false,0.663761
POST,Post Holdings Inc. Common Stock,75.81,-0.211,3332365387,790517,United States,Consumer Staples,Packaged Foods,true,false,0.663671
MIR,Mirion Technologies Inc. Class A Common Stock,16.38,-0.667,4079236658,3203486,United States,Industrials,Industrial Machinery/Components,true,false,0.663621
FOUR,Shift4 Payments Inc. Class A Common Stock,38.46,-1.561,3036806215,2442965,United States,Consumer Discretionary,Business Services,true,false,0.663438
WDFC,WD-40 Company Common Stock,199.34,2.631,2675361277,204326,United States,Industrials,Major Chemicals,true,false,0.663315
SITE,SiteOne Landscape Supply Inc. Common Stock,93.77,-0.657,4093565920,550295,United States,Consumer Discretionary,Professional and commerical equipment,true,false,0.663218
BILI,Bilibili Inc. American Depositary Shares,15.01,-1.831,6253520941,2703284,China,Technology,EDP Services,false,false,0.663100
ARX,Accelerant Holdings Class A Common Shares,19.72,-0.354,4282958245,2301106,Cayman Islands,Finance,Specialty Insurers,false,false,0.662811
LSTR,Landstar System Inc. Common Stock,166.98,-1.008,5666787737,227487,United States,Industrials,Trucking Freight/Courier Services,true,false,0.662760
COGT,Cogent Biosciences Inc. Common Stock,31.41,-3.739,5450419685,2330333,United States,Health Care,Biotechnology: Pharmaceutical Preparations,true,false,0.662460
LEVI,Levi Strauss & Co Class A Common Stock,19.63,-2.144,7554616532,1829234,United States,Consumer Discretionary,Apparel,true,false,0.662399
BRZE,Braze Inc. Class A Common Stock,25.87,1.371,2938429126,1818340,United States,Technology,Computer Software: Prepackaged Software,true,false,0.662250
CHWY,Chewy Inc. Class A Common Stock,18.55,-5.646,7455750469,16781279,United States,Consumer Discretionary,Catalog/Specialty Distribution,true,false,0.662074
MMED,MiniMed Group Inc. Common Stock,20.54,-3.113,5778927583,2845330,United States,Health Care,Medical/Dental Instruments,true,false,0.661968
AUB,Atlantic Union Bankshares Corporation Common Stock,38.25,-1.061,5462669772,1003431,United States,Finance,Major Banks,true,false,0.661911
LFST,LifeStance Health Group Inc. Common Stock,12.08,-3.745,4616422096,7615448,United States,Health Care,Medical/Nursing Services,true,false,0.661639
THO,Thor Industries Inc. Common Stock,72.31,-2.019,3732234444,1079305,United States,Industrials,Homebuilding,true,false,0.661107
HLNE,Hamilton Lane Incorporated Class A Common Stock,85.7,-2.169,4722981677,684640,United States,Finance,Investment Managers,true,false,0.661080
CRC,California Resources Corporation Common Stock,52.1,0.135,4627516425,682832,United States,Energy,Oil & Gas Production,true,false,0.661065
ABCB,Ameris Bancorp Common Stock,81.63,-1.282,5477963920,479708,United States,Finance,Major Banks,true,false,0.660919
VNO,Vornado Realty Trust Common Stock,34.16,-3.175,6378373339,1509331,United States,Real Estate,Real Estate Investment Trusts,true,false,0.660782
OSIS,OSI Systems Inc. Common Stock (DE),203,1.075,3236219504,213322,United States,Technology,Semiconductors,true,false,0.660433
LLYVK,Liberty Live Holdings Inc. Series C Liberty Live Group Common Stock,98.16,-0.608,9031247708,207767,United States,Consumer Discretionary,Services-Misc. Amusement & Recreation,true,false,0.660398
TCBI,Texas Capital Bancshares Inc. Common Stock,94.17,-0.318,4093981329,475718,United States,Finance,Major Banks,true,false,0.660048
SXT,Sensient Technologies Corporation Common Stock,128.85,-1.498,5484218197,309756,United States,Industrials,Major Chemicals,true,false,0.660038
TXG,10x Genomics Inc. Class A Common Stock,75.62,-6.295,9852618124,3477019,United States,Industrials,Biotechnology: Laboratory Analytical Instruments,true,false,0.659787
RHI,Robert Half Inc. Common Stock,37.36,-0.585,3824237894,1360005,United States,Consumer Discretionary,Professional Services,true,false,0.659657
TREX,Trex Company Inc. Common Stock,43.62,-1.156,4443359588,1114660,United States,Basic Materials,Forest Products,true,false,0.659360
STN,Stantec Inc Common Stock,70.68,-0.549,7944411008,308721,Canada,Consumer Discretionary,Military/Government/Technical,false,false,0.659335
LUMN,Lumen Technologies Inc. Common Stock,6.13,-3.918,6322760327,9711141,United States,Telecommunications,Telecommunications Equipment,true,false,0.659013
VAC,Marriott Vacations Worldwide Corporation Common Stock,100.85,1.715,3468768022,325313,United States,Finance,Real Estate,true,false,0.659009
WIT,Wipro Limited Common Stock,1.69,0,16736999157,5968646,India,Technology,EDP Services,false,false,0.658887
PSN,Parsons Corporation Common Stock,43.82,-0.612,4680212365,890992,United States,Technology,EDP Services,true,false,0.658862
TBB,AT&T Inc. 5.350% Global Notes due 2066,19.35,-0.258,138359959038,210429,United States,Telecommunications,Telecommunications Equipment,true,false,0.658807
HOMB,Home BancShares Inc. Common Stock,28.84,-1.03,5769431329,1160665,United States,Finance,Major Banks,true,false,0.658768
GXO,GXO Logistics Inc. Common Stock,45.23,-1.18,5187183508,867027,United States,Consumer Discretionary,Transportation Services,true,false,0.658622
ASAN,Asana Inc. Class A Common Stock,9.47,4.295,2168347008,8549666,United States,Technology,Computer Software: Prepackaged Software,true,false,0.658051
BAND,Bandwidth Inc. Class A Common Stock,59.13,1.25,1902849994,1280785,United States,Technology,Computer Software: Prepackaged Software,true,false,0.657966
TALO,Talos Energy Inc. Common Stock,16.56,2.921,2764948150,1944736,United States,Energy,Oil & Gas Production,true,false,0.657765
KRG,Kite Realty Group Trust Common Stock,24.69,-1.594,4946565776,1818860,United States,Real Estate,Real Estate Investment Trusts,true,false,0.657601
GTX,Garrett Motion Inc. Common Stock,25.5,-1.734,4755582057,1906970,Switzerland,Consumer Discretionary,Auto Parts:O.E.M.,false,false,0.657423
FUL,H. B. Fuller Company Common Stock,50.21,-1.684,2700665906,1999837,United States,Industrials,Home Furnishings,true,false,0.657346
VSEC,VSE Corporation Common Stock,178.54,-2.661,5010720101,312640,United States,Consumer Discretionary,Military/Government/Technical,true,false,0.657169
VVX,V2X Inc. Common Stock,74.94,2.728,2349021129,531564,United States,Consumer Discretionary,Diversified Commercial Services,true,false,0.657106
VSNT,Versant Media Group Inc. Class A Common Stock,33.04,-1.403,4585697691,1415791,United States,Industrials,Broadcasting,true,false,0.656992
SR,Spire Inc. Common Stock,77.39,-1.414,4574740134,608918,United States,Utilities,Oil/Gas Transmission,true,false,0.656863
GLXY,Galaxy Digital Inc. Class A Common Stock,25.79,-5.079,10081029631,4909255,United States,Finance,Investment Bankers/Brokers/Service,true,false,0.656630
BVN,Buenaventura Mining Company Inc.,33.42,-3.689,8488241095,1213840,Peru,Basic Materials,Metal Mining,false,false,0.656602
CPRI,Capri Holdings Limited Ordinary Shares,15.43,1.58,1753644466,4750187,Hong Kong,Consumer Discretionary,Apparel,false,false,0.656392
TNL,Travel   Leisure Co. Common  Stock,63.09,0.35,3861374997,599639,United States,Consumer Discretionary,Hotels/Resorts,true,false,0.656175
CALM,Cal-Maine Foods Inc. Common Stock,71.73,-1.914,3365277148,1049222,United States,Consumer Staples,Farming/Seeds/Milling,true,false,0.655968
PS,Pershing Square Inc. Common Stock,49.99,-2.705,19996000000,331698,,Finance,Investment Managers,false,false,0.655874
VIV,Telefonica Brasil S.A. American Depositary Shares (Each representing One Common Share),11.65,-2.429,18614407000,1398142,Brazil,Telecommunications,Telecommunications Equipment,false,false,0.655849
NVST,Envista Holdings Corporation Common Stock,23.82,-1.489,3825913828,2410910,United States,Health Care,Medical/Dental Instruments,true,false,0.655847
SOBO,South Bow Corporation Common Shares,34.38,-0.636,7171139476,651202,Canada,Energy,Natural Gas Distribution,false,false,0.655702
BGC,BGC Group Inc. Class A Common Stock,12.1,-1.385,5753144916,2825399,United States,Finance,Investment Bankers/Brokers/Service,true,false,0.655586
OTEX,Open Text Corporation Common Shares,23.08,0.391,5783912093,960488,Canada,Technology,EDP Services,false,false,0.655408
LINE,Lineage Inc. Common Stock,36.32,-2.888,8270427636,916300,United States,Real Estate,Real Estate Investment Trusts,true,false,0.655319
FIVN,Five9 Inc. Common Stock,37.68,-2.51,2815582648,2958609,United States,Technology,EDP Services,true,false,0.655144
HP,Helmerich & Payne Inc. Common Stock,39.56,-0.578,3953584664,1103374,United States,Energy,Oil & Gas Production,true,false,0.655007
CNS,Cohen & Steers Inc Common Stock,75.44,1.207,3879240450,393737,United States,Finance,Investment Managers,true,false,0.654627
AZZ,AZZ Inc.,137.8,0.702,4141096838,222403,United States,Industrials,Industrial Specialties,true,false,0.654600
SEZL,Sezzle Inc. Common Stock,106.89,-2.827,3599522246,799814,United States,Finance,Finance: Consumer Services,true,false,0.654594
BILL,BILL Holdings Inc. Common Stock,45.92,-1.226,3915909829,1103586,United States,Technology,Computer Software: Prepackaged Software,true,false,0.654480
EPR,EPR Properties Common Stock,56.92,-1.591,4360579840,870146,United States,Real Estate,Real Estate Investment Trusts,true,false,0.654366
BFH,Bread Financial Holdings Inc. Common Stock,99.19,-3.408,3810807193,924472,United States,Consumer Discretionary,Business Services,true,false,0.654359
PRAX,Praxis Precision Medicines Inc. Common Stock,282.12,-6.163,7876787015,1005476,United States,Health Care,Biotechnology: Pharmaceutical Preparations,true,false,0.654285
GDS,GDS Holdings Limited ADS,33.11,-1.896,6634502766,951798,China,Technology,Computer Software: Programming Data Processing,false,false,0.654255
EBC,Eastern Bankshares Inc. Common Stock,21.14,-1.076,4830734209,1799814,United States,Finance,Savings Institutions,true,false,0.654039
GNTX,Gentex Corporation Common Stock,22.18,-0.538,4672956282,1544868,United States,Consumer Discretionary,Auto Parts:O.E.M.,true,false,0.653863
RXO,RXO Inc. Common Stock,19.88,0.455,3278731425,2064132,United States,Consumer Discretionary,Transportation Services,true,false,0.653011
PCVX,Vaxcyte Inc. Common Stock,56.495,-4.278,8406754181,1650476,United States,Health Care,Biotechnology: Biological Products (No Diagnostic Substances),true,false,0.652919
MICC,The Magnum Ice Cream Company N.V. Ordinary Shares,19.06,-1.346,11669670625,868837,,Consumer Staples,Specialty Foods,false,false,0.652801
NJR,NewJersey Resources Corporation Common Stock,52.22,-0.948,5298656140,603100,United States,Utilities,Oil/Gas Transmission,true,false,0.652537
DX,Dynex Capital Inc. Common Stock,11.73,-3.058,2910997936,9701667,United States,Real Estate,Real Estate Investment Trusts,true,false,0.652464
SBS,Companhia de saneamento Basico Do Estado De Sao Paulo - Sabesp American Depositary Shares (Each repstg 250 Common Shares),5.17,-4.082,18221840909,8432059,Brazil,Utilities,Water Supply,false,false,0.652273
GGAL,Grupo Financiero Galicia S.A. American Depositary Shares,39.99,-3.055,6423408666,1022626,Argentina,Finance,Commercial Banks,false,false,0.652194
SYNA,Synaptics Incorporated Common Stock $0.001 Par Value,98.1,0.471,3893825715,332236,United States,Technology,Semiconductors,true,false,0.652118
ACIW,ACI Worldwide Inc. Common Stock,49.22,0.061,4969016962,537360,United States,Technology,Computer Software: Prepackaged Software,true,false,0.652048
CRK,Comstock Resources Inc. Common Stock,13.45,0.976,3949196371,2103584,United States,Energy,Oil & Gas Production,true,false,0.651994
CVSA,Covista Inc. Common Shares,123.19,0.154,4193242236,260887,United States,Real Estate,Other Consumer Services,true,false,0.651973
MRCY,Mercury Systems Inc Common Stock,82.72,-1.383,5034635834,444832,United States,Technology,Electrical Products,true,false,0.651733
BCPC,Balchem Corporation Common Stock,168.24,-0.095,5363158253,145673,United States,Industrials,Major Chemicals,true,false,0.651680
FHB,First Hawaiian Inc. Common Stock,24.78,-1.589,3015263903,2852409,United States,Finance,Major Banks,true,false,0.651533
SNAP,Snap Inc. Class A Common Stock,5.29,-5.872,8946435896,36066609,United States,Technology,Computer Software: Programming Data Processing,true,false,0.651426
NOG,Northern Oil and Gas Inc. Common Stock,23.14,1.447,2465546822,1933695,United States,Energy,Oil & Gas Production,true,false,0.651051
AG,First Majestic Silver Corp. Ordinary Shares (Canada),19.05,-6.25,9389866596,10638701,Canada,Basic Materials,Precious Metals,false,false,0.651022
ROAD,Construction Partners Inc. Class A Common Stock,93.44,-3.381,5361078419,559351,United States,Industrials,Military/Government/Technical,true,false,0.650936
ORKA,Oruka Therapeutics Inc. Common Stock,89.925,-4.892,5953907183,1993049,United States,Health Care,Biotechnology: In Vitro & In Vivo Diagnostic Substances,true,false,0.650682
PSMT,PriceSmart Inc. Common Stock,172.64,-0.098,5327760863,139917,United States,Consumer Discretionary,Department/Specialty Retail Stores,true,false,0.650611
CHYM,Chime Financial Inc. Class A Common Stock,26.46,-7.547,10017362037,10022130,United States,Finance,Finance: Consumer Services,true,false,0.650553
CPA,Copa Holdings S.A. Class A Common Stock,129.93,-3.848,5345132191,443003,Panama,Consumer Discretionary,Air Freight/Delivery Services,false,false,0.650401
MCY,Mercury General Corporation Common Stock,97.84,-0.092,5419223266,238130,United States,Finance,Property-Casualty Insurers,true,false,0.650158
OBDC,Blue Owl Capital Corporation Common Stock,10.95,-1.706,5399911131,3169843,United States,Finance,Diversified Financial Services,true,false,0.650127
INDV,Indivior Pharmaceuticals Inc. Common Stock,35.91,-0.774,4238526750,1058031,United Kingdom,Health Care,Biotechnology: Pharmaceutical Preparations,false,false,0.650048
CIGI,Colliers International Group Inc. Subordinate Voting Shares,91.31,-1.233,4666289896,403994,Canada,Finance,Real Estate,false,false,0.649777
SHG,Shinhan Financial Group Co Ltd American Depositary Shares,79.83,-3.54,37891657639,154155,South Korea,Finance,Major Banks,false,false,0.649346
GPOR,Gulfport Energy Corporation Common Shares,159.72,0.77,2824467078,263043,United States,Energy,Oil & Gas Production,true,false,0.649338
UEC,Uranium Energy Corp. Common Stock,9.95,-3.679,4923980042,6067351,Canada,Basic Materials,Other Metals and Minerals,false,false,0.649291
WHD,Cactus Inc. Class A Common Stock,66.03,-0.452,5294246905,388672,United States,Consumer Discretionary,Oil and Gas Field Machinery,true,false,0.649017
FRHC,Freedom Holding Corp. Common Stock,172.73,0.917,11018043548,51542,Kazakhstan,Finance,Investment Bankers/Brokers/Service,false,false,0.648881
PRIM,Primoris Services Corporation Common Stock,74.12,-2.883,3990052077,877992,United States,Industrials,Water Sewer Pipeline Comm & Power Line Construction,true,false,0.648864
OUST,Ouster Inc. Common Stock,39.38,-2.161,2839783674,2141066,United States,Industrials,Industrial Machinery/Components,true,false,0.648654
VIPS,Vipshop Holdings Limited American Depositary Shares each representing two ordinary shares,12.37,-2.368,5940946580,2881831,China,Consumer Discretionary,Catalog/Specialty Distribution,false,false,0.648650
COMP,Compass Inc. Class A Common Stock,9.16,-5.274,6938903325,18088006,United States,Finance,Real Estate,true,false,0.648358
PSO,Pearson Plc Common Stock,15.89,-0.188,9561329100,837465,United Kingdom,Consumer Discretionary,Books,false,false,0.648246
SLGN,Silgan Holdings Inc. Common Stock,37.15,-0.801,3926087043,1058953,United States,Industrials,Containers/Packaging,true,false,0.648035
BKV,BKV Corporation Common Stock,23.27,1.616,2546618304,1639069,United States,Energy,Oil & Gas Production,true,false,0.647819
UNF,Unifirst Corporation Common Stock,257.62,-2.792,4658844648,195477,United States,Consumer Discretionary,Other Consumer Services,true,false,0.647626
MAT,Mattel Inc. Common Stock,13.08,-0.984,3736956000,3337986,United States,Consumer Discretionary,Recreational Games/Products/Toys,true,false,0.647502
ROG,Rogers Corporation Common Stock,139.44,1.073,2491560632,313987,United States,Industrials,Major Chemicals,true,false,0.647484
HIMS,Hims & Hers Health Inc. Class A Common Stock,28.39,-6.704,6623767795,11886228,United States,Health Care,Medical/Nursing Services,true,false,0.647292
EQPT,EquipmentShare.com Inc Class A Common Stock,18.08,-2.691,4581037411,2775601,United States,Consumer Discretionary,Diversified Commercial Services,true,false,0.647227
DIOD,Diodes Incorporated Common Stock,95.51,-0.448,4398398345,328770,United States,Technology,Semiconductors,true,false,0.647220
CAE,CAE Inc. Common Shares,24.41,-0.651,7848026391,717570,Canada,Miscellaneous,Industrial Machinery/Components,false,false,0.647188
SYRE,Spyre Therapeutics Inc. Common Stock,88.17,-4.132,7774280596,918795,United States,Health Care,Biotechnology: Pharmaceutical Preparations,true,false,0.647165
APPN,Appian Corporation Class A Common Stock,37.96,2.873,2718983582,673831,United States,Technology,Computer Software: Prepackaged Software,true,false,0.646856
HURN,Huron Consulting Group Inc. Common Stock,159.91,1.299,2544179614,247543,United States,Consumer Discretionary,Professional Services,true,false,0.646617
IOVA,Iovance Biotherapeutics Inc. Common Stock,10.19,-4.229,4615778892,15917500,United States,Health Care,Biotechnology: Biological Products (No Diagnostic Substances),true,false,0.646433
SKT,Tanger Inc. Common Stock,35.13,-1.32,4035698884,1183624,United States,Real Estate,Real Estate Investment Trusts,true,false,0.646358
RUSHA,Rush Enterprises Inc. Common Stock Cl A,48.04,-0.476,5607726350,470798,United States,Consumer Discretionary,Retail-Auto Dealers and Gas Stations,true,false,0.646130
WSC,WillScot Holdings Corporation Class A Common Stock,17.9,-2.452,3243318148,3936006,United States,Industrials,Misc Corporate Leasing Services,true,false,0.646078
SECZ,Securitize Corp. Common Stock,14.36,10.462,2344495237,9188096,,Finance,Finance: Consumer Services,false,false,0.645887
FULT,Fulton Financial Corporation Common Stock,22.75,-1.173,4343306308,1620588,United States,Finance,Major Banks,true,false,0.645792
LEGN,Legend Biotech Corporation American Depositary Shares,18.45,-1.019,3588311220,2409449,United States,Health Care,Biotechnology: Pharmaceutical Preparations,true,false,0.645761
HOG,Harley-Davidson Inc. Common Stock,25.98,-0.192,2703803732,1970916,United States,Consumer Discretionary,Motor Vehicles,true,false,0.645694
AMTM,Amentum Holdings Inc. Common Stock,19.71,0.051,4819221400,1203566,United States,Consumer Discretionary,Business Services,true,false,0.645672
CON,Concentra Group Holdings Parent Inc. Common Stock,34.79,-0.258,4436342035,815448,United States,Health Care,Medical Specialities,true,false,0.645319
RLI,RLI Corp. Common Stock (DE),56.85,-2.202,5217293345,640808,United States,Finance,Property-Casualty Insurers,true,false,0.645249
ADT,ADT Inc. Common Stock,6.34,-3.058,4631745632,7981448,United States,Consumer Discretionary,Diversified Commercial Services,true,false,0.645139
GBTG,Global Business Travel Group Inc. Class A Common Stock,9.46,0,4941652771,2419700,United States,Consumer Discretionary,Transportation Services,true,false,0.644922
SOUN,SoundHound AI Inc Class A Common Stock,6.01,-1.797,2890838145,11266338,United States,Technology,Computer Software: Prepackaged Software,true,false,0.644905
VEON,VEON Ltd. ADS,70.36,1.427,4845073680,245536,Netherlands,Telecommunications,Telecommunications Equipment,false,false,0.644857
KYMR,Kymera Therapeutics Inc. Common Stock,115.47,-5.399,9601401860,969658,United States,Health Care,Biotechnology: Biological Products (No Diagnostic Substances),true,false,0.644799
PACS,PACS Group Inc. Common Stock,41.05,-1.156,6499676873,531309,United States,Health Care,Hospital/Nursing Management,true,false,0.644770
RITM,Rithm Capital Corp. Common Stock,9.42,-2.282,5260194232,3861411,United States,Real Estate,Real Estate Investment Trusts,true,false,0.644663
GOLF,Acushnet Holdings Corp. Common Stock,82.95,-0.3,4844698400,298209,United States,Consumer Discretionary,Recreational Games/Products/Toys,true,false,0.644471
RDN,Radian Group Inc. Common Stock,34.54,-0.432,4569687524,808736,United States,Finance,Property-Casualty Insurers,true,false,0.644434
ADPT,Adaptive Biotechnologies Corporation Common Stock,27.89,-0.606,4451128033,1079770,United States,Health Care,Biotechnology: Biological Products (No Diagnostic Substances),true,false,0.644410
TMDX,TransMedics Group Inc. Common Stock,87,-1.215,3016737615,615603,United States,Health Care,Biotechnology: Electromedical & Electrotherapeutic Apparatus,true,false,0.644251
MRX,Marex Group Limited Ordinary Shares,71.59,-1.459,5307169801,410655,United Kingdom,Finance,Investment Bankers/Brokers/Service,false,false,0.644248
ASH,Ashland Inc. Common Stock,69.01,-0.933,3160200464,704475,United States,Consumer Discretionary,Specialty Chemicals,true,false,0.644121
SUZ,Suzano S.A. American Depositary Shares (each representing One Ordinary Share),9.21,-3.56,11642523234,2393648,Brazil,Basic Materials,Paper,false,false,0.643976
COHU,Cohu Inc. Common Stock,64.48,-0.093,3052382160,621876,United States,Industrials,Electrical Products,true,false,0.643850
ACT,Enact Holdings Inc. Common Stock,47.75,0.294,6564845290,313900,United States,Finance,Specialty Insurers,true,false,0.643757
REYN,Reynolds Consumer Products Inc. Common Stock,21.94,-1.037,4624754145,1408697,United States,Consumer Discretionary,Containers/Packaging,true,false,0.643474
VC,Visteon Corporation Common Stock,93.03,1.131,2483475760,423858,United States,Consumer Discretionary,Auto Parts:O.E.M.,true,false,0.643464
MC,Moelis & Company Class A Common Stock,58.18,-1.189,4553694376,559813,United States,Finance,Investment Managers,true,false,0.643420
FBP,First BanCorp. New Common Stock,26.69,-0.818,4074716073,1272799,Puerto Rico,Finance,Major Banks,false,false,0.643179
CWEN,Clearway Energy Inc. Class C Common Stock,30.12,-1.729,4937080945,1095190,United States,Utilities,Electric Utilities: Central,true,false,0.643115
CENX,Century Aluminum Company Common Stock,38.82,-1.472,3842919712,1099619,United States,Industrials,Aluminum,true,false,0.643031
KALU,Kaiser Aluminum Corporation Common Stock,156.26,1.566,2554709116,218049,United States,Industrials,Metal Fabrications,true,false,0.642993
RNST,Renasant Corporation Common Stock,39.7,-0.151,3628757261,836164,United States,Finance,Major Banks,true,false,0.642820
PTGX,Protagonist Therapeutics Inc. Common Stock,138.7,-4.391,8975039130,513322,United States,Health Care,Biotechnology: Pharmaceutical Preparations,true,false,0.642765
DORM,Dorman Products Inc. Common Stock,121.41,0.497,3602916781,237554,United States,Consumer Discretionary,Auto Parts:O.E.M.,true,false,0.642717
VNT,Vontier Corporation Common Stock,31.32,-0.318,4234464000,906523,United States,Industrials,Industrial Machinery/Components,true,false,0.642687
SBLK,Star Bulk Carriers Corp. Common Shares,30.4,-1.745,3390516560,1690290,Greece,Consumer Discretionary,Marine Transportation,false,false,0.642636
NMR,Nomura Holdings Inc ADR American Depositary Shares,9.84,-1.205,28549158284,661071,Japan,Finance,Investment Bankers/Brokers/Service,false,false,0.642402
KNSA,Kiniksa Pharmaceuticals International plc Class A Ordinary Shares,76.08,-2.462,5936066909,408497,United States,Health Care,Biotechnology: Pharmaceutical Preparations,true,false,0.642222
BHE,Benchmark Electronics Inc. Common Stock,83.11,1.07,2985305632,366453,United States,Technology,Electrical Products,true,false,0.641965
CLSK,CleanSpark Inc. Common Stock,14.46,-4.491,3713574876,16917172,United States,Finance,Finance: Consumer Services,true,false,0.641929
BTU,Peabody Energy Corporation Common Stock,26.41,-1.418,3219379000,1907097,United States,Energy,Coal Mining,true,false,0.641925
CBRL,Cracker Barrel Old Country Store Inc Common Stock,47.52,4.485,1062141379,2836849,United States,Consumer Discretionary,Restaurants,true,false,0.641906
ERO,Ero Copper Corp. Common Shares,36.48,-2.172,3804060273,1364243,Canada,Basic Materials,Metal Mining,false,false,0.641658
HGV,Hilton Grand Vacations Inc. Common Stock,35.6,0.084,2766979562,1207238,United States,Consumer Discretionary,Hotels/Resorts,true,false,0.641639
PFSI,PennyMac Financial Services Inc. Common Stock,65.61,-2.016,3408542639,808620,United States,Finance,Finance: Consumer Services,true,false,0.641411
ARWR,Arrowhead Pharmaceuticals Inc. Common Stock,66.96,-6.819,9458399110,2555722,United States,Health Care,Biotechnology: Pharmaceutical Preparations,true,false,0.641254
GEF,Greif Inc. Class A Common Stock,84.31,-0.331,3892451144,366315,United States,Uncategorized,Uncategorized,true,false,0.641226
BTG,B2Gold Corp Common shares (Canada),5.35,-4.122,7067728577,14127694,Canada,Basic Materials,Precious Metals,false,false,0.641211
TLK,PT Telekomunikasi Indonesia Tbk,13.47,-1.463,13343680576,829397,Indonesia,Telecommunications,Telecommunications Equipment,false,false,0.641010
LIVN,LivaNova PLC Ordinary Shares,77.16,-1.694,4251015000,493071,United Kingdom,Health Care,Biotechnology: Electromedical & Electrotherapeutic Apparatus,false,false,0.640979
NHC,National HealthCare Corporation Common Stock,224.87,0.902,3521777894,113834,United States,Health Care,Hospital/Nursing Management,true,false,0.640975
SHC,Sotera Health Company Common Stock,18.29,-2.14,5219505001,1758489,United States,Health Care,Misc Health and Biotechnology Services,true,false,0.640902
FELE,Franklin Electric Co. Inc. Common Stock,96.3,0.323,4257563983,240915,United States,Consumer Discretionary,Metal Fabrications,true,false,0.640823
COLD,Americold Realty Trust Inc. Common Stock,14.37,-1.237,4102355518,2474393,United States,Real Estate,Real Estate Investment Trusts,true,false,0.640668
BSAC,Banco Santander - Chile ADS,34.3,-2.196,16159255373,331226,Chile,Finance,Commercial Banks,false,false,0.640514
CAR,Avis Budget Group Inc. Common Stock,105.67,-1.912,3732872425,432891,United States,Consumer Discretionary,Rental/Leasing Companies,true,false,0.640258
STEP,StepStone Group Inc. Class A Common Stock,45.03,-3.307,5434070360,868915,United States,Finance,Investment Managers,true,false,0.640066
CNR,Core Natural Resources Inc. Common Stock,92.15,-1.895,4573981083,387891,United States,Energy,Coal Mining,true,false,0.640004
WT,WisdomTree Inc. Common Stock,23.72,-0.042,3593867273,1304659,United States,Finance,Investment Bankers/Brokers/Service,true,false,0.639992
SGHC,Super Group (SGHC) Limited Ordinary Shares,12.03,-2.591,6112163760,2379805,,Consumer Discretionary,Services-Misc. Amusement & Recreation,false,false,0.639916
BNL,Broadstone Net Lease Inc. Common Stock,18.91,-1.098,3628696082,2050127,United States,Real Estate,Real Estate Investment Trusts,true,false,0.639783
DRH,Diamondrock Hospitality Company Common Stock,12.24,-0.569,2504373535,4342820,United States,Real Estate,Real Estate Investment Trusts,true,false,0.639750
BATRK,Atlanta Braves Holdings Inc. Series C Common Stock,53.32,0.918,3421432268,477517,United States,Consumer Discretionary,Services-Misc. Amusement & Recreation,true,false,0.639531
WTM,White Mountains Insurance Group Ltd. Common Stock,2032.01,-1.053,4849840939,12931,United States,Finance,Property-Casualty Insurers,true,false,0.639502
DCO,Ducommun Incorporated Common Stock,172.51,3.641,2604862875,243388,United States,Industrials,Military/Government/Technical,true,false,0.639158
KLAR,Klarna Group plc Ordinary Shares,12.94,-5.34,9131039817,7578802,,Finance,Finance: Consumer Services,false,false,0.639125
CSW,CSW Industrials Inc. Common Stock,297.93,-1.712,4854318582,102786,United States,Industrials,Home Furnishings,true,false,0.639034
ICHR,Ichor Holdings Ordinary Shares,58.4,1.671,2187326974,621895,United States,Technology,Semiconductors,true,false,0.638787
SSRM,SSR Mining Inc. Common Stock,36.3,-5.222,7401908026,3196803,Canada,Industrials,Precious Metals,false,false,0.638537
CDNA,CareDx Inc. Common Stock,54.31,-3.859,2809685651,1907525,United States,Health Care,Medical Specialities,true,false,0.638520
KRC,Kilroy Realty Corporation Common Stock,34.04,-2.015,3959157952,1216279,United States,Real Estate,Real Estate Investment Trusts,true,false,0.638478
AXTI,AXT Inc Common Stock,72.98,-6.183,4785533012,5354661,United States,Technology,Semiconductors,true,false,0.638426
IRDM,Iridium Communications Inc Common Stock,48.3,-0.719,5117886499,464476,United States,Consumer Discretionary,Telecommunications Equipment,true,false,0.638400
FLNC,Fluence Energy Inc. Class A Common Stock,7.58,4.264,1399240477,11588303,United States,Miscellaneous,Industrial Machinery/Components,true,false,0.638318
CVBF,CVB Financial Corporation Common Stock,22.01,-0.677,3873703544,1418753,United States,Finance,Major Banks,true,false,0.638268
FRPT,Freshpet Inc. Common Stock,59.21,-1.53,2845518562,917116,United States,Consumer Staples,Packaged Foods,true,false,0.638151
OII,Oceaneering International Inc. Common Stock,46.24,0.282,4602250785,432210,United States,Energy,Oilfield Services/Equipment,true,false,0.637913
ABCL,AbCellera Biologics Inc. Common Shares,12.31,-2.688,3987277062,3855107,Canada,Health Care,Biotechnology: Pharmaceutical Preparations,false,false,0.637424
SFBS,ServisFirst Bancshares Inc. Common Stock,41.17,-1.389,4501734473,733671,United States,Finance,Major Banks,true,false,0.637375
PLUG,Plug Power Inc. Common Stock,2.04,-3.318,2850278367,41214039,United States,Energy,Industrial Machinery/Components,true,false,0.637167
YETI,YETI Holdings Inc. Common Stock,41.86,-3.947,3055311001,2121574,United States,Consumer Discretionary,Recreational Games/Products/Toys,true,false,0.637051
QMCO,Quantum Corporation Common Stock,25.97,1.248,1023477726,3691910,United States,Technology,Electronic Components,true,false,0.636877
ATKR,Atkore Inc. Common Stock,94.51,0.011,3191843701,340149,United States,Miscellaneous,Industrial Machinery/Components,true,false,0.636504
GENI,Genius Sports Limited Ordinary Shares,6.12,0.658,1637876977,10164255,Guernsey,Consumer Discretionary,Services-Misc. Amusement & Recreation,false,false,0.636376
LRN,Stride Inc. Common Stock,78.53,-0.203,3263694628,414418,United States,Real Estate,Other Consumer Services,true,false,0.636212
LGN,Legence Corp. Class A Common stock,52.92,-2.452,5719354402,529345,United States,Consumer Discretionary,Engineering & Construction,true,false,0.636170
TGB,Trekor Metals Limited Common Shares,9.06,-3.205,3316171261,7098881,Canada,Basic Materials,Precious Metals,false,false,0.636010
PONY,Pony AI Inc. American Depositary Shares,7.26,-0.412,3147511675,4915961,China,Technology,EDP Services,false,false,0.635813
SONO,Sonos Inc. Common Stock,17.1,1.484,2022827041,2264198,United States,Consumer Staples,Consumer Electronics/Appliances,true,false,0.635781
CATY,Cathay General Bancorp Common Stock,60.47,-0.379,4034184695,427949,United States,Finance,Major Banks,true,false,0.635558
ZIM,ZIM Integrated Shipping Services Ltd. Ordinary Shares,30.09,-1.377,3624819172,1259089,,Consumer Discretionary,Marine Transportation,false,false,0.635460
CTRI,Centuri Holdings Inc. Common Stock,20.17,0.699,2036424779,2236342,United States,Utilities,Oil & Gas Production,true,false,0.635106
MAN,ManpowerGroup Common Stock,57.37,-0.451,2668024551,758849,United States,Consumer Discretionary,Professional Services,true,false,0.635100
ITRI,Itron Inc. Common Stock,91.32,-2.154,3998606284,428236,United States,Industrials,Electrical Products,true,false,0.635067
BOH,Bank of Hawaii Corporation Common Stock,70.34,-1.609,2774940855,763582,United States,Finance,Major Banks,true,false,0.634973
NP,Neptune Insurance Holdings Inc. Class A Common Stock,27.76,0.762,3809590578,769762,,Finance,Specialty Insurers,false,false,0.634810
BIPC,Brookfield Infrastructure Corporation Brookfield Infrastructure Corporation,35.48,-1.472,4364593382,852436,Canada,Consumer Discretionary,Marine Transportation,false,false,0.634783
ALHC,Alignment Healthcare Inc. Common Stock,7.86,-1.627,1630440271,13722061,United States,Health Care,Medical Specialities,true,false,0.634545
KEEL,Keel Infrastructure Corp. Common Stock,4.01,-3.373,2476468580,23764580,Canada,Finance,Finance: Consumer Services,false,false,0.634544
OLED,Universal Display Corporation Common Stock,76.71,-1.805,3526115913,540050,United States,Technology,Electrical Products,true,false,0.634434
KFY,Korn Ferry Common Stock,73.96,-2.505,4035172620,562018,United States,Consumer Discretionary,Diversified Commercial Services,true,false,0.634376
SNDR,Schneider National Inc. Common Stock,32.22,-0.862,5648194966,579337,United States,Industrials,Trucking Freight/Courier Services,true,false,0.634259
FFBC,First Financial Bancorp. Common Stock,31.22,-0.351,3277130307,1023973,United States,Finance,Major Banks,true,false,0.633986
IMAX,Imax Corporation Common Stock,53.3,-0.541,2923084676,716836,Canada,Consumer Discretionary,Industrial Machinery/Components,false,false,0.633938
ASO,Academy Sports and Outdoors Inc. Common Stock,48.31,-2.404,2974876224,1171029,United States,Consumer Discretionary,Other Specialty Stores,true,false,0.633917
WSBC,WesBanco Inc. Common Stock,38.09,-1.039,3653055312,866181,United States,Finance,Major Banks,true,false,0.633884
HCC,Warrior Met Coal Inc. Common Stock,90.24,-2.02,4764860331,332637,United States,Energy,Coal Mining,true,false,0.633798
WSFS,WSFS Financial Corporation Common Stock,76.99,0.13,3933465679,292249,United States,Finance,Major Banks,true,false,0.633589
CNXC,Concentrix Corporation Common Stock,30.21,-0.983,1843364354,2472842,United States,Technology,Computer Software: Prepackaged Software,true,false,0.633439
BOOT,Boot Barn Holdings Inc. Common Stock,124.49,-3.705,3770160230,463717,United States,Consumer Discretionary,Clothing/Shoe/Accessory Stores,true,false,0.633319
FIBK,First Interstate BancSystem Inc. Common Stock (DE),36.02,-1.423,3432871944,1062163,United States,Finance,Major Banks,true,false,0.633275
CVCO,Cavco Industries Inc. Common Stock When Issued,541.84,-2.964,4166425580,80162,United States,Consumer Discretionary,Homebuilding,true,false,0.633262
TRLV,Trulieve Cannabis Corp. Subordinate Voting Shares,12.54,0.561,2414768887,2988671,,Health Care,Medicinal Chemicals and Botanical Products,false,false,0.633209
CXT,Crane NXT Co. Common Stock,48.42,-0.041,2787118340,747831,United States,Industrials,Metal Fabrications,true,false,0.633146
MAIN,Main Street Capital Corporation Common Stock,55.08,-1.643,5150446032,438667,United States,Finance,Finance/Investors Services,true,false,0.633133
VECO,Veeco Instruments Inc. Common Stock,45.92,3.517,2807073069,728340,United States,Technology,Industrial Machinery/Components,true,false,0.632979
DGII,Digi International Inc. Common Stock,75.3,0.615,2857493662,391720,United States,Telecommunications,Computer Communications Equipment,true,false,0.632924
TDW,Tidewater Inc. Common Stock,85.91,-1.434,4274557805,341019,United States,Consumer Discretionary,Marine Transportation,true,false,0.632693
UFPI,UFP Industries Inc. Common Stock,81.78,-1.494,4511106734,335600,United States,Basic Materials,Forest Products,true,false,0.632569
KD,Kyndryl Holdings Inc. Common Stock,12.11,0.415,2637779165,2796998,United States,Technology,EDP Services,true,false,0.632510
CBT,Cabot Corporation Common Stock,78.8,-0.843,4068523352,335871,United States,Industrials,Major Chemicals,true,false,0.632473
COCO,The Vita Coco Company Inc. Common Stock,57.98,-2.718,3403089600,874299,United States,Consumer Staples,Beverages (Production/Distribution),true,false,0.632471
IPGP,IPG Photonics Corporation Common Stock,77.18,-1.304,3282815720,495075,United States,Technology,Semiconductors,true,false,0.632175
NHI,National Health Investors Inc. Common Stock,67.2,-0.312,3300221165,447989,United States,Real Estate,Real Estate Investment Trusts,true,false,0.632104
OPLN,OPENLANE Inc. Common Stock,34.19,-1.271,4173568684,826342,United States,Consumer Discretionary,Retail-Auto Dealers and Gas Stations,true,false,0.632096
RCUS,Arcus Biosciences Inc. Common Stock,26.39,-1.786,3360327793,1561400,United States,Health Care,Biotechnology: Pharmaceutical Preparations,true,false,0.632071
FFIN,First Financial Bankshares Inc. Common Stock,31.92,-1.207,4575014023,772844,United States,Finance,Major Banks,true,false,0.632042
WFG,West Fraser Timber Co. Ltd Common stock,73.07,-1.682,5721660274,293168,Canada,Basic Materials,Forest Products,false,false,0.632020
SLM,SLM Corporation Common Stock,23.61,-2.639,4437427678,1542550,United States,Finance,Finance: Consumer Services,true,false,0.631773
MDU,MDU Resources Group Inc. Common Stock (Holding Company),18.39,-0.916,3868326496,1528102,United States,Industrials,Mining & Quarrying of Nonmetallic Minerals (No Fuels),true,false,0.631537
SRAD,Sportradar Group AG Class A Ordinary Shares,13.17,-3.162,4105844484,3366790,Switzerland,Technology,Computer Software: Programming Data Processing,false,false,0.631428
MGNI,Magnite Inc. Common Stock,24.06,-2.984,3450785217,2122746,United States,Technology,Computer Software: Programming Data Processing,true,false,0.631003
HASI,HA Sustainable Infrastructure Capital Inc. Common Stock,36.21,-2.687,4652832556,915465,United States,Finance,Finance/Investors Services,true,false,0.630892
AX,Axos Financial Inc. Common Stock,87.61,-1.705,4970539508,273816,United States,Finance,Savings Institutions,true,false,0.630440
IRT,Independence Realty Trust Inc. Common Stock,14.58,-1.22,3437155787,2292537,United States,Real Estate,Real Estate Investment Trusts,true,false,0.630222
GFF,Griffon Corporation Common Stock,96.59,-0.893,4375016618,242216,United States,Industrials,Building Products,true,false,0.630193
ACHC,Acadia Healthcare Company Inc. Common Stock,28.51,-2.928,2654288840,2465020,United States,Health Care,Medical Specialities,true,false,0.630064
NXE,Nexgen Energy Ltd. Common Shares,9.63,-3.41,6456973753,2709588,Canada,Basic Materials,Other Metals and Minerals,false,false,0.630050
HMY,Harmony Gold Mining Company Limited,18.73,-5.499,11889199471,3512597,South Africa,Basic Materials,Precious Metals,false,false,0.629995
FSV,FirstService Corporation Common Shares,129.57,-2.827,5658292099,204020,Canada,Finance,Real Estate,false,false,0.629717
MIAX,Miami International Holdings Inc. Common Stock,35.89,-2.367,3561396929,1164377,United States,Finance,Investment Bankers/Brokers/Service,true,false,0.629530
ATRO,Astronics Corporation Common Stock,69.14,-0.803,2973646685,517438,United States,Industrials,Military/Government/Technical,true,false,0.629530
ABG,Asbury Automotive Group Inc Common Stock,181.52,-2.962,3258631974,291528,United States,Consumer Discretionary,Retail-Auto Dealers and Gas Stations,true,false,0.629458
OTF,Blue Owl Technology Finance Corp. Common Stock,10.39,-0.953,4760546192,2007660,United States,Uncategorized,Uncategorized,true,false,0.629297
TNGX,Tango Therapeutics Inc.,24.45,-4.23,4122523473,4957308,United States,Health Care,Biotechnology: Pharmaceutical Preparations,true,false,0.629185
NWE,NorthWestern Energy Group Inc. Common Stock,68.7,-1.675,4226276295,416349,United States,Utilities,Power Generation,true,false,0.629042
WAY,Waystar Holding Corp. Common Stock,24.76,-3.394,4747690780,1497695,United States,Technology,EDP Services,true,false,0.628770
UHAL,U-Haul Holding Company Common Stock,61.58,-0.789,11970751422,123875,United States,Consumer Discretionary,Rental/Leasing Companies,true,false,0.628402
QS,QuantumScape Corporation Class A Common Stock,4.91,-2.772,3039847319,10744987,United States,Miscellaneous,Industrial Machinery/Components,true,false,0.628325
RYAN,Ryan Specialty Holdings Inc. Class A Common Stock,36.17,-5.905,9252820773,2618127,United States,Finance,Specialty Insurers,true,false,0.628302
BLTE,Belite Bio Inc American Depositary Shares,168.67,-3.81,6792702528,153850,United States,Health Care,Biotechnology: Pharmaceutical Preparations,true,false,0.628296
ALG,Alamo Group Inc. Common Stock,164.64,-0.526,2003827678,314911,United States,Industrials,Industrial Machinery/Components,true,false,0.628015
USAR,USA Rare Earth Inc. Class A Common Stock,15.83,-6.828,5937462056,13263319,United States,Basic Materials,Metal Mining,true,false,0.627720
PK,Park Hotels & Resorts Inc. Common Stock,15.07,-0.79,3034168633,2172660,United States,Consumer Discretionary,Hotels/Resorts,true,false,0.627489
Z,Zillow Group Inc. Class C Capital Stock,28.65,-7.431,6442667432,7428524,United States,Consumer Discretionary,Business Services,true,false,0.627385
DNOW,DNOW Inc. Common Stock,15.71,0.964,2840146348,1512054,United States,Consumer Discretionary,Oil and Gas Field Machinery,true,false,0.627334
BCO,Brinks Company (The) Common Stock,104.96,-2.016,4323263985,275500,United States,Industrials,Integrated Freight & Logistics,true,false,0.627225
SHOO,Steven Madden Ltd. Common Stock,43.4,-2.362,3175885923,1043262,United States,Consumer Discretionary,Shoe Manufacturing,true,false,0.627162
SPHR,Sphere Entertainment Co. Class A Common Stock,135.89,-4.242,4880300055,656483,United States,Consumer Discretionary,Services-Misc. Amusement & Recreation,true,false,0.626925
WHR,Whirlpool Corporation Common Stock,32.93,-1.877,2147015518,1940844,United States,Consumer Discretionary,Consumer Electronics/Appliances,true,false,0.626898
AAMI,Acadian Asset Management Inc. Common Stock,91.51,-0.424,3247701613,301172,United Kingdom,Finance,Investment Managers,false,false,0.626789
DAN,Dana Incorporated Common Stock,29.7,-1.688,3195027366,1282698,United States,Consumer Discretionary,Auto Parts:O.E.M.,true,false,0.626659
CLBT,Cellebrite DI Ltd. Ordinary Shares,11.5,-1.372,2890422190,3444474,Israel,Technology,Computer Software: Prepackaged Software,false,false,0.626584
BRC,Brady Corporation Common Stock,83.82,0.516,3931092117,211146,United States,Consumer Discretionary,Miscellaneous manufacturing industries,true,false,0.626228
TNK,Teekay Tankers Ltd.,94.54,-1.109,3275230335,335817,Bermuda,Consumer Discretionary,Marine Transportation,false,false,0.626211
PII,Polaris Inc. Common Stock,52.94,-1.908,3012472561,787430,United States,Consumer Discretionary,Industrial Specialties,true,false,0.626161
AAP,Advance Auto Parts Inc.,41.1,-3.657,2482440000,2013104,United States,Consumer Discretionary,Auto & Home Supply Stores,true,false,0.625915
ASR,Grupo Aeroportuario del Sureste S.A. de C.V. Common Stock,239.49,-2.133,7184700000,67531,Mexico,Consumer Discretionary,Aerospace,false,false,0.625827
INDB,Independent Bank Corp. Common Stock,79.79,-0.635,3779580409,295520,United States,Finance,Major Banks,true,false,0.625669
CBZ,CBIZ Inc. Common Stock,54.66,-0.037,2966063626,499012,United States,Consumer Discretionary,Business Services,true,false,0.625639
MMYT,MakeMyTrip Limited Ordinary Shares,46.79,-3.206,4401004795,777669,India,Consumer Discretionary,Transportation Services,false,false,0.625634
IBOC,International Bancshares Corporation Common Stock,69.11,-0.918,4298055533,312738,United States,Finance,Major Banks,true,false,0.625452
DNTH,Dianthus Therapeutics Inc. Common Stock,93.44,-4.992,5226508280,1187445,United States,Health Care,Biotechnology: Pharmaceutical Preparations,true,false,0.625430
PLSE,Pulse Biosciences Inc Common Stock (DE),51.98,-1.348,3707349112,550682,United States,Health Care,Medical/Dental Instruments,true,false,0.625223
POWI,Power Integrations Inc. Common Stock,51.05,-0.797,2852331863,657136,United States,Technology,Semiconductors,true,false,0.624656
MZTI,The Marzetti Company Common Stock,102.12,-1.39,2786956920,390602,United States,Consumer Staples,Packaged Foods,true,false,0.624623
LIF,Life360 Inc. Common Stock,40.75,-0.561,3320325037,638450,United States,Technology,EDP Services,true,false,0.624606
ALK,Alaska Air Group Inc. Common Stock,39.7,-5.273,4430643864,4081168,United States,Consumer Discretionary,Air Freight/Delivery Services,true,false,0.624470
AGYS,Agilysys Inc. Common Stock (DE),101.18,0.807,2853861630,225719,United States,Technology,EDP Services,true,false,0.624321
GPI,Group 1 Automotive Inc. Common Stock,247.51,-2.459,2950869910,187743,United States,Consumer Discretionary,Retail-Auto Dealers and Gas Stations,true,false,0.623834
CMBT,CMB.TECH NV Ordinary Shares,19.16,-0.931,6054131717,715369,,Consumer Discretionary,Marine Transportation,false,false,0.623710
TARS,Tarsus Pharmaceuticals Inc. Common Stock,74.29,-3.62,3476154502,674332,United States,Health Care,Biotechnology: Biological Products (No Diagnostic Substances),true,false,0.623703
VIA,Via Transportation Inc. Class A Common Stock,29.54,4.124,2407675808,1076423,United States,Technology,Computer Software: Prepackaged Software,true,false,0.623674
CRSP,CRISPR Therapeutics AG Common Shares,55.76,-5.54,5391582331,2362537,Switzerland,Health Care,Biotechnology: Biological Products (No Diagnostic Substances),false,false,0.623436
MTH,Meritage Homes Corporation Common Stock,63.86,-3.825,4162017579,651127,United States,Consumer Discretionary,Homebuilding,true,false,0.622991
IPAR,Interparfums Inc. Common Stock,117.4,-0.752,3759826689,195221,United States,Consumer Discretionary,Package Goods/Cosmetics,true,false,0.622887
SPNT,SiriusPoint Ltd. Common Shares,25.42,-0.235,2952914707,1049147,Bermuda,Finance,Property-Casualty Insurers,false,false,0.622752
NEOG,Neogen Corporation Common Stock,13.57,-2.933,2959698488,3676854,United States,Health Care,Biotechnology: In Vitro & In Vivo Diagnostic Substances,true,false,0.622291
CDP,COPT Defense Properties Common Shares of Beneficial Interest,33.77,-1.66,3829871167,811441,United States,Real Estate,Real Estate Investment Trusts,true,false,0.622212
PPLI,People Incorporated Common Stock,35.97,-2.731,2678467382,1494734,United States,Technology,Computer Software: Programming Data Processing,true,false,0.622130
GRFS,Grifols S.A. American Depositary Shares,7.195,-3.293,4946957563,4065095,Spain,Health Care,Biotechnology: Pharmaceutical Preparations,false,false,0.622069
SKY,Champion Homes Inc. Common Stock,85.46,-3.805,4638780252,414624,United States,Consumer Discretionary,Homebuilding,true,false,0.621613
KMT,Kennametal Inc. Common Stock,29.94,1.149,2287117528,860088,United States,Industrials,Industrial Machinery/Components,true,false,0.621563
IBP,Installed Building Products Inc. Common Stock,202.79,-4.317,5389991304,339161,United States,Consumer Discretionary,Homebuilding,true,false,0.621382
HNI,HNI Corporation Common Stock,47.16,-1.318,3404093688,597773,United States,Consumer Discretionary,Office Equipment/Supplies/Services,true,false,0.621238
GNW,Genworth Financial Inc Common Stock,9.63,-1.332,3638705486,2708443,United States,Finance,Life Insurance,true,false,0.621008
OR,OR Royalties Inc. Common Shares,36.07,-3.941,6762975814,625124,Canada,Basic Materials,Precious Metals,false,false,0.620597
NAMS,NewAmsterdam Pharma Company N.V. Ordinary Shares,22.68,-2.744,2711102993,2265378,Netherlands,Health Care,Biotechnology: Pharmaceutical Preparations,false,false,0.620436
RAMP,LiveRamp Holdings Inc. Common Stock,37.44,-0.293,2276164126,954379,United States,Technology,EDP Services,true,false,0.620331
SPSC,SPS Commerce Inc. Common Stock,81.29,-0.233,2926454144,311184,United States,Technology,Computer Software: Prepackaged Software,true,false,0.620073
FBK,FB Financial Corporation Common Stock,52.64,-1.053,2630849184,684056,United States,Finance,Major Banks,true,false,0.619929
AXGN,Axogen Inc. Common Stock,43.32,-2.739,2541649943,1247170,United States,Health Care,Biotechnology: Electromedical & Electrotherapeutic Apparatus,true,false,0.619871
RELY,Remitly Global Inc. Common Stock,20.19,-5.122,4273901050,6763087,United States,Consumer Discretionary,Business Services,true,false,0.619748
INTA,Intapp Inc. Common Stock,36.46,1.025,2789596456,556029,United States,Technology,Computer Software: Prepackaged Software,true,false,0.619596
PEB,Pebblebrook Hotel Trust Common Shares of Beneficial Interest,18.22,-0.219,2055994286,2113071,United States,Real Estate,Real Estate Investment Trusts,true,false,0.619579
EEFT,Euronet Worldwide Inc. Common Stock,64.64,-1.598,2417768381,686751,United States,Finance,Investment Bankers/Brokers/Service,true,false,0.619398
JOE,St. Joe Company (The) Common Stock,65.85,-0.544,3748870198,309174,United States,Real Estate,Homebuilding,true,false,0.619347
ATMU,Atmus Filtration Technologies Inc. Common Stock,44.94,-1.013,3666902983,511308,United States,Consumer Discretionary,Auto Parts:O.E.M.,true,false,0.618987
FTDR,Frontdoor Inc. Common Stock,73.95,-4.197,5094660718,902313,United States,Consumer Discretionary,Diversified Commercial Services,true,false,0.618941
AMC,AMC Entertainment Holdings Inc. Class A Common Stock,2.87,-3.367,2561775311,21354797,United States,Consumer Discretionary,Movies/Entertainment,true,false,0.618840
HIW,Highwoods Properties Inc. Common Stock,29.69,-3.447,3274991405,1537303,United States,Real Estate,Real Estate Investment Trusts,true,false,0.618505
AVNT,Avient Corporation Common Stock,40.97,-0.655,3757749964,497137,United States,Industrials,Major Chemicals,true,false,0.618436
VRDN,Viridian Therapeutics Inc. Common Stock,21.43,-3.119,2427853325,2857666,United States,Health Care,Biotechnology: Pharmaceutical Preparations,true,false,0.618422
GPCR,Structure Therapeutics Inc. American Depositary Shares,35.95,-2.601,2563589359,1400865,United States,Health Care,Biotechnology: Pharmaceutical Preparations,true,false,0.618222
IFS,Intercorp Financial Services Inc. Common Shares,55.29,-1.479,6103889109,242113,,Finance,Commercial Banks,false,false,0.617435
RDW,Redwire Corporation Common Stock,11.27,-4.167,2817416703,12628256,United States,Industrials,Military/Government/Technical,true,false,0.617391
QTWO,Q2 Holdings Inc. Common Stock,55.66,-2.11,3470662324,546569,United States,Technology,Computer Software: Prepackaged Software,true,false,0.617258
ENLT,Enlight Renewable Energy Ltd. Ordinary Shares,72.51,-1.387,10111088791,106165,Israel,Utilities,Electric Utilities: Central,false,false,0.617193
ACAD,ACADIA Pharmaceuticals Inc. Common Stock,25.43,-3.711,4381729323,1306114,United States,Health Care,Biotechnology: Pharmaceutical Preparations,true,false,0.617064
AGO,Assured Guaranty Ltd. Common Stock,68.99,-2.474,3034125560,555259,Bermuda,Finance,Property-Casualty Insurers,false,false,0.617018
HLIO,Helios Technologies Inc. Common Stock,69.52,1.253,2290724113,323850,United States,Industrials,Metal Fabrications,true,false,0.616879
ATAT,Atour Lifestyle Holdings Limited American Depositary Shares,32.27,-2.83,4390113935,835917,China,Consumer Discretionary,Hotels/Resorts,false,false,0.616765
TDC,Teradata Corporation Common Stock,29.21,-0.68,2716530000,1008225,United States,Technology,Computer Software: Prepackaged Software,true,false,0.616675
IOSP,Innospec Inc. Common Stock,96.6,0.541,2379359140,262158,United States,Industrials,Major Chemicals,true,false,0.616608
OPCH,Option Care Health Inc. Common Stock,23.34,-2.343,3495987572,1330436,United States,Health Care,Medical/Nursing Services,true,false,0.616356
BANC,Banc of California Inc. Common Stock,17.72,-2.099,2798883374,2175993,United States,Finance,Major Banks,true,false,0.616090
ZLAB,Zai Lab Limited American Depositary Shares,26.44,0.114,2968319068,791644,China,Health Care,Biotechnology: Pharmaceutical Preparations,false,false,0.616004
TAC,TransAlta Corporation Ordinary Shares,11.95,0.168,3776200000,1340101,Canada,Utilities,Electric Utilities: Central,false,false,0.615851
DLO,DLocal Limited Class A Common Shares,14.06,-1.403,4146743301,1433142,Uruguay,Consumer Discretionary,Business Services,false,false,0.615709
PRDO,Perdoceo Education Corporation Common Stock,31.44,0.672,1967422609,968571,United States,Real Estate,Other Consumer Services,true,false,0.615384
WING,Wingstop Inc. Common Stock,97.88,-4.395,2666500402,1716510,United States,Consumer Discretionary,Restaurants,true,false,0.615194
FIGR,Figure Technology Solutions Inc. Class A Common Stock,34.66,-6.602,7776937044,2763928,U.S. Virgin Islands,Finance,Finance: Consumer Services,false,false,0.615107
HHH,Howard Hughes Holdings Inc. Common Stock,63.75,-3.541,3807216045,577006,United States,Real Estate,Real Estate Investment Trusts,true,false,0.614974
NEO,NeoGenomics Inc. Common Stock,18.36,-2.806,2358809078,2911550,United States,Health Care,Precision Instruments,true,false,0.614718
IMVT,Immunovant Inc. Common Stock,34.54,-7.375,7134329636,3652959,United States,Health Care,Biotechnology: Biological Products (No Diagnostic Substances),true,false,0.614660
ALRM,Alarm.com Holdings Inc. Common Stock,53.35,0.357,2618963664,425363,United States,Technology,Computer Software: Prepackaged Software,true,false,0.614509
ARR,ARMOUR Residential REIT Inc.,14.6,-2.602,2439622011,3384712,United States,Real Estate,Real Estate Investment Trusts,true,false,0.614107
UFPT,UFP Technologies Inc. Common Stock,287.38,0.764,2225985130,83333,United States,Health Care,Medical/Dental Instruments,true,false,0.613904
REZI,Resideo Technologies Inc. Common Stock,18.68,-1.059,2836509021,1503942,United States,Industrials,Wholesale Distributors,true,false,0.613849
KOS,Kosmos Energy Ltd. Common Shares (DE),2.65,3.113,1578042275,16468484,Bermuda,Energy,Oil & Gas Production,false,false,0.613835
DNN,Denison Mines Corp Ordinary Shares (Canada),2.82,-3.754,2552709478,21162611,Canada,Basic Materials,Other Metals and Minerals,false,false,0.613751
APAM,Artisan Partners Asset Management Inc. Class A Common Stock,35.62,-0.863,2887808470,729083,United States,Finance,Investment Managers,true,false,0.613698
DXPE,DXP Enterprises Inc. Common Stock,191.08,0.648,2965016640,92353,United States,Industrials,Industrial Machinery/Components,true,false,0.612857
MWA,MUELLER WATER PRODUCTS Common Stock,21.72,-1.362,3391049748,1076286,United States,Industrials,Metal Fabrications,true,false,0.612820
KLRA,Kailera Therapeutics Inc. Common Stock,13.13,2.658,1702221466,1631774,United States,Health Care,Biotechnology: Pharmaceutical Preparations,true,false,0.612728
PLPC,Preformed Line Products Company Common Stock,427.28,0.489,2088844163,63164,United States,Industrials,Water Sewer Pipeline Comm & Power Line Construction,true,false,0.612635
SKYW,SkyWest Inc. Common Stock,99.27,-1.907,3854487823,228615,United States,Consumer Discretionary,Air Freight/Delivery Services,true,false,0.612244
WLY,John Wiley & Sons Inc. Common Stock,47.75,1.553,2420157658,377050,United States,Consumer Discretionary,Books,true,false,0.612235
NNI,Nelnet Inc. Common Stock,125.03,-0.786,4473503133,117113,United States,Finance,Finance: Consumer Services,true,false,0.612234
PAYP,PayPay Corporation American Depository Shares,16.42,-3.127,11118690277,577935,Japan,Consumer Discretionary,Business Services,false,false,0.611827
KEP,Korea Electric Power Corporation Common Stock,10.89,-3.628,13981977597,816518,South Korea,Utilities,Electric Utilities: Central,false,false,0.611742
AVA,Avista Corporation Common Stock,35.45,-1.528,2969037824,775740,United States,Utilities,Power Generation,true,false,0.611442
NTST,NetSTREIT Corp. Common Stock,18.37,0.328,1865069323,1744324,United States,Real Estate,Real Estate Investment Trusts,true,false,0.611276
XXI,Twenty One Capital Inc. Class A Common Stock,6.8,-1.163,3824131110,2798748,,Finance,Finance: Consumer Services,false,false,0.611174
HTO,H2O America Common Stock,62.2,-1.144,2603493209,484366,United States,Utilities,Water Supply,true,false,0.611087
NMIH,NMI Holdings Inc. Common Stock,42.19,-0.542,3173441134,482070,United States,Finance,Property-Casualty Insurers,true,false,0.611071
HAYW,Hayward Holdings Inc. Common Stock,12.75,-1.316,2704524671,2359323,United States,Industrials,Industrial Machinery/Components,true,false,0.611005
AWR,American States Water Company Common Stock,83.24,-1.363,3299269508,277519,United States,Utilities,Water Supply,true,false,0.610884
EXPO,Exponent Inc. Common Stock,65.41,-1.223,3109989354,363829,United States,Consumer Discretionary,Professional Services,true,false,0.610724
LLYVA,Liberty Live Holdings Inc. Series A Liberty Live Group Common Stock,94.99,-0.472,8739590666,63192,United States,Consumer Discretionary,Services-Misc. Amusement & Recreation,true,false,0.610631
PLMR,Palomar Holdings Inc. Common stock,127.21,-3.292,3347872454,281972,United States,Finance,Property-Casualty Insurers,true,false,0.610503
ADUS,Addus HomeCare Corporation Common Stock,114.93,0.604,2146237299,209238,United States,Health Care,Medical/Nursing Services,true,false,0.610471
EXTR,Extreme Networks Inc. Common Stock,22.03,-0.362,2911720411,954323,United States,Telecommunications,Computer Communications Equipment,true,false,0.610026
NIQ,NIQ Global Intelligence plc Ordinary Shares,17.71,-1.392,5223668351,753631,United States,Technology,Computer Software: Programming Data Processing,true,false,0.610020
URGN,UroGen Pharma Ltd. Ordinary Shares,41.63,-2.643,2034897879,1298499,Israel,Health Care,Biotechnology: Pharmaceutical Preparations,false,false,0.609964
ALNT,Allient Inc. Common Stock,113.6,5.127,1931485250,254540,United States,Industrials,Electrical Products,true,false,0.609728
HRI,Herc Holdings Inc. Common Stock,137.23,-4.748,4587797060,565329,United States,Industrials,Misc Corporate Leasing Services,true,false,0.609431
TIMB,TIM S.A. American Depositary Shares (Each representing 5 Common Shares),18.34,-3.168,8774317765,629405,Brazil,Telecommunications,Telecommunications Equipment,false,false,0.609298
KN,Knowles Corporation Common Stock,36.73,-0.488,3137121274,532492,United States,Consumer Staples,Consumer Electronics/Appliances,true,false,0.609298
LKFT,Lakefront Biotherapeutics American Depositary Shares,30.72,1.756,2024358021,636710,Belgium,Health Care,Biotechnology: Pharmaceutical Preparations,false,false,0.609125
OGC,OceanaGold Corporation Common Shares,27.95,-3.853,6266893743,650999,,Uncategorized,Uncategorized,false,false,0.608664
PPC,Pilgrim's Pride Corporation Common Stock,27.63,-4.658,6578938518,1705514,United States,Consumer Staples,Meat/Poultry/Fish,true,false,0.608536
LTC,LTC Properties Inc. Common Stock,42.54,0.283,2293142650,542906,United States,Real Estate,Real Estate Investment Trusts,true,false,0.608521
HRMY,Harmony Biosciences Holdings Inc. Common Stock,40.48,-2.528,2357409189,1080686,United States,Health Care,Biotechnology: Pharmaceutical Preparations,true,false,0.608441
FCPT,Four Corners Property Trust Inc. Common Stock,22.24,-0.891,2440982469,1285063,United States,Real Estate,Real Estate Investment Trusts,true,false,0.608410
NIC,Nicolet Bankshares Inc. Common Stock,164.78,-0.525,3453378992,105997,United States,Finance,Major Banks,true,false,0.608373
LASR,nLIGHT Inc. Common Stock,40.98,-0.534,2364144273,664796,United States,Technology,Semiconductors,true,false,0.608324
SBCF,Seacoast Banking Corporation of Florida Common Stock,32.42,-1.249,3138995144,694830,United States,Finance,Major Banks,true,false,0.608320
MGRC,McGrath RentCorp Common Stock,113.24,-0.203,2765962078,185758,United States,Consumer Discretionary,Diversified Commercial Services,true,false,0.608238
AI,C3.ai Inc. Class A Common Stock,10.86,0.092,1746069236,3094367,United States,Technology,Computer Software: Prepackaged Software,true,false,0.608035
TPC,Tutor Perini Corporation Common Stock,84.36,-1.644,4434730710,200258,United States,Consumer Discretionary,General Bldg Contractors - Nonresidential Bldgs,true,false,0.608002
AUGO,Aura Minerals Inc. Common Shares,85.34,-8.009,7150572291,1420702,United States,Basic Materials,Metal Mining,true,false,0.607854
LPG,Dorian LPG Ltd. Common Stock,53.16,-0.71,2274327322,539242,United States,Consumer Discretionary,Marine Transportation,true,false,0.607236
TH,Target Hospitality Corp. Common Stock,21.2,0.047,2112016568,1222988,United States,Consumer Discretionary,Hotels/Resorts,true,false,0.607150
AQN,Algonquin Power & Utilities Corp. Common Shares,5.06,-2.879,3894923281,4887013,United States,Utilities,Electric Utilities: Central,true,false,0.607150
OGN,Organon & Co. Common Stock,13.73,0.219,3605627515,983443,United States,Health Care,Biotechnology: Pharmaceutical Preparations,true,false,0.607120
STRA,Strategic Education Inc. Common Stock,78.24,2.315,1737519416,254497,United States,Real Estate,Other Consumer Services,true,false,0.607109
RSKD,Riskified Ltd. Class A Ordinary Shares,7.14,1.854,970798725,6032449,,Consumer Discretionary,Business Services,false,false,0.607106
CPK,Chesapeake Utilities Corporation Common Stock,129.64,-1.728,3125160826,187931,United States,Utilities,Oil & Gas Production,true,false,0.607027
SEB,Seaboard Corporation Common Stock,3974.05,-3.638,3806321246,7802,United States,Industrials,Farming/Seeds/Milling,true,false,0.606926
WAFD,WaFd Inc. Common Stock,30.7,-2.571,2271653807,1433217,United States,Finance,Major Banks,true,false,0.606912
NVAX,Novavax Inc. Common Stock,10.55,-2.585,1740177409,5773246,United States,Health Care,Biotechnology: Biological Products (No Diagnostic Substances),true,false,0.606435
WU,Western Union Company (The) Common Stock,6.09,-2.09,1899342994,8123123,United States,Consumer Discretionary,Business Services,true,false,0.606268
HAFN,Hafnia Limited Common Shares,9.1,-1.408,4548009876,1586965,,Consumer Discretionary,Transportation Services,false,false,0.606111
CGAU,Centerra Gold Inc. Common Shares,22.61,-3.664,4515450358,1075400,Canada,Basic Materials,Precious Metals,false,false,0.606093
ARCB,ArcBest Corporation Common Stock,131.08,-0.478,2929815482,149208,United States,Industrials,Trucking Freight/Courier Services,true,false,0.606028
ZGN,Ermenegildo Zegna N.V. Ordinary Shares,12.44,-0.56,3337801902,1389020,,Consumer Discretionary,Apparel,false,false,0.605886
BUSE,First Busey Corporation Class A Common Stock,29.64,-0.236,2465736810,766388,United States,Finance,Major Banks,true,false,0.605801
WKC,World Kinect Corporation Common Stock,36.04,0.558,1843504385,741701,United States,Energy,Oil Refining/Marketing,true,false,0.605644
WERN,Werner Enterprises Inc. Common Stock,34.41,-1.092,2063813938,981553,United States,Industrials,Trucking Freight/Courier Services,true,false,0.605635
MSGE,Madison Square Garden Entertainment Corp. Class A Common Stock,78.49,-2.096,3712987817,275295,United States,Consumer Discretionary,Services-Misc. Amusement & Recreation,true,false,0.605578
BLKB,Blackbaud Inc. Common Stock,42.89,1.804,1946781260,436635,United States,Technology,Computer Software: Prepackaged Software,true,false,0.605575
MAZE,Maze Therapeutics Inc. Common Stock,28.09,-1.022,1560376129,1704309,United States,Health Care,Biotechnology: Biological Products (No Diagnostic Substances),true,false,0.605476
WLDN,Willdan Group Inc. Common Stock,81.36,1.84,1239282924,381470,United States,Consumer Discretionary,Military/Government/Technical,true,false,0.605020
MCRI,Monarch Casino & Resort Inc. Common Stock,117.57,0.281,2107150794,198484,United States,Consumer Discretionary,Hotels/Resorts,true,false,0.604962
WIX,Wix.com Ltd. Ordinary Shares,76.8,-4.12,3214042445,1078901,Israel,Technology,Computer Software: Programming Data Processing,false,false,0.604873
NTLA,Intellia Therapeutics Inc. Common Stock,12.33,-2.837,1727762125,5042388,United States,Health Care,Biotechnology: In Vitro & In Vivo Diagnostic Substances,true,false,0.604335
CURB,Curbline Properties Corp. Common Stock,28.16,-2.222,3239470784,871368,United States,Finance,Real Estate,true,false,0.603954
NTCT,NetScout Systems Inc. Common Stock,39.28,0.358,2855943215,409533,United States,Technology,EDP Services,true,false,0.603711
ABM,ABM Industries Incorporated Common Stock,49.69,-0.501,2912559076,372651,United States,Consumer Discretionary,Diversified Commercial Services,true,false,0.603477
OLN,Olin Corporation Common Stock,16.77,-0.297,1911486357,1793144,United States,Industrials,Major Chemicals,true,false,0.603317
CALX,Calix Inc Common Stock,34.54,-1.735,2174776180,1028407,United States,Consumer Discretionary,Telecommunications Equipment,true,false,0.603302
SUPN,Supernus Pharmaceuticals Inc. Common Stock,43.39,-0.823,2522131094,544549,United States,Health Care,Biotechnology: Pharmaceutical Preparations,true,false,0.603200
BBT,Beacon Financial Corporation Common stock,27.91,-1.795,2339306960,1159874,United States,Finance,Banks,true,false,0.602620
TPB,Turning Point Brands Inc. Common Stock,60.5,0.365,1212959781,692789,United States,Consumer Discretionary,Tobacco,true,false,0.602582
BLFS,BioLife Solutions Inc. Common Stock,37.74,-0.867,1845739009,929697,United States,Health Care,Biotechnology: Electromedical & Electrotherapeutic Apparatus,true,false,0.602359
WF,Woori Financial Group Inc. American Depositary Shares (each representing three (3) shares of Common Stock),77.43,-1.826,18868112667,41920,South Korea,Finance,Commercial Banks,false,false,0.602190
NOMD,Nomad Foods Limited Ordinary Shares,10.71,2,1521742045,2085761,United Kingdom,Consumer Staples,Packaged Foods,false,false,0.602118
NAT,Nordic American Tankers Limited Common Stock,7.62,-0.522,1613540052,4926465,Bermuda,Consumer Discretionary,Marine Transportation,false,false,0.601850
TFPM,Triple Flag Precious Metals Corp. Common Shares,32.52,-3.587,6718759218,419744,Canada,Industrials,Precious Metals,false,false,0.601821
DAVE,Dave Inc. Class A Common Stock,326.19,-7.744,4160718828,644400,United States,Finance,Finance: Consumer Services,true,false,0.601796
BKD,Brookdale Senior Living Inc. Common Stock,11.17,-1.932,2667588705,2513096,United States,Health Care,Hospital/Nursing Management,true,false,0.601482
OTTR,Otter Tail Corporation Common Stock,89.15,-1.197,3743014457,178078,United States,Utilities,Electric Utilities: Central,true,false,0.601470
CGON,CG Oncology Inc. Common stock,73.36,-5.634,6502657910,830999,United States,Health Care,Biotechnology: Biological Products (No Diagnostic Substances),true,false,0.601312
AVBP,ArriVent BioPharma Inc. Common Stock,30.3,-0.066,1494024189,1206034,United States,Health Care,Biotechnology: Pharmaceutical Preparations,true,false,0.601286
ANDE,Andersons Inc. (The) Common Stock,67.39,0.672,2289613662,267738,United States,Industrials,Farming/Seeds/Milling,true,false,0.601187
MPT,Medical Properties Trust Inc. common stock,3.59,-1.374,2143948000,8677765,United States,Real Estate,Real Estate Investment Trusts,true,false,0.601139
CALY,Callaway Golf Company Common Stock,14.59,-1.485,2604468501,1751044,United States,Consumer Discretionary,Recreational Games/Products/Toys,true,false,0.601053
BCRX,BioCryst Pharmaceuticals Inc. Common Stock,8.57,-2.392,2189935850,4467292,United States,Health Care,Biotechnology: Biological Products (No Diagnostic Substances),true,false,0.601040
COLM,Columbia Sportswear Company Common Stock,56.78,-2.824,2906749555,534870,United States,Consumer Discretionary,Apparel,true,false,0.601012
PD,PagerDuty Inc. Common Stock,14.83,2.417,1166377617,1763945,United States,Technology,Computer Software: Prepackaged Software,true,false,0.600998
PLGO,Pelagos Insurance Capital Limited Common Shares,23.91,1.486,2067740267,705113,Bermuda,Finance,Property-Casualty Insurers,false,false,0.600779
TFSL,TFS Financial Corporation Common Stock,16.5,-1.198,4627305458,705335,United States,Finance,Savings Institutions,true,false,0.600762
KTB,Kontoor Brands Inc. Common Stock,65.69,-3.141,3590196298,382859,United States,Industrials,Garments and Clothing,true,false,0.600523
INSP,Inspire Medical Systems Inc. Common Stock,69.06,-3.142,1996550498,729637,United States,Health Care,Medical/Dental Instruments,true,false,0.600186
LEU,Centrus Energy Corp. Class A Common Stock,151.31,-4.131,2985937619,528019,United States,Industrials,Mining & Quarrying of Nonmetallic Minerals (No Fuels),true,false,0.599978
MMS,Maximus Inc. Common Stock,53.79,-2.519,2816324072,536926,United States,Consumer Discretionary,Business Services,true,false,0.599867
PRCH,Porch Group Inc. Common Stock,16.61,-2.695,2189730251,2387098,United States,Technology,Computer Software: Prepackaged Software,true,false,0.599854
WPP,WPP plc American Depositary Shares,25.12,-2.295,5419903057,473568,Ireland,Consumer Discretionary,Advertising,false,false,0.599517
NWL,Newell Brands Inc. Common Stock,5.68,-1.56,2419112000,4830922,United States,Industrials,Plastic Products,true,false,0.599388
INVA,Innoviva Inc. Common Stock,20.24,-3.527,1462248616,4031170,United States,Health Care,Biotechnology: Pharmaceutical Preparations,true,false,0.599377
HTGC,Hercules Capital Inc. Common Stock,16.97,-1.452,3176173080,1122197,United States,Finance,Investment Managers,true,false,0.599238
PLUS,ePlus inc. Common Stock,92.03,0.491,2401101169,189124,United States,Technology,Retail: Computer Software & Peripheral Equipment,true,false,0.599107
PGNY,Progyny Inc. Common Stock,25.83,-1.563,1981853192,1347343,United States,Health Care,Misc Health and Biotechnology Services,true,false,0.599054
PFS,Provident Financial Services Inc Common Stock,22.42,-1.015,2924075096,832399,United States,Finance,Savings Institutions,true,false,0.598993
NGVT,Ingevity Corporation Common Stock,71.75,0.673,2466615904,224632,United States,Industrials,Major Chemicals,true,false,0.598962
ALH,Alliance Laundry Holdings Inc. Common Stock,21.07,-2.409,4188486253,820538,United States,Industrials,Industrial Machinery/Components,true,false,0.598928
MWH,SOLV Energy Inc. Class A Common Stock,25.45,-3.853,5150742075,719298,United States,Industrials,Military/Government/Technical,true,false,0.598801
NCNO,nCino Inc. Common Stock,19.23,-2.237,2033306626,2002246,United States,Technology,Computer Software: Prepackaged Software,true,false,0.598788
BELFA,Bel Fuse Inc. Class A Common Stock,204.16,0.467,2947958112,64700,United States,Uncategorized,Uncategorized,true,false,0.598601
HTFL,Heartflow Inc. Common Stock,47.39,-5.541,4120732384,2099303,United States,Health Care,Medical/Dental Instruments,true,false,0.598582
PENN,PENN Entertainment Inc. Common Stock,15.56,-2.138,2086076156,2332350,United States,Consumer Discretionary,Hotels/Resorts,true,false,0.598406
SBSW,D/B/A Sibanye-Stillwater Limited ADS,10.55,-7.537,7465621159,7657801,South Africa,Basic Materials,Precious Metals,false,false,0.598168
BMA,Banco Macro S.A.  ADR (representing Ten Class B Common Shares),72,-3.485,4603610160,262278,Argentina,Finance,Commercial Banks,false,false,0.597952
PTCT,PTC Therapeutics Inc. Common Stock,62.34,-5.488,5202946397,1101165,United States,Health Care,Biotechnology: Pharmaceutical Preparations,true,false,0.597829
CRVL,CorVel Corp. Common Stock,73.3,-0.394,3702864654,163307,United States,Finance,Specialty Insurers,true,false,0.597796
NATL,NCR Atleos Corporation Common Stock,45.77,-0.974,3382262669,333841,United States,Miscellaneous,Office Equipment/Supplies/Services,true,false,0.597634
ELVN,Enliven Therapeutics Inc. Common Stock,46.09,-4.358,3377049374,1550876,United States,Health Care,Biotechnology: Pharmaceutical Preparations,true,false,0.597601
VISN,Vistance Networks Inc. Common Stock,6.45,-0.463,1487540357,5710820,United States,Technology,Radio And Television Broadcasting And Communications Equipment,true,false,0.597563
PAM,Pampa Energia S.A.,80.33,-0.446,4381263669,118855,Argentina,Utilities,Electric Utilities: Central,false,false,0.597324
EFOR,Everforth Inc. Common Stock,33.15,2.695,1359150000,576547,United States,Consumer Discretionary,Professional Services,true,false,0.597169
SAM,Boston Beer Company Inc. (The) Common Stock,167.69,-0.333,1725811987,175859,United States,Consumer Staples,Beverages (Production/Distribution),true,false,0.596929
DFTX,Definium Therapeutics Inc. Common Shares,37.65,-6.622,5058915668,2712956,United States,Health Care,Medicinal Chemicals and Botanical Products,true,false,0.596818
CUBI,Customers Bancorp Inc Common Stock,76.72,-0.814,2591893059,260062,United States,Finance,Major Banks,true,false,0.596659
PFH,Prudential Financial Inc. 4.125% Junior Subordinated Notes due 2060,15.5,0.846,5533500000,299553,United States,Finance,Life Insurance,true,false,0.595984
NVTS,Navitas Semiconductor Corporation Common Stock,11.84,-4.976,3091346898,8730699,United States,Technology,Semiconductors,true,false,0.595924
ADMA,ADMA Biologics Inc Common Stock,9.7,-1.121,2172651396,2595497,United States,Health Care,Biotechnology: Biological Products (No Diagnostic Substances),true,false,0.595482
PDFS,PDF Solutions Inc. Common Stock,48.43,-0.021,2045064071,440590,United States,Technology,Computer Software: Prepackaged Software,true,false,0.595475
LION,Lionsgate Studios Corp Common Shares,11.15,-1.849,3317790432,1622467,Canada,Consumer Discretionary,Movies/Entertainment,false,false,0.595407
JBLU,JetBlue Airways Corporation Common Stock,4.39,-3.516,1656400475,14152675,United States,Consumer Discretionary,Air Freight/Delivery Services,true,false,0.595325
PKX,POSCO HOLDINGS INC. American Depositary Shares (Each representing 1/4th of a share of Common Stock),56.27,-4.708,18216388836,269260,South Korea,Industrials,Steel/Iron Ore,false,false,0.595289
NAVN,Navan Inc. Class A Common Stock,19.66,-6.225,5119670292,4543669,United States,Technology,Computer Software: Prepackaged Software,true,false,0.595246
AVAH,Aveanna Healthcare Holdings Inc. Common Stock,12.79,-3.253,2791029912,2427006,United States,Health Care,Medical/Nursing Services,true,false,0.595046
GRBK,Green Brick Partners Inc. Common Stock,67.21,-2.311,2890748878,345852,United States,Consumer Discretionary,Homebuilding,true,false,0.594637
XRAY,DENTSPLY SIRONA Inc. Common Stock,9.78,-1.709,1949680907,3352133,United States,Health Care,Medical/Dental Instruments,true,false,0.594543
SOJD,Southern Company (The) Series 2020A 4.95% Junior Subordinated Notes due January 30 2080,17.67,-1.174,19437837682,116790,United States,Utilities,Electric Utilities: Central,true,false,0.594539
FLO,Flowers Foods Inc. Common Stock,5.81,-1.19,1232053599,8515127,United States,Consumer Staples,Packaged Foods,true,false,0.594008
UTI,Universal Technical Institute Inc Common Stock,20.42,0.049,1125044617,1983689,United States,Real Estate,Other Consumer Services,true,false,0.593780
IRON,Disc Medicine Inc. Common Stock,66.09,-3.49,2537383060,541853,United States,Health Care,Biotechnology: Pharmaceutical Preparations,true,false,0.593681
MHO,M/I Homes Inc. Common Stock,137.77,-3.434,3483243181,168429,United States,Consumer Discretionary,Homebuilding,true,false,0.593195
CNXN,PC Connection Inc. Common Stock,88.57,1.992,2235338428,122771,United States,Consumer Discretionary,Catalog/Specialty Distribution,true,false,0.592996
NUAI,New Era Energy & Digital Inc. Common Stock,6.99,0.215,744849780,9027935,United States,Energy,Oil & Gas Production,true,false,0.592984
FSK,FS KKR Capital Corp. Common Stock,11.17,-1.238,3086720928,1462344,United States,Finance,Investment Managers,true,false,0.592715
GCT,GigaCloud Technology Inc Class A Ordinary Shares,52.5,-1.167,1874787443,554727,United States,Consumer Discretionary,Catalog/Specialty Distribution,true,false,0.592454
WOLF,Wolfspeed Inc. Common Stock New,27.14,-3.037,1436535643,2265576,United States,Technology,Semiconductors,true,false,0.592434
PRK,Park National Corporation Common Stock,179.22,-1.343,3237458934,87940,United States,Finance,Major Banks,true,false,0.592411
SOJC,Southern Company (The) Series 2017B 5.25% Junior Subordinated Notes due December 1 2077,18.66,-1.27,20526884615,103926,United States,Utilities,Electric Utilities: Central,true,false,0.592312
UUUU,Energy Fuels Inc Ordinary Shares (Canada),11.6,-4.448,2898457200,6916316,Canada,Industrials,Mining & Quarrying of Nonmetallic Minerals (No Fuels),false,false,0.592135
HCI,HCI Group Inc. Common Stock,176.12,-2.275,2190733256,171129,United States,Finance,Property-Casualty Insurers,true,false,0.592080
WBI,WaterBridge Infrastructure LLC Class A Shares Representing Limited Liability Company Interests,28.86,-2.368,3562946192,613267,,Energy,Oilfield Services/Equipment,false,false,0.591986
OMAB,Grupo Aeroportuario del Centro Norte S.A.B. de C.V. ADS,101.3,-1.122,4889870331,84532,Mexico,Consumer Discretionary,Aerospace,false,false,0.591873
ICL,ICL Group Ltd. Ordinary Shares,5.3,-1.852,6840565464,1258388,Israel,Industrials,Agricultural Chemicals,false,false,0.591872
DAC,Danaos Corporation Common Stock,154.42,-1.013,2810980610,111772,Greece,Consumer Discretionary,Marine Transportation,false,false,0.591782
ATEN,A10 Networks Inc. Common Stock,26.75,0.187,1942291312,747645,United States,Telecommunications,Computer Communications Equipment,true,false,0.591681
SHO,Sunstone Hotel Investors Inc. Sunstone Hotel Investors Inc. Common Shares,11.03,-0.541,2050961669,1965329,United States,Consumer Discretionary,Hotels/Resorts,true,false,0.591621
TRN,Trinity Industries Inc. Common Stock,28.05,0.827,2234729082,505347,United States,Industrials,Railroads,true,false,0.591539
CRAI,CRA International Inc. Common Stock,162.02,2.066,1016976857,164032,United States,Consumer Discretionary,Other Consumer Services,true,false,0.591445
DV,DoubleVerify Holdings Inc. Common Stock,13.4,0,2076823750,1385156,United States,Technology,Computer Software: Programming Data Processing,true,false,0.591408
PLAB,Photronics Inc. Common Stock,30.35,-0.23,1790564018,771292,United States,Technology,Semiconductors,true,false,0.591203
ELPC,Companhia Paranaense de Energia (COPEL) American Depositary Shares (each representing four (4) Common Shares),12.25,-3.619,9134857438,633115,Brazil,Utilities,Electric Utilities: Central,false,false,0.590880
PAYO,Payoneer Global Inc. Common Stock,7.14,0.14,2419394969,2134890,United States,Consumer Discretionary,Business Services,true,false,0.590836
PHIN,PHINIA Inc. Common Stock,60.39,-0.248,2212574134,299625,United States,Consumer Discretionary,Auto Parts:O.E.M.,true,false,0.590832
PATK,Patrick Industries Inc. Common Stock,69.18,-2.646,2221941504,453773,United States,Consumer Discretionary,Auto Parts:O.E.M.,true,false,0.590762
TNET,TriNet Group Inc. Common Stock,65.24,-2.204,2994825107,303411,United States,Consumer Discretionary,Business Services,true,false,0.590755
RUSHB,Rush Enterprises Inc. Class B,54.82,0.661,6399158171,63802,United States,Consumer Discretionary,Retail-Auto Dealers and Gas Stations,true,false,0.590685
VGNT,Versigent PLC Ordinary Shares,46.2,-1.89,3272589243,370287,United Kingdom,Consumer Discretionary,Auto Parts:O.E.M.,false,false,0.590607
AMPX,Amprius Technologies Inc. Common Stock,9.73,-2.505,1421364413,5335602,United States,Miscellaneous,Industrial Machinery/Components,true,false,0.590470
IEP,Icahn Enterprises L.P. Common Stock,7.095,-0.351,5043942585,907843,United States,Energy,Integrated oil Companies,true,false,0.590361
FUN,Six Flags Entertainment Corporation Common Stock New,12.43,1.057,1271791758,2030150,United States,Consumer Discretionary,Services-Misc. Amusement & Recreation,true,false,0.590131
RH,RH Common Stock,124.59,-4.631,2358882280,868167,United States,Consumer Discretionary,Other Specialty Stores,true,false,0.589578
AADX,Applied Aerospace & Defense Inc. Common Stock,12.69,0.237,2187673743,1282852,,Industrials,Military/Government/Technical,false,false,0.589527
AMPL,Amplitude Inc. Class A Common Stock,13.755,4.68,1718220488,1512724,United States,Technology,Computer Software: Prepackaged Software,true,false,0.589230
DOO,BRP Inc. Common Subordinate Voting Shares,56.84,-1.831,4044183166,214356,Canada,Consumer Discretionary,Industrial Specialties,false,false,0.589056
PBI,Pitney Bowes Inc. Common Stock,16.27,-1.87,2230457749,1518216,United States,Miscellaneous,Office Equipment/Supplies/Services,true,false,0.589038
AGM,Federal Agricultural Mortgage Corporation Common Stock,217.17,-0.759,2356991616,84594,United States,Finance,Finance Companies,true,false,0.588909
ARLO,Arlo Technologies Inc. Common Stock,13.66,1.864,1469997733,1299223,United States,Consumer Discretionary,Diversified Commercial Services,true,false,0.588886
STNE,StoneCo Ltd. Class A Common Shares,9.49,-3.753,2341322190,3945801,Brazil,Technology,EDP Services,false,false,0.588588
MH,McGraw Hill Inc. Common Stock,13.75,1.551,2630496193,662239,,Consumer Discretionary,Publishing,false,false,0.588481
ALM,Almonty Industries Inc. Common Shares,13.62,-5.087,3929107815,4819416,Canada,Basic Materials,Other Metals and Minerals,false,false,0.588435
SBET,Sharplink Inc. Common Stock,9.81,-4.106,2130963555,9393645,United States,Technology,Computer Software: Prepackaged Software,true,false,0.588421
MQ,Marqeta Inc. Class A Common Stock,16.1,1.131,1675991227,1101031,United States,Technology,Computer Software: Prepackaged Software,true,false,0.588375
FCF,First Commonwealth Financial Corporation Common Stock,20.62,-0.579,2083773174,961488,United States,Finance,Major Banks,true,false,0.588369
STVN,Stevanato Group S.p.A. Ordinary Shares,21.69,-0.046,5921450123,205785,Italy,Health Care,Medical/Dental Instruments,false,false,0.588114
CSQR,Csquare Inc. Common Stock,18.53,-1.802,3087727724,893424,,Technology,Computer Software: Programming Data Processing,false,false,0.587783
CELC,Celcuity Inc. Common Stock,79.99,-4.887,3914063321,739501,United States,Health Care,Medical Specialities,true,false,0.587745
AKR,Acadia Realty Trust Common Stock,19.11,-1.342,2624428317,946905,United States,Real Estate,Real Estate Investment Trusts,true,false,0.587716
BULL,Webull Corporation Class A Ordinary Shares,7.65,-5.439,4134709370,9118744,United States,Finance,Investment Bankers/Brokers/Service,true,false,0.586952
BBUC,Brookfield Business Corporation Class A Subordinate Voting Shares,25.53,-2.632,5307687000,379260,,Consumer Discretionary,Engineering & Construction,false,false,0.586700
CHCO,City Holding Company Common Stock,139.25,-0.244,1955788530,139007,United States,Finance,Major Banks,true,false,0.586583
KWR,Quaker Houghton Common Stock,158.86,-0.383,2733615540,84398,United States,Industrials,Major Chemicals,true,false,0.586138
SDRL,Seadrill Limited Common Shares,46.43,-0.896,2903799198,296331,Bermuda,Energy,Oil & Gas Production,false,false,0.586125
BL,BlackLine Inc. Common Stock,28.13,1.005,1635063845,634092,United States,Technology,Computer Software: Prepackaged Software,true,false,0.585476
ETOR,eToro Group Ltd. Class A Common Shares,27.18,-3.549,2189249331,1274902,Israel,Finance,Investment Bankers/Brokers/Service,false,false,0.584937
BANF,BancFirst Corporation Common Stock,106.98,-1.164,3594393740,101460,United States,Finance,Major Banks,true,false,0.584930
GBX,Greenbrier Companies Inc. (The) Common Stock,43.04,0,1331644085,635825,United States,Industrials,Railroads,true,false,0.584900
AVPT,AvePoint Inc. Class A Common Stock,13.12,0.153,2775738389,840630,United States,Technology,Computer Software: Prepackaged Software,true,false,0.584851
CARG,CarGurus Inc. Class A Common Stock,30.57,-4.289,2722976222,2203319,United States,Technology,EDP Services,true,false,0.584643
GBDC,Golub Capital BDC Inc. Common Stock,12.45,-0.638,3232662283,868156,United States,Finance,Finance: Consumer Services,true,false,0.584597
EE,Excelerate Energy Inc. Class A Common Stock,33.97,-1.422,3852269507,307249,United States,Utilities,Oil/Gas Transmission,true,false,0.584397
EYE,National Vision Holdings Inc. Common Stock,16.36,-1.446,1293573961,2390023,United States,Health Care,Ophthalmic Goods,true,false,0.584322
VET,Vermilion Energy Inc. Common (Canada),11.68,0.516,1789376000,1487364,Canada,Energy,Oil & Gas Production,false,false,0.584313
AMSC,American Superconductor Corporation Common Stock,31.05,-0.608,1504128540,879405,United States,Consumer Discretionary,Metal Fabrications,true,false,0.584226
BXDC,Blackstone Digital Infrastructure Trust Inc. Common Stock,19.32,-1.075,1944556165,1160782,,Finance,Real Estate,false,false,0.584099
LUNR,Intuitive Machines Inc. Class A Common Stock,15.24,-6.158,3488802796,7216895,United States,Industrials,Industrial Machinery/Components,true,false,0.584055
PENG,Penguin Solutions Inc. Common Stock,53.88,-4.772,2760956622,1520749,United States,Technology,Semiconductors,true,false,0.583975
FA,First Advantage Corporation Common Stock,20,-1.672,3435073820,640167,United States,Technology,EDP Services,true,false,0.583891
XENE,Xenon Pharmaceuticals Inc. Common Shares,36.56,-6.472,3540486194,3173815,Canada,Health Care,Biotechnology: Pharmaceutical Preparations,false,false,0.583635
MBC,MasterBrand Inc. Common Stock,7.21,-0.414,1467166433,3602103,United States,Consumer Discretionary,Home Furnishings,true,false,0.583365
BKE,Buckle Inc. (The) Common Stock,41.44,-0.743,2134675265,432774,United States,Consumer Discretionary,Clothing/Shoe/Accessory Stores,true,false,0.583153
SMA,SmartStop Self Storage REIT Inc. Common Stock,31.68,-2.343,1754086847,1038356,United States,Real Estate,Real Estate Investment Trusts,true,false,0.583134
TRMK,Trustmark Corporation Common Stock,45.69,-0.544,2653244663,294010,United States,Finance,Major Banks,true,false,0.583032
AZTA,Azenta Inc.,34.09,-0.554,1493428117,769273,United States,Technology,Industrial Machinery/Components,true,false,0.582891
IDYA,IDEAYA Biosciences Inc. Common Stock,37.46,-5.666,3614496071,2238212,United States,Health Care,Biotechnology: Pharmaceutical Preparations,true,false,0.582719
UPST,Upstart Holdings Inc. Common stock,24.45,-5.853,2379303975,6754986,United States,Finance,Finance: Consumer Services,true,false,0.582620
FLYW,Flywire Corporation Voting Common Stock,16.86,-2.204,2051316984,1521310,United States,Consumer Discretionary,Business Services,true,false,0.582579
ZD,Ziff Davis Inc. Common Stock,56.75,-2.491,1945799054,530805,United States,Telecommunications,Telecommunications Equipment,true,false,0.582438
ZYME,Zymeworks Inc. Common Stock,27.5,-0.236,1951379128,647762,United States,Health Care,Biotechnology: Pharmaceutical Preparations,true,false,0.582386
AGIO,Agios Pharmaceuticals Inc. Common Stock,34.19,-2.23,2041207346,752498,United States,Health Care,Biotechnology: Pharmaceutical Preparations,true,false,0.582176
EWTX,Edgewise Therapeutics Inc. Common Stock,41.05,-7.774,4458199495,2607212,United States,Health Care,Biotechnology: Pharmaceutical Preparations,true,false,0.582124
CWT,California Water Service Group Common Stock,46.07,-2.58,2848927383,412628,United States,Utilities,Water Supply,true,false,0.581960
TOWN,TowneBank Common Stock,36.07,-0.798,2691447093,377684,United States,Finance,Major Banks,true,false,0.581947
LMAT,LeMaitre Vascular Inc. Common Stock,80.58,-0.494,1842804729,247099,United States,Health Care,Medical/Dental Instruments,true,false,0.581924
AVEX,AEVEX Corp. Class A Common Stock,16.44,3.396,1874845548,1043243,,Industrials,Aerospace,false,false,0.581913
TBBK,The Bancorp Inc Common Stock,49.54,-2.076,2020578518,499289,United States,Finance,Major Banks,true,false,0.581504
OFG,OFG Bancorp Common Stock,51.56,-0.271,2179208871,290108,Puerto Rico,Finance,Major Banks,false,false,0.581369
FCEL,FuelCell Energy Inc. Common Stock,17.18,-3.807,1373613087,3443693,United States,Energy,Industrial Machinery/Components,true,false,0.581117
ARQT,Arcutis Biotherapeutics Inc. Common Stock,26.38,-5.04,3315753931,2512252,United States,Health Care,Biotechnology: Pharmaceutical Preparations,true,false,0.580906
PRLB,Proto Labs Inc. Common stock,89.13,-0.369,2132158680,176523,United States,Industrials,Metal Fabrications,true,false,0.580899
MFP,Midera Food Processing Inc. Common Stock,44.8,0.134,2026324384,328997,United States,Industrials,Industrial Machinery/Components,true,false,0.580800
PRVA,Privia Health Group Inc. Common Stock,19.1,-1.85,2439723354,980107,United States,Health Care,Medical/Nursing Services,true,false,0.580780
EROC,ERock Inc. Class A Common Stock,12.52,-2.416,2746889002,1488437,,Energy,Industrial Machinery/Components,false,false,0.580668
PSNL,Personalis Inc. Common Stock,16.35,-0.061,1746177907,1123930,United States,Health Care,Medical Specialities,true,false,0.580635
SNDA,Sonida Senior Living Inc. Common Stock,37.77,-0.918,1814772582,571897,United States,Health Care,Hospital/Nursing Management,true,false,0.580522
STC,Stewart Information Services Corporation Common Stock,61.98,-1.447,1891765894,370695,United States,Finance,Specialty Insurers,true,false,0.580439
HG,Hamilton Insurance Group Ltd. Class B Common Shares,33.47,-0.8,2785063367,373931,Bermuda,Finance,Property-Casualty Insurers,false,false,0.580427
NBTB,NBT Bancorp Inc. Common Stock,50.48,-0.728,2622943879,264706,United States,Finance,Major Banks,true,false,0.580214
GRC,Gorman-Rupp Company (The) Common Stock,75.25,0.885,1987370786,163682,United States,Industrials,Fluid Controls,true,false,0.579954
BLCO,Bausch + Lomb Corporation Common Shares,17.05,-1.559,6089667444,299102,,Health Care,Ophthalmic Goods,false,false,0.579915
BCC,Boise Cascade L.L.C. Common Stock,77.76,-1.57,2713151454,197994,United States,Consumer Discretionary,RETAIL: Building Materials,true,false,0.579858
MRP,Millrose Properties Inc. Class A Common Stock,26.81,-6.683,4451744923,2965776,United States,Finance,Real Estate,true,false,0.579609
LCID,Lucid Group Inc. Common Stock,4.16,-3.704,1639331932,10907810,United States,Industrials,Auto Manufacturing,true,false,0.579312
EFXT,Enerflex Ltd Common Shares,23.11,3.216,2821797626,404285,Canada,Industrials,Industrial Machinery/Components,false,false,0.579289
FSM,Fortuna Mining Corp. Common Shares,11.66,-4.505,3551139132,3966181,Canada,Basic Materials,Precious Metals,false,false,0.578913
HUBG,Hub Group Inc. Class A Common Stock,31.4,-2.059,1920220214,798135,United States,Industrials,Integrated Freight & Logistics,true,false,0.578821
GNL,Global Net Lease Inc. Common Stock,8.67,-0.459,2005525820,1923374,United States,Real Estate,Real Estate Investment Trusts,true,false,0.578728
FG,F&G Annuities & Life Inc. Common Stock,21.69,-2.385,2839984683,791174,United States,Finance,Life Insurance,true,false,0.578227
NWBI,Northwest Bancshares Inc. Common Stock,15.04,-1.118,2202745195,1123580,United States,Finance,Major Banks,true,false,0.578170
CET,Central Securities Corporation Common Stock,56.44,-0.965,13659902288,28469,United States,Finance,Finance/Investors Services,true,false,0.578043
KARO,Karooooo Ltd. Ordinary Shares,64.21,0.975,1983658793,179976,Singapore,Technology,Computer Software: Prepackaged Software,false,false,0.578042
SFL,SFL Corporation Ltd,12.72,-0.547,1691668212,1580825,Bermuda,Consumer Discretionary,Marine Transportation,false,false,0.577990
CLBK,Columbia Financial Inc. Common Stock,11.18,-1.757,1163250703,3651901,United States,Finance,Savings Institutions,true,false,0.577864
IVT,InvenTrust Properties Corp. Common Stock,30.34,-1.044,2365865597,496241,United States,Real Estate,Real Estate Investment Trusts,true,false,0.577864
DHC,Diversified Healthcare Trust Common Shares of Beneficial Interest,8.13,-0.49,1968508672,2082616,United States,Real Estate,Real Estate Investment Trusts,true,false,0.577829
SOJE,Southern Company (The) Series 2020C 4.20% Junior Subordinated Notes due October 15 2060,16,-0.683,17513051792,75295,United States,Utilities,Electric Utilities: Central,true,false,0.577751
FRME,First Merchants Corporation Common Stock,40.03,-1.525,2513940963,393877,United States,Finance,Major Banks,true,false,0.577560
BBAI,BigBear.ai Inc. Common Stock,2.84,-1.73,1361764360,11838339,United States,Technology,Computer Software: Prepackaged Software,true,false,0.577463
BTDR,Bitdeer Technologies Group Class A Ordinary Shares,12.31,-6.031,3345639436,7545543,Singapore,Finance,Finance: Consumer Services,false,false,0.576904
LCLN,Lincoln International Inc. Class A Common Stock,23.95,-0.333,2481830462,488927,,Finance,Investment Managers,false,false,0.576812
OMER,Omeros Corporation Common Stock,20.74,-1.473,1501333674,1349614,United States,Health Care,Biotechnology: Pharmaceutical Preparations,true,false,0.576460
SKWD,Skyward Specialty Insurance Group Inc. Common Stock,54.84,-1.914,2434703676,322261,United States,Finance,Property-Casualty Insurers,true,false,0.576436
COUR,Coursera Inc. Common Stock,5.12,-0.389,1353728000,4648092,United States,Technology,Computer Software: Prepackaged Software,true,false,0.575941
GTY,Getty Realty Corporation Common Stock,28.91,-1.834,1790474328,825895,United States,Finance,Real Estate,true,false,0.575924
KKRS,KKR Group Finance Co. IX LLC 4.625% Subordinated Notes due 2061,15.67,0.901,14065949868,51381,United States,Finance,Investment Managers,true,false,0.575855
HWKN,Hawkins Inc. Common Stock,123.99,-0.45,2588305757,90575,United States,Consumer Discretionary,Specialty Chemicals,true,false,0.575822
DUKB,Duke Energy Corporation 5.625% Junior Subordinated Debentures due 2078,20.4,-1.402,15905924737,71907,United States,Utilities,Power Generation,true,false,0.575791
SDGR,Schrodinger Inc. Common Stock,29.23,-4.788,2186568506,3066809,United States,Health Care,Biotechnology: Pharmaceutical Preparations,true,false,0.575738
GRND,Grindr Inc. Common Stock,15.44,-3.258,2683790481,1321637,Singapore,Technology,Computer Software: Programming Data Processing,false,false,0.575251
INVX,Innovex International Inc. Common Stock,28.42,1.609,1987576203,321774,United States,Consumer Discretionary,Oil and Gas Field Machinery,true,false,0.575217
RLAY,Relay Therapeutics Inc. Common Stock,18.03,-6.822,3951123607,4708165,United States,Health Care,Biotechnology: Biological Products (No Diagnostic Substances),true,false,0.575122
SNDX,Syndax Pharmaceuticals Inc. Common Stock,17.64,-2.997,1575200597,2087444,United States,Health Care,Biotechnology: Pharmaceutical Preparations,true,false,0.575061
TKC,Turkcell Iletisim Hizmetleri AS Common Stock,5.16,-0.578,4540800000,1020787,Turkey,Telecommunications,Telecommunications Equipment,false,false,0.575015
XHR,Xenia Hotels & Resorts Inc. Common Stock,17.82,-0.391,1643820780,1055618,United States,Consumer Discretionary,Hotels/Resorts,true,false,0.574984
SG,Sweetgreen Inc. Class A Common Stock,7.71,0.522,917808539,3882329,United States,Consumer Discretionary,Restaurants,true,false,0.574877
HZO,MarineMax Inc.  (FL) Common Stock,52.42,0.019,1157787225,477542,United States,Consumer Discretionary,Auto & Home Supply Stores,true,false,0.574773
BANR,Banner Corporation Common Stock,68.07,-1.176,2494048859,200519,United States,Finance,Major Banks,true,false,0.574718
ARIS,Aris Mining Corporation Common Shares,18.89,-4.788,3898896000,2204651,,Uncategorized,Uncategorized,false,false,0.574385
GRDN,Guardian Pharmacy Services Inc. Class A Common Stock,43.26,-3.156,2740188071,440862,United States,Consumer Staples,Retail-Drug Stores and Proprietary Stores,true,false,0.574089
BWLP,BW LPG Limited Common Shares,24.3,-0.573,3870552600,263761,,Consumer Discretionary,Transportation Services,false,false,0.573981
PRGS,Progress Software Corporation Common Stock (DE),41.03,1.009,1682761010,315520,United States,Technology,Computer Software: Prepackaged Software,true,false,0.573966
TRS,TriMas Corporation Common Stock,39.2,1.292,1406255822,378052,United States,Industrials,Industrial Specialties,true,false,0.573808
GT,The Goodyear Tire & Rubber Company Common Stock,5.34,-2.732,1537379256,6468913,United States,Consumer Discretionary,Automotive Aftermarket,true,false,0.573748
DXC,DXC Technology Company Common Stock,10.88,-0.457,1738392136,1626665,United States,Technology,EDP Services,true,false,0.573721
ADEA,Adeia Inc. Common Stock,25.05,-3.02,2762517758,723269,United States,Telecommunications,Cable & Other Pay Television Services,true,false,0.573560
BLBD,Blue Bird Corporation Common Stock,58.09,-1.825,1840061106,384929,United States,Consumer Discretionary,Construction/Ag Equipment/Trucks,true,false,0.573510
UE,Urban Edge Properties Common Shares of Beneficial Interest,19.78,-1.641,2497115537,740697,United States,Finance,Real Estate,true,false,0.573449
SLDE,Slide Insurance Holdings Inc. Common Stock,22.96,-3.812,2681997068,974121,United States,Finance,Property-Casualty Insurers,true,false,0.573404
LIND,Lindblad Expeditions Holdings Inc. Common Stock,27.23,-0.329,1786824131,603646,United States,Consumer Discretionary,Transportation Services,true,false,0.573179
EPAC,Enerpac Tool Group Corp. Common Stock,36.01,0.671,1841466632,336404,United States,Technology,Industrial Machinery/Components,true,false,0.572791
HGTY,Hagerty Inc. Class A Common Stock,13.7,1.107,4707630702,205197,United States,Finance,Specialty Insurers,true,false,0.572686
DJCO,Daily Journal Corp. (S.C.) Common Stock,659.4,0.364,908621549,45177,United States,Consumer Discretionary,Newspapers/Magazines,true,false,0.572169
PWP,Perella Weinberg Partners Class A Common Stock,13.39,0.375,1302998655,1424146,United States,Finance,Finance: Consumer Services,true,false,0.572087
PUMP,ProPetro Holding Corp. Common Stock,9.8,-2.293,1203674387,3975878,United States,Energy,Oilfield Services/Equipment,true,false,0.572084
CEVA,CEVA Inc. Common Stock,33.62,0.779,946539901,727701,United States,Technology,Computer Software: Programming Data Processing,true,false,0.571891
IE,Ivanhoe Electric Inc. Common Stock,10.4,-3.166,1659738694,3145751,Canada,Basic Materials,Metal Mining,false,false,0.571748
SLG,SL Green Realty Corp Common Stock,49.98,-4.764,3541078352,870968,United States,Real Estate,Real Estate Investment Trusts,true,false,0.571421
WEN,Wendy's Company (The) Common Stock,6.73,-1.175,1283208629,4059383,United States,Consumer Discretionary,Restaurants,true,false,0.571399
HUN,Huntsman Corporation Common Stock,9.1,0.552,1595945406,1586905,United States,Industrials,Major Chemicals,true,false,0.571398
DJT,Trump Media & Technology Group Corp. Common Stock,9.06,-3.412,2518147942,2297046,United States,Technology,Computer Software: Programming Data Processing,true,false,0.571380
LIME,Neutron Holdings Inc. Common Stock,28.6,0.846,1858547834,384702,United States,Technology,Computer Software: Prepackaged Software,true,false,0.571073
SBH,Sally Beauty Holdings Inc. (Name to be changed from Sally Holdings Inc.) Common Stock,16.75,-1.238,1568173391,1303104,United States,Consumer Discretionary,Other Specialty Stores,true,false,0.570522
EFSC,Enterprise Financial Services Corporation Common Stock,59.845,-0.902,2165941359,227260,United States,Finance,Major Banks,true,false,0.570451
HTH,Hilltop Holdings Inc.,38.17,-0.547,2186622537,315839,United States,Finance,Major Banks,true,false,0.570335
CC,Chemours Company (The) Common Stock,14.74,-1.602,2218355186,1053967,United States,Industrials,Major Chemicals,true,false,0.570289
LMND,Lemonade Inc. Common Stock,44.36,-6.983,3433313841,2091026,United States,Finance,Property-Casualty Insurers,true,false,0.570192
OPY,Oppenheimer Holdings Inc. Class A Common Stock (DE),115.35,2.134,1235168377,112314,United States,Finance,Investment Bankers/Brokers/Service,true,false,0.570097
ZG,Zillow Group Inc. Class A Common Stock,29.35,-7.091,6600079900,1413323,United States,Consumer Discretionary,Business Services,true,false,0.569877
PAY,Paymentus Holdings Inc. Class A Common Stock,29.95,-7.276,3771892428,2949416,United States,Consumer Discretionary,Business Services,true,false,0.569648
CNMD,CONMED Corporation Common Stock,45.8,-0.801,1371767158,491165,United States,Health Care,Biotechnology: Electromedical & Electrotherapeutic Apparatus,true,false,0.569557
IDT,IDT Corporation Class B Common Stock,67.87,-1.495,1687829574,302940,United States,Telecommunications,Telecommunications Equipment,true,false,0.569459
COTY,Coty Inc. Class A Common Stock,2.64,-1.124,2325012265,4916700,United States,Consumer Discretionary,Package Goods/Cosmetics,true,false,0.569296
PAGS,PagSeguro Digital Ltd. Class A Common Shares,9.09,-3.298,2642260375,1995931,Cayman Islands,Technology,EDP Services,false,false,0.568681
TEN,Tsakos Energy Navigation Ltd Common Shares,47,-2.631,1415997341,685492,Greece,Consumer Discretionary,Marine Transportation,false,false,0.568363
CLOV,Clover Health Investments Corp. Class A Common Stock,4.57,-2.141,2427384122,3337199,United States,Health Care,Medical Specialities,true,false,0.568292
GLOB,Globant S.A. Common Shares,34.45,-1.6,1487535704,691239,United States,Technology,EDP Services,true,false,0.568281
BH,Biglari Holdings Inc. Class B Common Stock,346.96,0.191,807219788,92186,United States,Consumer Discretionary,Restaurants,true,false,0.568144
MLKN,MillerKnoll Inc. Common Stock,20.04,-1.232,1377410583,1177754,United States,Consumer Discretionary,Office Equipment/Supplies/Services,true,false,0.567804
PRM,Perimeter Solutions SA Common Stock,28.28,-5.005,4629066182,1120765,Luxembourg,Industrials,Major Chemicals,false,false,0.567730
SPB,Spectrum Brands Holdings Inc. Common Stock,86.48,-1.75,1988659142,203229,United States,Miscellaneous,Industrial Machinery/Components,true,false,0.567700
APOS,Apollo Global Management Inc. 7.625% Fixed-Rate Resettable Junior Subordinated Notes due 2053,25.33,-0.236,14426303084,34400,United States,Finance,Investment Managers,true,false,0.567211
TCBK,TriCo Bancshares Common Stock,51.44,-1.682,1644363447,416360,United States,Finance,Major Banks,true,false,0.567176
WLTH,Wealthfront Corporation Common Stock,9.84,-1.006,1536776170,2012836,United States,Finance,Finance: Consumer Services,true,false,0.567170
AMPH,Amphastar Pharmaceuticals Inc. Common Stock,24.96,2.632,1061747082,508133,United States,Health Care,Biotechnology: Pharmaceutical Preparations,true,false,0.567089
WMK,Weis Markets Inc. Common Stock,72.47,-0.344,1793240945,191391,United States,Consumer Staples,Food Chains,true,false,0.567064
ATHM,Autohome Inc. American Depositary Shares each representing four class A ordinary shares.,21.35,0.188,2458898950,380129,China,Technology,EDP Services,false,false,0.566697
ORIC,Oric Pharmaceuticals Inc. Common Stock,13.33,-1.259,1381689904,1717669,United States,Health Care,Biotechnology: Pharmaceutical Preparations,true,false,0.566469
AESI,Atlas Energy Solutions Inc. Common Stock,11.52,-4,1440039756,3630933,United States,Industrials,Mining & Quarrying of Nonmetallic Minerals (No Fuels),true,false,0.566433
TWFG,TWFG Inc. Class A Common Stock,24.71,1.729,1335619830,475393,United States,Finance,Specialty Insurers,true,false,0.566377
FBNC,First Bancorp Common Stock,62.22,-1.269,2574304031,173230,United States,Finance,Major Banks,true,false,0.566223
AMBQ,Ambiq Micro Inc. Common Stock,69.13,-2.702,1671876974,365511,United States,Technology,Semiconductors,true,false,0.565966
OCFC,OceanFirst Financial Corp. Common Stock,17,-2.13,1642968723,1340818,United States,Finance,Major Banks,true,false,0.565939
DRVN,Driven Brands Holdings Inc. Common Stock,12.335,0.53,2035026030,738055,United States,Consumer Discretionary,Automotive Aftermarket,true,false,0.565859
CRSR,Corsair Gaming Inc. Common Stock,13.52,-0.442,1462552486,1322416,United States,Technology,Computer peripheral equipment,true,false,0.565672
PBH,Prestige Consumer Healthcare Inc. Common Stock,45.92,-3.792,2175438050,504010,United States,Health Care,Biotechnology: Pharmaceutical Preparations,true,false,0.565465
XNCR,Xencor Inc. Common Stock,24.26,-3.577,1803813411,1156677,United States,Health Care,Biotechnology: Pharmaceutical Preparations,true,false,0.565400
ABUS,Arbutus Biopharma Corporation Common Stock,4.85,-3.194,959562000,10842074,Canada,Health Care,Biotechnology: Pharmaceutical Preparations,false,false,0.565335
XERS,Xeris Biopharma Holdings Inc. Common Stock,8.66,-0.802,1578893850,2042803,United States,Health Care,Biotechnology: Pharmaceutical Preparations,true,false,0.565285
RDWR,Radware Ltd. Ordinary Shares,30.44,2.699,1287824167,305367,Israel,Consumer Discretionary,Business Services,false,false,0.565161
RES,RPC Inc. Common Stock,5.85,2.273,1296693520,1735320,United States,Energy,Oilfield Services/Equipment,true,false,0.564863
RDVT,Red Violet Inc. Common Stock,76.2,3.801,1222779495,236711,United States,Technology,Computer Software: Prepackaged Software,true,false,0.564658
NKTR,Nektar Therapeutics  Common Stock,57.66,-5.429,1968685034,1844007,United States,Health Care,Biotechnology: Pharmaceutical Preparations,true,false,0.564545
OSW,OneSpaWorld Holdings Limited Common Shares,22.26,-1.417,2259361329,571980,Bahamas,Consumer Discretionary,Hotels/Resorts,false,false,0.564518
LILAP,Liberty Latin America Ltd. 9.0% Fixed Rate Cumulative Perpetual Redeemable Series A Preference Shares,20.72,0.339,4059048000,170617,United States,Telecommunications,Cable & Other Pay Television Services,true,false,0.564428
LCII,LCI Industries,85.03,-3.287,2067207440,253083,United States,Consumer Discretionary,Auto Parts:O.E.M.,true,false,0.564198
AIN,Albany International Corporation Common Stock,60.77,0.913,1725868000,162074,United States,Consumer Discretionary,Textiles,true,false,0.564144
HOS,Hornbeck Offshore Services Inc. Common Stock,8.35,-0.713,1855091001,1641532,United States,Energy,Oilfield Services/Equipment,true,false,0.564075
CLDX,Celldex Therapeutics Inc.,31.12,-7.132,2443839036,4236074,United States,Health Care,Biotechnology: In Vitro & In Vivo Diagnostic Substances,true,false,0.564066
ESQ,Esquire Financial Holdings Inc. Common Stock,121.36,0.256,1469012193,117835,United States,Finance,Commercial Banks,true,false,0.563812
NWN,Northwest Natural Holding Company Common Stock,47.23,-1.151,1988077800,289747,United States,Utilities,Oil/Gas Transmission,true,false,0.563617
RPD,Rapid7 Inc. Common Stock,13.09,1.868,882274378,1356223,United States,Technology,Computer Software: Prepackaged Software,true,false,0.563550
WINA,Winmark Corporation Common Stock,291.26,-0.905,1046255143,92995,United States,Consumer Discretionary,Other Specialty Stores,true,false,0.563527
WRD,WeRide Inc. American Depositary Shares,5.85,-1.182,1961250379,2396754,China,Technology,EDP Services,false,false,0.563445
MCHB,Mechanics Bancorp Class A Common Stock,15,-1.251,3304680915,475983,United States,Finance,Major Banks,true,false,0.563258
BJRI,BJ's Restaurants Inc. Common Stock,61.54,-0.016,1309187498,280144,United States,Consumer Discretionary,Restaurants,true,false,0.563090
GSL,Global Ship Lease Inc New Class A Common Shares,44.54,-0.669,1599798588,356824,United Kingdom,Consumer Discretionary,Marine Transportation,false,false,0.563087
PSIX,Power Solutions International Inc. Common Stock,46.88,1.013,1081308296,359769,United States,Industrials,Industrial Machinery/Components,true,false,0.563048
UTZ,Utz Brands Inc Class A Common Stock,14.23,0,2048582291,666915,United States,Consumer Staples,Packaged Foods,true,false,0.562995
HMN,Horace Mann Educators Corporation Common Stock,46.54,-1.419,1884919053,333974,United States,Finance,Property-Casualty Insurers,true,false,0.562736
ETON,Eton Pharmaceuticals Inc. Common Stock,55.61,-2.592,1589508137,436141,United States,Health Care,Biotechnology: Pharmaceutical Preparations,true,false,0.562631
PTON,Peloton Interactive Inc. Class A Common Stock,4.8,-4.382,2106584645,11292711,United States,Consumer Discretionary,Recreational Games/Products/Toys,true,false,0.562177
HAWK,HawkEye 360 Inc. Common Stock,15.83,-0.877,1550794688,1087836,United States,Technology,EDP Services,true,false,0.562177
SLS,SELLAS Life Sciences Group Inc. Common Stock,11.52,-4.16,2326414568,3889149,United States,Health Care,Biotechnology: Pharmaceutical Preparations,true,false,0.562041
LB,LandBridge Company LLC Class A Shares Representing Limited Liability Company Interests,82.11,-5.523,6329483179,285788,,Energy,Oil & Gas Production,false,false,0.561596
AUPH,Aurinia Pharmaceuticals Inc Ordinary Shares,16.4,-1.62,2182039155,787324,Canada,Health Care,Biotechnology: Pharmaceutical Preparations,false,false,0.561446
NHP,National Healthcare Properties Inc. Class A Common Stock,16.18,-0.736,1179600894,1335075,United States,Real Estate,Real Estate Investment Trusts,true,false,0.561352
MTX,Minerals Technologies Inc. Common Stock,66.88,-0.639,2081891603,155089,United States,Basic Materials,Major Chemicals,true,false,0.560871
RLJ,RLJ Lodging Trust Common Shares of Beneficial Interest $0.01 par value,10.91,-1.088,1662420764,1445433,United States,Real Estate,Real Estate Investment Trusts,true,false,0.560805
FIZZ,National Beverage Corp. Common Stock,30.65,-1.51,2869309006,286723,United States,Consumer Staples,Beverages (Production/Distribution),true,false,0.560698
CTS,CTS Corporation Common Stock,59.24,0.492,1691668992,173418,United States,Technology,Electrical Products,true,false,0.560598
RUN,Sunrun Inc. Common Stock,8.35,-5.006,2011072300,8922641,United States,Miscellaneous,Industrial Machinery/Components,true,false,0.560525
TR,Tootsie Roll Industries Inc. Common Stock,37.97,1.172,2850470475,111149,United States,Consumer Staples,Specialty Foods,true,false,0.560474
ESTA,Establishment Labs Holdings Inc. Common Shares,67.76,-3.531,2019376134,319189,Costa Rica,Health Care,Industrial Specialties,false,false,0.560383
AD,Array Digital Infrastructure Inc. Common Shares,34.94,-1.244,3022310000,207539,United States,Telecommunications,Telecommunications Equipment,true,false,0.559909
BLZE,Backblaze Inc. Class A Common Stock,14.06,-1.678,870314000,2648266,United States,Technology,Computer Software: Prepackaged Software,true,false,0.559546
TGS,Transportadora de Gas del Sur SA TGS Common Stock,27.41,-1.367,4126636131,174755,Argentina,Utilities,Natural Gas Distribution,false,false,0.559275
KMPR,Kemper Corporation,25.85,-1.336,1523163531,693853,United States,Finance,Property-Casualty Insurers,true,false,0.559270
FEIM,Frequency Electronics Inc. Common Stock,84.22,-0.976,949436231,327167,United States,Industrials,Electrical Products,true,false,0.559196
STBA,S&T Bancorp Inc. Common Stock,49.1,-0.305,1731535657,241065,United States,Finance,Major Banks,true,false,0.558982
WGS,GeneDx Holdings Corp. Class A Common Stock,85.2,-6.167,2540880493,1045840,United States,Health Care,Medical/Nursing Services,true,false,0.558961
IIPR,Innovative Industrial Properties Inc. Common Stock,55.28,-2.573,1524144173,418587,United States,Finance,Real Estate,true,false,0.558630
SYBT,Stock Yards Bancorp Inc. Common Stock,77.22,-1.165,2398966172,122237,United States,Finance,Major Banks,true,false,0.558453
MGEE,MGE Energy Inc,70.86,-2.531,2677375090,163495,United States,Energy,Electric Utilities: Central,true,false,0.558229
CMPR,Cimpress plc Ordinary Shares (Ireland),77.99,-1.838,1899015633,192731,Netherlands,Consumer Discretionary,Publishing,false,false,0.558119
KRT,Karat Packaging Inc. Common Stock,53.05,1.628,1057377799,247153,United States,Industrials,Plastic Products,true,false,0.557926
EVTC,Evertec Inc. Common Stock,27.57,-1.183,1647377583,544719,Puerto Rico,Technology,EDP Services,false,false,0.557587
FRMI,Fermi Inc. Common Stock,4.82,-6.226,3087052617,13514147,United States,Real Estate,Real Estate Investment Trusts,true,false,0.557352
SAFT,Safety Insurance Group Inc. Common Stock,103.51,-0.087,1519576692,124643,United States,Finance,Property-Casualty Insurers,true,false,0.557346
KNF,Knife Riv Holding Co. Common Stock,51.43,-7.865,2919342691,1928860,United States,Industrials,Mining & Quarrying of Nonmetallic Minerals (No Fuels),true,false,0.557287
OMCL,Omnicell Inc. Common Stock ($0.001 par value),32.99,-0.543,1504835023,437068,United States,Technology,Computer Manufacturing,true,false,0.557284
NEXT,NextDecade Corporation Common Stock,6.68,-1.329,1778118692,2101320,United States,Utilities,Oil & Gas Production,true,false,0.557177
ENR,Energizer Holdings Inc. Common Stock,22,-1.566,1506640014,823238,United States,Miscellaneous,Industrial Machinery/Components,true,false,0.557131
VERX,Vertex Inc. Class A Common Stock,11.72,-0.594,1901194726,915240,United States,Technology,Computer Software: Prepackaged Software,true,false,0.557055
LFTO,Liftoff Mobile Inc. Common Stock,16.09,-1.59,2724544269,548641,United States,Technology,EDP Services,true,false,0.557048
BXMT,Blackstone Mortgage Trust Inc. Common Stock,12.57,-4.338,2118592939,3785117,United States,Real Estate,Real Estate Investment Trusts,true,false,0.557012
FLOC,Flowco Holdings Inc. Class A Common Stock,19.36,1.468,1749238494,361926,United States,Consumer Discretionary,Oil and Gas Field Machinery,true,false,0.556997
PRGO,Perrigo Company plc Ordinary Shares,13.84,-3.284,1920566351,1455817,United States,Health Care,Biotechnology: Pharmaceutical Preparations,true,false,0.556888
RNW,ReNew Energy Global plc Class A Ordinary Shares,6.84,0,2492514386,933582,United Kingdom,Utilities,Electric Utilities: Central,false,false,0.556776
LNN,Lindsay Corporation Common Stock,115.84,0.809,1177963638,117322,United States,Industrials,Industrial Machinery/Components,true,false,0.556525
BBNX,Beta Bionics Inc. Common Stock,22.19,-2.718,1168122940,1396410,United States,Health Care,Medical/Dental Instruments,true,false,0.556411
EFC,Ellington Financial Inc. Common Stock,12.41,-2.283,1599492460,1584808,United States,Finance,Real Estate,true,false,0.556375
OPEN,Opendoor Technologies Inc Common Stock,2.58,-6.522,2505414909,35164740,United States,Finance,Real Estate,true,false,0.556291
ECPG,Encore Capital Group Inc Common Stock,94.47,-3.886,2003648806,227371,United States,Finance,Finance Companies,true,false,0.555854
YSS,York Space Systems Inc. Common Stock,9.61,-3.027,1320006584,2921543,,Industrials,Military/Government/Technical,false,false,0.555642
VNET,VNET Group Inc. American Depositary Shares,6.92,-3.217,1971012943,2641406,China,Technology,Computer Software: Programming Data Processing,false,false,0.554964
BWMN,Bowman Consulting Group Ltd. Common Stock,42.56,0,737799391,648648,United States,Consumer Discretionary,Professional Services,true,false,0.554909
NTB,Bank of N.T. Butterfield & Son Limited (The) Voting Ordinary Shares,58.11,-0.751,2324400000,140168,Bermuda,Finance,Commercial Banks,false,false,0.554604
NSP,Insperity Inc. Common Stock,48.85,-2.805,1865838940,366372,United States,Consumer Discretionary,Professional Services,true,false,0.554522
ENOV,Enovis Corporation Common Stock,18.24,-0.816,1051891571,1180042,United States,Health Care,Industrial Specialties,true,false,0.554490
CSWC,Capital Southwest Corporation Common Stock,23.15,-0.814,1438557807,654825,United States,Consumer Discretionary,Textiles,true,false,0.554443
NBHC,National Bank Holdings Corporation Common Stock,39.86,-0.698,1775346343,283338,United States,Finance,Major Banks,true,false,0.554433
QURE,uniQure N.V. Ordinary Shares,42.76,-5.565,2966107777,1173634,Netherlands,Health Care,Biotechnology: Pharmaceutical Preparations,false,false,0.554412
RARE,Ultragenyx Pharmaceutical Inc. Common Stock,14.88,-4.707,1467002430,5712825,United States,Health Care,Biotechnology: Pharmaceutical Preparations,true,false,0.554318
WABC,Westamerica Bancorporation Common Stock,59.23,0.322,1368873592,202748,United States,Finance,Major Banks,true,false,0.554272
CERT,Certara Inc. Common Stock,8.64,-2.152,1317935059,2586016,United States,Technology,Computer Software: Prepackaged Software,true,false,0.554251
XPRO,Expro Ltd Ordinary Shares,16.51,0.794,1872156122,433905,Cayman Islands,Energy,Oilfield Services/Equipment,false,false,0.554002
BATRA,Atlanta Braves Holdings Inc. Series A Common Stock,58.09,0.606,3727513137,46067,United States,Consumer Discretionary,Services-Misc. Amusement & Recreation,true,false,0.553899
BNJ,Brookfield Finance Inc. 4.50% Perpetual Subordinated Notes,14.39,0,21697198312,22247,Canada,Real Estate,Building operators,false,false,0.553859
MD,Pediatrix Medical Group Inc. Common Stock,25.86,-1.86,2101209588,454022,United States,Health Care,Hospital/Nursing Management,true,false,0.553842
DNLI,Denali Therapeutics Inc. Common Stock,20.46,-5.278,3270477865,1914266,United States,Health Care,Biotechnology: Biological Products (No Diagnostic Substances),true,false,0.553743
TEO,Telecom Argentina SA,13.98,-1.41,6021711676,164384,Argentina,Telecommunications,Telecommunications Equipment,false,false,0.553641
GPRE,Green Plains Inc. Common Stock,15.11,0.265,1059140406,1090252,United States,Industrials,Major Chemicals,true,false,0.553540
ORC,Orchid Island Capital Inc. Common Stock,5.94,-2.941,1185644422,5064240,United States,Real Estate,Real Estate Investment Trusts,true,false,0.553522
MRVI,Maravai LifeSciences Holdings Inc. Class A Common Stock,7.37,-1.206,1913794616,1549788,United States,Health Care,Biotechnology: Pharmaceutical Preparations,true,false,0.553507
DYN,Dyne Therapeutics Inc. Common Stock,16.23,-5.309,3030894575,2636347,United States,Health Care,Biotechnology: Pharmaceutical Preparations,true,false,0.553305
AMLX,Amylyx Pharmaceuticals Inc. Common Stock,30.605,-7.258,3839650751,1824941,United States,Health Care,Biotechnology: Pharmaceutical Preparations,true,false,0.553220
PNTG,The Pennant Group Inc. Common Stock,39.65,0.609,1384937784,269218,United States,Health Care,Medical/Nursing Services,true,false,0.553104
RHLD,Resolute Holdings Management Common Stock,125.59,1.217,982062936,111061,United States,Finance,Finance: Consumer Services,true,false,0.553096
CRI,Carter's Inc. Common Stock,29.77,-3.532,1092891977,1255006,United States,Consumer Discretionary,Apparel,true,false,0.552609
IMOS,ChipMOS TECHNOLOGIES INC. American Depositary Shares,67.37,-0.81,2357893140,114151,Taiwan,Technology,Semiconductors,false,false,0.552590
GTM,ZoomInfo Technologies Inc Common Stock,3.9,0.515,1135329179,3530567,United States,Technology,Computer Software: Prepackaged Software,true,false,0.552389
BCAT,BlackRock Capital Allocation Term Trust Common Shares of Beneficial Interest,13.95,-1.622,1508483250,1202574,United States,Finance,Finance/Investors Services,true,false,0.552369
BLX,Bladex Inc. Class E Common Stock,55.25,-0.54,2077340275,149334,Panama,Finance,Commercial Banks,false,false,0.552298
HIMX,Himax Technologies Inc. American Depositary Shares,14.28,-2.923,2490802052,836950,Taiwan,Technology,Semiconductors,false,false,0.552138
PRH,Prudential Financial Inc. 5.950% Junior Subordinated Notes due 2062,21.27,-0.421,7487040000,57754,United States,Finance,Life Insurance,true,false,0.551899
SCSC,ScanSource Inc. Common Stock,58.485,1.273,1178052360,181133,United States,Technology,Retail: Computer Software & Peripheral Equipment,true,false,0.551864
BORR,Borr Drilling Limited Common Shares,4.36,-2.242,1341576687,4885862,Bermuda,Energy,Oil & Gas Production,false,false,0.551338
BHC,Bausch Health Companies Inc. Common Stock,5.71,-1.721,2135486103,1818024,Canada,Health Care,Biotechnology: Pharmaceutical Preparations,false,false,0.551326
NBR,Nabors Industries Ltd.,83.02,-0.48,1390119092,161983,Bermuda,Energy,Oil & Gas Production,false,false,0.551279
QCRH,QCR Holdings Inc. Common Stock,99.17,-0.191,1623969640,102422,United States,Finance,Major Banks,true,false,0.550814
FLY,Firefly Aerospace Inc. Common Stock,21.9,-6.19,3666161726,2082067,United States,Industrials,Military/Government/Technical,true,false,0.550758
UAA,Under Armour Inc. Class A Common Stock,4.53,-4.43,1945841301,10539134,United States,Consumer Discretionary,Apparel,true,false,0.550122
DBD,Diebold Nixdorf Incorporated Common stock,63.04,-2.097,2139992908,176548,United States,Miscellaneous,Office Equipment/Supplies/Services,true,false,0.550059
TRIN,Trinity Capital Inc. Common Stock,17.55,-1.626,1661872224,785768,United States,Finance,Finance: Consumer Services,true,false,0.550001
PTRN,Pattern Group Inc. Series A Common Stock,19.36,-5.145,3434446363,1654989,United States,Consumer Discretionary,Catalog/Specialty Distribution,true,false,0.549962
EZPW,EZCORP Inc. Class A Non Voting Common Stock,30.19,-1.693,1854975552,406473,United States,Consumer Discretionary,Other Specialty Stores,true,false,0.549938
VIR,Vir Biotechnology Inc. Common Stock,11.09,-3.565,1876604974,1685305,United States,Health Care,Biotechnology: Biological Products (No Diagnostic Substances),true,false,0.549936
TILE,Interface Inc. Common Stock,34.94,-0.823,2019548072,253515,United States,Consumer Discretionary,Home Furnishings,true,false,0.549929
HOPE,Hope Bancorp Inc. Common Stock,13.62,-1.161,1739843806,852027,United States,Finance,Major Banks,true,false,0.549927
BNH,Brookfield Finance Inc. 4.625% Subordinated Notes due October 16 2080,14.9,-0.268,22466174764,20104,Canada,Real Estate,Building operators,false,false,0.549886
TSLX,Sixth Street Specialty Lending Inc. Common Stock,18.25,-0.545,1740012287,538057,,Finance,Investment Managers,false,false,0.549845
LBTYA,Liberty Global Ltd. Class A Common Shares,9.48,-4.915,3233510126,3303516,United Kingdom,Telecommunications,Cable & Other Pay Television Services,false,false,0.549713
AMR,Alpha Metallurgical Resources Inc. Common Stock,180.4,-4.333,2287299718,203713,United States,Energy,Coal Mining,true,false,0.549208
FET,Forum Energy Technologies Inc. Common Stock,82.68,2.137,948562753,124294,United States,Consumer Discretionary,Oil and Gas Field Machinery,true,false,0.548770
GHM,Graham Corporation Common Stock,87.8,0.989,1030511497,140760,United States,Industrials,Industrial Machinery/Components,true,false,0.548458
IMNM,Immunome Inc. Common Stock,24.24,-5.864,2753121727,2270666,United States,Health Care,Biotechnology: Pharmaceutical Preparations,true,false,0.548334
CMSD,CMS Energy Corporation 5.875% Junior Subordinated Notes due 2079,20.34,-0.392,6088483277,70331,United States,Utilities,Power Generation,true,false,0.548245
BFC,Bank First Corporation Common Stock,148.39,-1.225,1644993223,80938,United States,Finance,Major Banks,true,false,0.548042
SREA,DBA Sempra 5.750% Junior Subordinated Notes due 2079,19.55,-0.912,12378001856,34266,United States,Utilities,Natural Gas Distribution,true,false,0.547892
CXM,Sprinklr Inc. Class A Common Stock,5.43,0.929,1260690376,1770572,United States,Technology,Computer Software: Prepackaged Software,true,false,0.547892
NNE,Nano Nuclear Energy Inc. Common Stock,17.01,-1.79,913405463,1596961,United States,Utilities,Electric Utilities: Central,true,false,0.547791
ATEX,Anterix Inc. Common Stock,83.98,-1.478,1646829828,153006,United States,Telecommunications,Telecommunications Equipment,true,false,0.547559
AMBP,Ardagh Metal Packaging S.A. Ordinary Shares,4.45,-1.549,2659763158,1561546,,Industrials,Containers/Packaging,false,false,0.547370
VCEL,Vericel Corporation Common Stock,38.79,-3.555,1986304557,433985,United States,Health Care,Biotechnology: Biological Products (No Diagnostic Substances),true,false,0.547340
CENTA,Central Garden & Pet Company Class A Common Stock Nonvoting,34.16,-1.556,2138163148,263307,United States,Consumer Discretionary,Consumer Specialties,true,false,0.546989
TFIN,Triumph Financial Inc. Common Stock,61.37,-1.429,1466407736,233853,United States,Finance,Major Banks,true,false,0.546887
ATLC,Atlanticus Holdings Corporation Common Stock,90.97,-1.173,1380018357,156660,United States,Finance,Finance: Consumer Services,true,false,0.546354
FSUN,FirstSun Capital Bancorp Common Stock,38.37,-2.49,1787427044,370608,United States,Finance,Major Banks,true,false,0.546346
VFS,VinFast Auto Ltd. Ordinary Shares,3.195,-1.084,7474817552,401324,Singapore,Industrials,Auto Manufacturing,false,false,0.546210
ASTH,Astrana Health Inc. Common Stock,34.34,-2.193,1703413928,405155,United States,Consumer Discretionary,Professional Services,true,false,0.545935
GAB,Gabelli Equity Trust Inc. (The) Common Stock,5.32,-2.026,1563107573,2805021,United States,Finance,Investment Managers,true,false,0.545742
VPG,Vishay Precision Group Inc. Common Stock,69.83,-0.114,930165627,251126,United States,Technology,Electrical Products,true,false,0.545735
PRS,Prudential Financial Inc. 5.625% Junior Subordinated Notes due 2058,20.315,-0.27,7150880000,50167,United States,Finance,Life Insurance,true,false,0.545337
IRMD,iRadimed Corporation Common Stock,86.35,-0.185,1104156673,164118,United States,Health Care,Medical/Dental Instruments,true,false,0.545322
SEDG,SolarEdge Technologies Inc. Common Stock,33.35,-7.567,2051883696,3295901,Israel,Technology,Semiconductors,false,false,0.545191
JJSF,J & J Snack Foods Corp. Common Stock,77.93,-1.004,1455857711,162649,United States,Consumer Staples,Specialty Foods,true,false,0.545173
CIG,Comp En De Mn Cemig ADS American Depositary Shares,2.09,-4.128,5981124161,4392915,Brazil,Utilities,Electric Utilities: Central,false,false,0.545023
SLVM,Sylvamo Corporation Common Stock,36.64,-0.624,1456815304,309188,United States,Basic Materials,Paper,true,false,0.544834
VSTS,Vestis Corporation Common Stock,13.87,-3.881,1833060656,1325812,United States,Consumer Discretionary,Consumer Specialties,true,false,0.544725
ERAS,Erasca Inc. Common Stock,13.945,-10.322,4877431578,4424832,United States,Health Care,Biotechnology: Pharmaceutical Preparations,true,false,0.544718
AAUC,Allied Gold Corporation Common Shares,22.38,-2.484,3118605845,290499,,Uncategorized,Uncategorized,false,false,0.544592
IHS,IHS Holding Limited Ordinary Shares,8.42,-0.237,2825088689,482155,Cayman Islands,Telecommunications,Telecommunications Equipment,false,false,0.544442
ICFI,ICF International Inc. Common Stock,83.68,0.12,1500707413,107058,United States,Consumer Discretionary,Professional Services,true,false,0.544394
AQNB,Algonquin Power & Utilities Corp. 6.20% Fixed-to-Floating Subordinated Notes Series 2019-A due July 1 2079,26.12,-0.267,20060813026,9900,United States,Utilities,Electric Utilities: Central,true,false,0.544322
NUTX,Nutex Health Inc. Common Stock,201.86,-3.333,1382331830,110478,United States,Consumer Discretionary,Business Services,true,false,0.544203
LZB,La-Z-Boy Incorporated Common Stock,30.01,-2.12,1201983658,654613,United States,Consumer Discretionary,Home Furnishings,true,false,0.544176
IBTA,Ibotta Inc. Class A Common Stock,41.21,1.403,954819793,263271,United States,Consumer Discretionary,Advertising,true,false,0.543934
PRTH,Priority Technology Holdings Inc. Common Stock,7.8,0,643034902,3195707,United States,Consumer Discretionary,Business Services,true,false,0.543753
NVCR,NovoCure Limited Ordinary Shares,16.25,-2.519,1892244900,777770,Jersey,Health Care,Medical/Dental Instruments,false,false,0.543594
DCH,Dauch Corporation Common Stock,5.68,-3.892,1349594139,4492745,United States,Consumer Discretionary,Auto Parts:O.E.M.,true,false,0.543517
SCL,Stepan Company Common Stock,64.87,0.761,1474659870,115479,United States,Consumer Discretionary,Package Goods/Cosmetics,true,false,0.543385
BZH,Beazer Homes USA Inc. Common Stock,33.35,-0.03,889765427,516117,United States,Consumer Discretionary,Homebuilding,true,false,0.543321
STGW,Stagwell Inc. Class A Common Stock,8.48,-0.353,2073151824,718955,Canada,Consumer Discretionary,Advertising,false,false,0.542944
MITK,Mitek Systems Inc. Common Stock,17.69,1.259,798214796,786545,United States,Technology,Computer peripheral equipment,true,false,0.542663
AGL,agilon health inc. Common Stock,84.56,-2.626,1419864718,211935,United States,Health Care,Misc Health and Biotechnology Services,true,false,0.542606
UROY,Uranium Royalty Corp. Common Stock,4.42,-1.996,1667270954,2795051,Canada,Finance,Investment Bankers/Brokers/Service,false,false,0.542364
SB,Safe Bulkers Inc Common Stock ($0.001 par value),8.37,-1.297,956228825,2379592,Monaco,Consumer Discretionary,Marine Transportation,false,false,0.542303
POET,POET Technologies Inc. Common Shares,7.8,-4.529,1349853086,8017812,Canada,Technology,Semiconductors,false,false,0.541877
ALMR,Alamar Biosciences Inc. Common Stock,32.14,-3.251,2230283499,353122,United States,Industrials,Biotechnology: Laboratory Analytical Instruments,true,false,0.541638
NPKI,NPK International Inc. Common Stock,11.71,-0.256,994294859,1256220,United States,Industrials,Misc Corporate Leasing Services,true,false,0.541343
AEVA,Aeva Technologies Inc. Common Stock,15.22,-1.233,1060921637,1146055,United States,Consumer Discretionary,Auto Parts:O.E.M.,true,false,0.541241
FLNG,FLEX LNG Ltd. Ordinary Shares,30.96,-1.338,1674699961,325749,,Consumer Discretionary,Marine Transportation,false,false,0.541120
SVV,Savers Value Village Inc. Common Stock,9.01,-2.7,1389847776,1987297,United States,Consumer Discretionary,Other Specialty Stores,true,false,0.540993
WS,Worthington Steel Inc. Common Shares,34.71,-0.544,1768357145,224567,United States,Industrials,Steel/Iron Ore,true,false,0.540982
REX,REX American Resources Corporation,44.01,-0.542,1460059916,223209,United States,Industrials,Major Chemicals,true,false,0.540694
CSTL,Castle Biosciences Inc. Common Stock,34.88,0.086,1065566804,348346,United States,Health Care,Medical Specialities,true,false,0.540620
BHRB,Burke & Herbert Financial Services Corp. Common Stock,68.84,-0.878,1389675352,163598,United States,Finance,Major Banks,true,false,0.540090
CDRE,Cadre Holdings Inc. Common Stock,26.7,-0.67,1143313598,507915,United States,Health Care,Industrial Specialties,true,false,0.540052
OSBC,Old Second Bancorp Inc. Common Stock,24.55,-0.406,1248998828,460807,United States,Finance,Major Banks,true,false,0.540007
ENIC,Enel Chile S.A. American Depositary Shares (Each representing 50 shares of Common Stock),4.34,-1.81,6003657165,403294,Chile,Utilities,Electric Utilities: Central,false,false,0.539879
SENEA,Seneca Foods Corp. Class A Common Stock,179.15,-2.535,1212794801,106698,United States,Consumer Staples,Packaged Foods,true,false,0.539737
BFLY,Butterfly Network Inc. Class A Common Stock,9.2,-7.351,2449823684,7793206,United States,Health Care,Medical Electronics,true,false,0.539557
ATEC,Alphatec Holdings Inc. Common Stock,10.03,-2.904,1549144292,1629764,United States,Health Care,Medical/Dental Instruments,true,false,0.539545
SRCE,1st Source Corporation Common Stock,84.38,-1.148,2032024478,84902,United States,Finance,Major Banks,true,false,0.539504
HCSG,Healthcare Services Group Inc. Common Stock,21.25,-1.484,1458434293,567127,United States,Health Care,Hospital/Nursing Management,true,false,0.539173
NSSC,NAPCO Security Technologies Inc. Common Stock,35.96,0.223,1286232995,252300,United States,Telecommunications,Telecommunications Equipment,true,false,0.539055
RUM,RUM Group Inc. Class A Common Stock,8.27,-7.701,4100350304,4821478,United States,Technology,Computer Software: Programming Data Processing,true,false,0.538762
CASH,Pathward Financial Inc. Common Stock,73.27,-1.73,1522064234,163118,United States,Finance,Major Banks,true,false,0.538693
GOLD,Gold.com Inc. Common Stock,43.48,-2.62,1267648791,416998,United States,Industrials,Other Specialty Stores,true,false,0.538486
CTOS,Custom Truck One Source Inc. Common Stock,9.51,-1.246,2163577638,690234,Cayman Islands,Consumer Discretionary,Diversified Commercial Services,false,false,0.538457
REPL,Replimune Group Inc. Common Stock,12.96,-3.786,1221086457,1887623,United States,Health Care,Biotechnology: Biological Products (No Diagnostic Substances),true,false,0.538391
ESRT,Empire State Realty Trust Inc. Class A Common Stock,4.13,0.732,711044106,4137368,United States,Real Estate,Real Estate Investment Trusts,true,false,0.538083
BRUN,Boost Run Inc. Class A Common Stock,16.51,-3.394,1312337651,1243429,United States,Technology,EDP Services,true,false,0.538056
CWK,Cushman & Wakefield Ltd. Common Shares,12.33,-4.121,2894020020,1564551,United States,Finance,Real Estate,true,false,0.538025
ADNT,Adient plc Ordinary Shares,17.88,-2.295,1378493144,854445,United States,Consumer Discretionary,Auto Parts:O.E.M.,true,false,0.537867
CAAP,Corporacion America Airports SA Common Shares,23.73,-1.207,3920650335,108735,,Consumer Discretionary,Aerospace,false,false,0.537602
BNT,Brookfield Wealth Solutions Ltd. Class A Exchangeable Limited Voting Shares,37.08,-1.983,12533569873,18036,,Finance,Property-Casualty Insurers,false,false,0.537523
DSGR,Distribution Solutions Group Inc. Common Stock,34.95,-0.029,1616626999,199885,United States,Consumer Discretionary,Industrial Specialties,true,false,0.537513
WD,Walker & Dunlop Inc Common Stock,36.96,-3.549,1268679535,592130,United States,Finance,Finance: Consumer Services,true,false,0.537485
MYE,Myers Industries Inc. Common Stock,31.83,0.856,1197383168,256442,United States,Industrials,Plastic Products,true,false,0.537471
VOYG,Voyager Technologies Inc. Class A Common Stock,31.4,-16.334,1945787601,11854446,United States,Industrials,Military/Government/Technical,true,false,0.537458
MLTX,MoonLake Immunotherapeutics Class A Ordinary Shares,12.9,-3.587,1097876237,2003595,United States,Health Care,Biotechnology: Pharmaceutical Preparations,true,false,0.537420
AYA,Aya Gold & Silver Inc. Common Shares,28.19,-7.209,4060379576,1284308,Canada,Basic Materials,Precious Metals,false,false,0.537288
MBIN,Merchants Bancorp Common Stock,51.37,-1.477,2359838913,117797,United States,Finance,Major Banks,true,false,0.537264
REPX,Riley Exploration Permian Inc. Common Stock,41.07,2.164,909855950,200823,United States,Energy,Oil & Gas Production,true,false,0.536969
PGEN,Precigen Inc. Common Stock,7.44,-5.703,2663782238,5563988,United States,Health Care,Biotechnology: Pharmaceutical Preparations,true,false,0.536785
DLX,Deluxe Corporation Common Stock,23.88,0.294,1095048205,427263,United States,Consumer Discretionary,Publishing,true,false,0.536766
BY,Byline Bancorp Inc. Common Stock,36.88,-0.324,1666475170,189635,United States,Finance,Major Banks,true,false,0.536584
LKFN,Lakeland Financial Corporation Common Stock,58.36,-1.502,1450703542,196919,United States,Finance,Major Banks,true,false,0.536489
NG,Novagold Resources Inc.,7.26,-6.564,3185547258,5653672,Canada,Basic Materials,Precious Metals,false,false,0.536372
PSEC,Prospect Capital Corporation Common Stock,2.17,-1.364,1158382562,6545463,United States,Finance,Finance: Consumer Services,true,false,0.536287
USPH,U.S. Physical Therapy Inc. Common Stock,82.65,-0.625,1233360990,133186,United States,Health Care,Medical/Nursing Services,true,false,0.536250
HLF,Herbalife Ltd. Common Shares,11.99,-1.962,1256592526,1248795,Cayman Islands,Health Care,Other Pharmaceuticals,false,false,0.536245
RBCAA,Republic Bancorp Inc. Class A Common Stock,93.33,-0.416,1832455313,67300,United States,Finance,Major Banks,true,false,0.535907
EROK,EagleRock Land LLC Class A shares representing limited liability company interests,22.09,-1.03,2905267301,171232,,Energy,Oil & Gas Production,false,false,0.535653
MNSO,MINISO Group Holding Limited American Depositary Shares each representing four Ordinary Shares,8.98,-1.101,2778331575,466504,China,Consumer Discretionary,Department/Specialty Retail Stores,false,false,0.535479
CCO,Clear Channel Outdoor Holdings Inc. Common Stock,2.35,-1.261,1196370536,5628991,United States,Consumer Discretionary,Advertising,true,false,0.535225
WTI,W&T Offshore Inc. Common Stock,3.74,2.466,564526640,3649495,United States,Energy,Oil & Gas Production,true,false,0.535093
IMCR,Immunocore Holdings plc American Depositary Shares,31.54,-2.714,1624266380,411744,United Kingdom,Health Care,Biotechnology: Biological Products (No Diagnostic Substances),false,false,0.534701
RXT,Rackspace Technology Inc. Common Stock,4.05,-1.937,1032235043,4444034,United States,Technology,Computer Software: Programming Data Processing,true,false,0.534624
VRTS,Virtus Investment Partners Inc. Common Stock,128,-1.773,847704320,169462,United States,Finance,Investment Managers,true,false,0.534622
GCMG,GCM Grosvenor Inc. Class A Common Stock,12.93,-2.268,2622101853,469061,United States,Finance,Investment Managers,true,false,0.534538
ALVO,Alvotech Ordinary Shares,5.81,-0.514,2268406899,774334,Luxembourg,Health Care,Biotechnology: Biological Products (No Diagnostic Substances),false,false,0.534493
DFIN,Donnelley Financial Solutions Inc. Common Stock,48.61,0.247,1195095468,182759,United States,Consumer Discretionary,Other Consumer Services,true,false,0.534369
CSQ,Calamos Strategic Total Return Common Stock,20.75,-1.472,3296918157,161951,United States,Finance,Finance Companies,true,false,0.534333
OBK,Origin Bancorp Inc. Common Stock,52.81,-0.677,1629171495,144797,United States,Finance,Major Banks,true,false,0.534298
RZLV,Rezolve AI PLC Ordinary Shares,2.28,-2.564,912893226,10337229,United Kingdom,Technology,Computer Software: Programming Data Processing,false,false,0.534248
KYIV,Kyivstar Group Ltd. Common Shares,13.02,-0.153,3018864384,190840,United Arab Emirates,Telecommunications,Telecommunications Equipment,false,false,0.534170
CNOB,ConnectOne Bancorp Inc. Common Stock,30.5,-2.244,1656009090,354343,United States,Finance,Major Banks,true,false,0.533924
LIFE,Ethos Technologies Inc. Class A Common Stock,33.91,-6.3,2162083085,1701487,United States,Finance,Specialty Insurers,true,false,0.533905
BEAM,Beam Therapeutics Inc. Common Stock,24.37,-6.016,2517120396,1900131,United States,Health Care,Biotechnology: Biological Products (No Diagnostic Substances),true,false,0.533688
VTOL,Bristow Group Inc. Common Stock,42.81,0.047,1268974020,195254,United States,Consumer Discretionary,Transportation Services,true,false,0.533501
RYZ,Ryerson Holding Corporation Common Stock,23.79,-1.572,1234668955,552427,United States,Industrials,Metal Fabrications,true,false,0.533480
TMP,Tompkins Financial Corporation Common Stock,96.69,-1.155,1390683084,104213,United States,Finance,Major Banks,true,false,0.533443
CBL,CBL & Associates Properties Inc. Common Stock,53.06,-1.686,1641822686,177405,United States,Real Estate,Real Estate Investment Trusts,true,false,0.533412
BLMN,Bloomin' Brands Inc. Common Stock,8.55,0,732058840,2021243,United States,Consumer Discretionary,Restaurants,true,false,0.533275
HCM,HUTCHMED (China) Limited American Depositary Shares,14.37,2.132,2507069580,117679,Hong Kong,Health Care,Biotechnology: Pharmaceutical Preparations,false,false,0.532870
ADIG,ADI Global Distribution Inc. Common Stock,20.68,-1.618,1570091735,462921,United States,Industrials,Wholesale Distributors,true,false,0.532825
NWPX,NWPX Infrastructure Inc. Common Stock,102.62,-0.687,988969669,131602,United States,Industrials,Steel/Iron Ore,true,false,0.532804
GNK,Genco Shipping & Trading Limited Ordinary Shares New (Marshall Islands),26.44,-1.085,1152429836,456555,United States,Consumer Discretionary,Marine Transportation,true,false,0.532494
UVV,Universal Corporation Common Stock,42.81,-1.541,1065937192,346651,United States,Industrials,Farming/Seeds/Milling,true,false,0.532448
ARI,Apollo Commercial Real Estate Finance Inc,6.26,-2.34,802607702,3991459,United States,Real Estate,Real Estate Investment Trusts,true,false,0.532428
COAG,Hemab Therapeutics Holdings Inc. Common Stock,36.73,-3.974,1715736057,417082,United States,Health Care,Biotechnology: Biological Products (No Diagnostic Substances),true,false,0.532339
UWMC,UWM Holdings Corporation Class A Common Stock,1.22,-3.175,1959949099,8617539,United States,Finance,Finance: Consumer Services,true,false,0.532231
GO,Grocery Outlet Holding Corp. Common Stock,11.16,-2.872,1105782931,1739613,United States,Consumer Staples,Food Chains,true,false,0.532161
CYPH,Cypherpunk Technologies Inc. Common Stock,3.61,-3.217,389029419,19770171,United States,Health Care,Biotechnology: Pharmaceutical Preparations,true,false,0.531785
EPC,Edgewell Personal Care Company Common Stock,27.08,-3.147,1248087818,662245,United States,Consumer Discretionary,Package Goods/Cosmetics,true,false,0.531585
DCOM,Dime Commercial Bancshares Inc. Common Stock,39.95,-1.455,1764055970,192563,United States,Finance,Major Banks,true,false,0.531358
PRCT,PROCEPT BioRobotics Corporation Common Stock,18.09,-1.845,1036080491,914748,United States,Health Care,Medical/Dental Instruments,true,false,0.531282
UA,Under Armour Inc. Class C Common Stock,4.45,-3.888,1911477657,2884737,United States,Consumer Discretionary,Apparel,true,false,0.530822
NVGS,Navigator Holdings Ltd. Ordinary Shares (Marshall Islands),23.04,-2.207,1421567332,520000,Marshall Islands,Consumer Discretionary,Marine Transportation,false,false,0.530807
SII,Sprott Inc. Common Shares,125.34,-4.728,3233772000,147179,,Finance,Finance: Consumer Services,false,false,0.530776
SHAZ,SharonAI Holdings Inc. Class A Common Stock,57.73,-8.67,2066936344,1612882,United States,Technology,EDP Services,true,false,0.530481
AMN,AMN Healthcare Services Inc,33.91,-1.824,1313333995,347487,United States,Consumer Discretionary,Professional Services,true,false,0.530371
NBN,Northeast Bank Common Stock,129.01,-2.161,1048851300,133053,United States,Finance,Major Banks,true,false,0.530259
WTTR,Select Water Solutions Inc. Class A common stock,19.29,-4.835,2671295269,1238989,United States,Energy,Oilfield Services/Equipment,true,false,0.530029
KSS,Kohl's Corporation Common Stock,17.04,-6.732,1931934623,3975033,United States,Consumer Discretionary,Department/Specialty Retail Stores,true,false,0.529682
NBTX,Nanobiotix S.A. American Depositary Shares,35.24,0.256,1790470502,126964,France,Health Care,Biotechnology: Pharmaceutical Preparations,false,false,0.529585
ARHS,Arhaus Inc. Class A Common Stock,9.02,-2.906,1278600632,1738252,United States,Consumer Discretionary,Other Specialty Stores,true,false,0.529358
PRSU,Pursuit Attractions and Hospitality Inc. Common Stock,48.08,0.544,1310860572,130231,United States,Consumer Discretionary,Services-Misc. Amusement & Recreation,true,false,0.529253
GABC,German American Bancorp Inc. Common Stock,48.62,-0.755,1827081645,118872,United States,Finance,Major Banks,true,false,0.529069
LAC,Lithium Americas Corp. Common Shares,2.9,-3.333,1052824535,7370780,Canada,Basic Materials,Metal Mining,false,false,0.528942
PCRX,Pacira BioSciences Inc. Common Stock,24.63,-0.283,981798252,450708,United States,Health Care,Biotechnology: Pharmaceutical Preparations,true,false,0.528660
PHI,PLDT Inc. Sponsored ADR,17.46,-1.467,3772333832,132578,Philippines,Telecommunications,Telecommunications Equipment,false,false,0.528565
LILAK,Liberty Latin America Ltd. Class C Common Stock,8.44,-2.989,1653396000,1355064,United States,Telecommunications,Cable & Other Pay Television Services,true,false,0.528382
SOC,Sable Offshore Corp. Common Stock,4.15,-3.712,796258724,7611503,United States,Energy,Oil & Gas Production,true,false,0.528125
AVO,Mission Produce Inc. Common Stock,12.7,0.316,1113515731,635824,United States,Consumer Staples,Farming/Seeds/Milling,true,false,0.527977
UPWK,Upwork Inc. Common Stock,8.18,-2.036,1021709526,1977668,United States,Technology,EDP Services,true,false,0.527936
SA,Seabridge Gold Inc. Common Shares New,31.2,-4.177,3365581939,418524,Canada,Basic Materials,Precious Metals,false,false,0.527881
APEI,American Public Education Inc. Common Stock,41.38,1.971,757317849,213433,United States,Real Estate,Other Consumer Services,true,false,0.527875
ALX,Alexander's Inc. Common Stock,247.87,-0.213,1265943972,31449,United States,Real Estate,Real Estate Investment Trusts,true,false,0.527688
ATS,ATS Corporation Common Shares,19.21,0.523,1863513710,196230,Canada,Industrials,Industrial Machinery/Components,false,false,0.527442
RVLV,Revolve Group Inc. Class A Common Stock,20.72,-3.628,1472889902,724089,United States,Consumer Discretionary,Catalog/Specialty Distribution,true,false,0.527405
ALGT,Allegiant Travel Company Common Stock,77.26,-5.388,2112114951,486540,United States,Consumer Discretionary,Air Freight/Delivery Services,true,false,0.527366
RCAT,Red Cat Holdings Inc. Common Stock,6.59,-5.043,1006387646,11792115,United States,Technology,Computer Software: Prepackaged Software,true,false,0.526823
ANIP,ANI Pharmaceuticals Inc.,74.43,-4.467,1708874692,433676,United States,Health Care,Biotechnology: Pharmaceutical Preparations,true,false,0.526785
CHA,Chagee Holdings Limited American Depositary Shares,11.28,-3.259,2151810317,731283,China,Consumer Discretionary,Restaurants,false,false,0.526664
MLCO,Melco Resorts & Entertainment Limited American Depositary Shares,4.72,-1.255,1857155753,1279177,Hong Kong,Consumer Discretionary,Hotels/Resorts,false,false,0.526607
SXC,SunCoke Energy Inc. Common Stock,9.95,1.221,844504758,891388,United States,Industrials,Steel/Iron Ore,true,false,0.526501
OXLC,Oxford Lane Capital Corp. Common Stock,8.8,-2.113,1527680000,1086366,United States,Finance,Investment Managers,true,false,0.526398
HSAI,Hesai Group American Depositary Share,16.31,-4.62,2562989461,1309618,China,Industrials,Industrial Machinery/Components,false,false,0.526350
MCB,Metropolitan Bank Holding Corp. Common Stock,87.73,-0.713,1087657064,114943,United States,Finance,Major Banks,true,false,0.525983
XNDU,Xanadu Quantum Technologies Limited Class B Subordinate Voting Shares,5.33,-7.785,1621514048,17791057,Canada,Technology,Computer Manufacturing,false,false,0.525376
KFRC,Kforce Inc. Common Stock,52.07,0.154,932521630,185687,United States,Consumer Discretionary,Professional Services,true,false,0.525360
HFWA,Heritage Financial Corporation Common Stock,27.95,-0.957,1143589846,352919,United States,Finance,Banks,true,false,0.525332
EXK,Endeavour Silver Corporation Ordinary Shares (Canada),9.26,-11.893,2741597107,12721306,Canada,Basic Materials,Precious Metals,false,false,0.525212
COLL,Collegium Pharmaceutical Inc. Common Stock,22.45,-1.449,730873512,878459,United States,Health Care,Biotechnology: Pharmaceutical Preparations,true,false,0.524963
RXRX,Recursion Pharmaceuticals Inc. Class A Common Stock,3.7,-8.642,1980766029,23670815,United States,Health Care,Biotechnology: Biological Products (No Diagnostic Substances),true,false,0.524679
EGBN,Eagle Bancorp Inc. Common Stock,28.06,0.143,855380282,376841,United States,Finance,Major Banks,true,false,0.524440
IMKTA,Ingles Markets Incorporated Class A Common Stock,83.07,-0.918,1577862814,78372,United States,Consumer Staples,Food Chains,true,false,0.524413
OI,O-I Glass Inc. Common Stock,6.07,-1.939,932714664,2669893,United States,Consumer Discretionary,Containers/Packaging,true,false,0.524381
DIN,Dine Brands Global Inc. Common Stock,28.68,0.35,363064422,960795,United States,Consumer Discretionary,Restaurants,true,false,0.524137
TDOC,Teladoc Health Inc. Common Stock,6.13,-3.465,1113723049,2967213,United States,Health Care,Medical/Nursing Services,true,false,0.523884
CENT,Central Garden & Pet Company Common Stock,39.49,-1.839,2471781695,110372,United States,Consumer Discretionary,Consumer Specialties,true,false,0.523882
OMDA,Omada Health Inc. Common Stock,20.69,-3.182,1266573585,713127,United States,Health Care,Medical/Nursing Services,true,false,0.523749
ECVT,Ecovyst Inc. Common Stock,10.33,-1.148,1130808551,981323,United States,Industrials,Major Chemicals,true,false,0.523572
LBTYK,Liberty Global Ltd. Class C Common Shares,9.24,-5.036,3151649110,1969114,United Kingdom,Telecommunications,Cable & Other Pay Television Services,false,false,0.523544
VERA,Vera Therapeutics Inc. Class A Common Stock,33.05,-8.853,2381693222,2018483,United States,Health Care,Biotechnology: Pharmaceutical Preparations,true,false,0.522575
BTX,BlackRock Technology and Private Equity Term Trust Common Shares of Beneficial Interest,8.98,-0.773,2117449643,421410,United States,Uncategorized,Uncategorized,true,false,0.522227
FTK,Flotek Industries Inc. Common Stock,30.43,-1.393,1102187654,350983,United States,Industrials,Major Chemicals,true,false,0.522081
TBN,Tamboran Resources Corporation Common stock,35.76,0.96,1246465293,137087,,Energy,Oil & Gas Production,false,false,0.522050
EAI,Entergy Arkansas LLC First Mortgage Bonds 4.875% Series Due September 1 2066,19.08,-1.344,8903328982,24381,United States,Utilities,Electric Utilities: Central,true,false,0.522039
DEC,Diversified Energy Company Common Stock,13.89,-0.072,1066144882,572316,United States,Uncategorized,Uncategorized,true,false,0.521904
TNC,Tennant Company Common Stock,65.95,-1.154,1124401533,147757,United States,Industrials,Industrial Machinery/Components,true,false,0.521840
TIC,TIC Solutions Inc. Common Stock,8.93,-3.25,1948707779,945486,United States,Consumer Discretionary,Business Services,true,false,0.521836
LINC,Lincoln Educational Services Corporation Common Stock,24.09,-0.537,764170429,567023,United States,Real Estate,Other Consumer Services,true,false,0.521175
HROW,Harrow Inc. Common Stock,33.6,-2.467,1259591760,347996,United States,Health Care,Biotechnology: Pharmaceutical Preparations,true,false,0.521129
ODC,Oil-Dri Corporation Of America Common Stock,90.07,-0.815,1304964333,80845,United States,Consumer Discretionary,Miscellaneous manufacturing industries,true,false,0.520873
GSHD,Goosehead Insurance Inc. Class A Common Stock,43.52,-4.895,1545652186,889492,United States,Finance,Specialty Insurers,true,false,0.520794
SCHL,Scholastic Corporation Common Stock,35.36,0.341,670594055,373571,United States,Consumer Discretionary,Books,true,false,0.520748
ITIC,Investors Title Company Common Stock,290.86,-0.683,549142517,70791,United States,Finance,Specialty Insurers,true,false,0.520611
BBAR,Banco BBVA Argentina S.A. ADS,13.67,-3.255,2791915593,357439,Argentina,Finance,Commercial Banks,false,false,0.520593
PDM,Piedmont Realty Trust Inc. Class A Common Stock,9.15,-2.348,1144965349,1366152,United States,Real Estate,Building operators,true,false,0.520415
HELE,Helen of Troy Limited Common Stock,29.53,0.136,687814561,452168,Bermuda,Consumer Discretionary,Home Furnishings,false,false,0.520299
NWCL,newcleo plc Ordinary Shares,7.83,-3.867,3988437022,429725,United Kingdom,Industrials,Metal Fabrications,false,false,0.520228
HLMN,Hillman Solutions Corp. Common Stock,7.14,-1.517,1389051293,1115563,United States,Consumer Discretionary,Industrial Machinery/Components,true,false,0.519867
GPRK,Geopark Ltd Common Shares,11.11,1.927,720991816,699613,Bermuda,Energy,Oil & Gas Production,false,false,0.519742
DEI,Douglas Emmett Inc. Common Stock,9.89,-4.629,1656429291,3090833,United States,Real Estate,Real Estate Investment Trusts,true,false,0.519455
GDV,Gabelli Dividend & Income Trust Common Shares of Beneficial Interest,28.84,-1.03,2601036080,93249,United States,Finance,Investment Managers,true,false,0.519304
GIC,Global Industrial Company Common Stock,41.7,-0.358,1589117820,113420,United States,Industrials,Industrial Machinery/Components,true,false,0.519262
BBDO,Banco Bradesco Sa American Depositary Shares (each representing one Common Share),3.11,-2.813,34785954055,52446,Brazil,Finance,Major Banks,false,false,0.519206
LQDT,Liquidity Services Inc. Common Stock,42.72,-0.489,1338486721,142865,United States,Consumer Discretionary,Business Services,true,false,0.518836
CEPU,Central Puerto S.A. American Depositary Shares (each represents ten Common Shares),13.43,-0.886,2032993405,278954,,Utilities,Electric Utilities: Central,false,false,0.518356
NABL,N-able Inc. Common Stock,4.15,0.973,783960108,2020717,United States,Technology,Computer Software: Prepackaged Software,true,false,0.518326
PSQL,Pasqal Holding SA Ordinary Share,7.47,0.946,1585833872,421130,France,Technology,EDP Services,false,false,0.518150
NPK,National Presto Industries Inc. Common Stock,146.07,-3.233,1042365307,113745,United States,Industrials,Ordnance And Accessories,true,false,0.517994
SKE,Skeena Resources Limited Common Shares,31.53,-5.201,3955839089,419820,,Basic Materials,Precious Metals,false,false,0.517985
AIP,Arteris Inc. Common Stock,24.19,-2.381,1188989347,468030,United States,Technology,Semiconductors,true,false,0.517892
PZZA,Papa John's International Inc. Common Stock,20.15,-1.225,663371993,889599,United States,Consumer Discretionary,Restaurants,true,false,0.517812
CYRX,CryoPort Inc. Common Stock,17.49,-0.455,885852759,568881,United States,Health Care,Biotechnology: Pharmaceutical Preparations,true,false,0.517714
LPL,LG Display Co Ltd AMERICAN DEPOSITORY SHARES,2.94,-3.289,2940000000,1429225,South Korea,Technology,Industrial Machinery/Components,false,false,0.517637
LOB,Live Oak Bancshares Inc. Common Stock,37.09,-2.06,1716659466,175720,United States,Finance,Major Banks,true,false,0.517578
KOPN,Kopin Corporation Common Stock,4.87,-1.417,905199630,2571555,United States,Technology,Semiconductors,true,false,0.517571
BOW,Bowhead Specialty Holdings Inc. Common Stock,33.84,-0.059,1114791289,198648,United States,Finance,Property-Casualty Insurers,true,false,0.517547
GPGI,GPGI Inc. Class A Common Stock,12.04,-4.444,3490276587,890561,United States,Finance,Finance: Consumer Services,true,false,0.517542
LZ,LegalZoom.com Inc. Common Stock,5.79,-2.03,991623261,2226364,United States,Technology,EDP Services,true,false,0.517541
LADR,Ladder Capital Corp Class A Common Stock,9.07,-3.613,1150668298,1746504,United States,Real Estate,Real Estate Investment Trusts,true,false,0.517531
AORT,Artivion Inc. Common Stock,23.53,-2.487,1147233880,504239,United States,Health Care,Medical/Dental Instruments,true,false,0.517248
PEBO,Peoples Bancorp Inc. Common Stock,38.43,-1.056,1381263165,171813,United States,Finance,Major Banks,true,false,0.517129
AGRO,Adecoagro S.A. Common Shares,10.85,-0.732,1565746856,467435,Luxembourg,Consumer Staples,Farming/Seeds/Milling,false,false,0.517074
CNNE,Cannae Holdings Inc. Common Stock,15.79,0.959,684879044,613669,United States,Consumer Discretionary,Restaurants,true,false,0.516462
OCUL,Ocular Therapeutix Inc. Common Stock,10,-4.762,2196158680,2089411,United States,Health Care,Biotechnology: Pharmaceutical Preparations,true,false,0.516279
CUE,Cue Biopharma Inc. Common Stock,31.71,2.621,230354568,696629,United States,Health Care,Biotechnology: Pharmaceutical Preparations,true,false,0.516234
CCZ,Comcast Holdings ZONES,64.67,0,229490327176,6,United States,Telecommunications,Cable & Other Pay Television Services,true,false,0.516000
HSHP,Himalaya Shipping Ltd. Common Shares,18.18,0.221,849915000,471439,,Consumer Discretionary,Marine Transportation,false,false,0.515957
PPTA,Perpetua Resources Corp. Common Shares,23.32,-5.816,2917234126,986765,Canada,Basic Materials,Precious Metals,false,false,0.515718
SRPT,Sarepta Therapeutics Inc. Common Stock (DE),18.95,-8.938,2001632048,3757797,United States,Health Care,Biotechnology: Pharmaceutical Preparations,true,false,0.515633
UVSP,Univest Financial Corporation Common Stock,41.41,-1.028,1142119603,194251,United States,Finance,Major Banks,true,false,0.515628
MRTN,Marten Transport Ltd. Common Stock,13.17,-1.274,1075484181,689917,United States,Industrials,Trucking Freight/Courier Services,true,false,0.515571
XHLD,TEN Holdings Inc. Common Stock,12.08,2.984,144717711,2473796,United States,Consumer Discretionary,Business Services,true,false,0.515557
PGY,Pagaya Technologies Ltd. Class A Ordinary Shares,18.72,-9.87,1561731781,6666852,United States,Finance,Finance: Consumer Services,true,false,0.515544
ARDX,Ardelyx Inc. Common Stock,3.48,-3.867,867172751,6280228,United States,Health Care,Biotechnology: Pharmaceutical Preparations,true,false,0.515347
BIPJ,Brookfield Infrastructure Corporation 7.250% Subordinated Notes due 2084,23.375,-0.107,10783915346,7142,Canada,Consumer Discretionary,Marine Transportation,false,false,0.515335
EMP,Entergy Mississippi LLC First Mortgage Bonds 4.90% Series Due October 1 2066,19.345,-1.652,9026986329,20745,United States,Utilities,Electric Utilities: Central,true,false,0.515161
OPRA,Opera Limited American Depositary Shares,17.73,-1.171,1593581495,291761,Norway,Technology,Computer Software: Prepackaged Software,false,false,0.514524
MLAB,Mesa Laboratories Inc. Common Stock,133.01,-1.203,744306536,105467,United States,Industrials,Industrial Machinery/Components,true,false,0.514242
PVLA,Palvella Therapeutics Inc. Common Stock,149.56,-5.42,2154921351,180627,United States,Health Care,Biotechnology: Pharmaceutical Preparations,true,false,0.513958
MATW,Matthews International Corporation Class A Common Stock,19.71,-1.005,615211640,871979,United States,Telecommunications,Metal Fabrications,true,false,0.513808
ARCO,Arcos Dorados Holdings Inc. Class A Shares,7.41,-2.756,1561013252,1090137,Argentina,Consumer Discretionary,Restaurants,false,false,0.513448
DMC,Del Monte Corporation Ordinary Shares,30.68,-2.788,1446445968,291521,Cayman Islands,Consumer Staples,Farming/Seeds/Milling,false,false,0.513365
GSBD,Goldman Sachs BDC Inc. Common Stock,9.64,-0.925,1085165806,811015,United States,Finance,Investment Managers,true,false,0.513340
AFYA,Afya Limited Class A Common Shares,13.58,0.667,1272756045,297135,Brazil,Real Estate,Other Consumer Services,false,false,0.512818
MG,Mistras Group Inc Common Stock,20.94,0.335,666936759,509322,United States,Consumer Discretionary,Military/Government/Technical,true,false,0.512715
HYMC,Hycroft Mining Holding Corporation Class A Common Stock,21.26,-6.302,1981042538,1871852,United States,Basic Materials,Precious Metals,true,false,0.512640
CRESY,Cresud S.A.C.I.F. y A. American Depositary Shares,12.71,2.5,901459241,308715,Argentina,Finance,Real Estate,false,false,0.512633
HTLD,Heartland Express Inc. Common Stock,11.68,-1.268,903244896,901743,United States,Industrials,Trucking Freight/Courier Services,true,false,0.512430
NVEC,NVE Corporation Common Stock,108.82,0.918,526380404,112669,United States,Technology,Semiconductors,true,false,0.512352
EVLV,Evolv Technologies Holdings Inc. Class A Common Stock,4.88,-0.611,883895592,1876394,United States,Technology,Computer peripheral equipment,true,false,0.512319
SID,Companhia Siderurgica Nacional S.A. Common Stock,1.14,-3.39,1511747100,8256917,Brazil,Industrials,Steel/Iron Ore,false,false,0.512259
PAX,Patria Investments Limited Class A Common Shares,10.24,-2.476,1661816023,643554,Cayman Islands,Finance,Investment Managers,false,false,0.512181
FTRE,Fortrea Holdings Inc. Common Stock,19.52,-4.454,1856352000,1067821,United States,Health Care,Medical Specialities,true,false,0.511946
GFR,Greenfire Resources Ltd. Common Shares,6.08,-3.645,1461715247,1712236,Canada,Energy,Oil & Gas Production,false,false,0.511902
ECAT,BlackRock ESG Capital Allocation Term Trust Common Shares of Beneficial Interest,14.27,-1.924,1543086450,437803,United States,Finance,Finance/Investors Services,true,false,0.511665
VYX,NCR Voyix Corporation Common Stock,7.13,-3.649,984438373,2341292,United States,Miscellaneous,Office Equipment/Supplies/Services,true,false,0.511461
HE,Hawaiian Electric Industries Inc. Common Stock,9.22,-4.258,1592552197,2445962,United States,Utilities,Electric Utilities: Central,true,false,0.511408
AMAL,Amalgamated Financial Corp. Common Stock (DE),46.56,-1.544,1392150844,135035,United States,Finance,Major Banks,true,false,0.511330
SGRY,Surgery Partners Inc. Common Stock,14.56,-7.848,1906169866,3723654,United States,Health Care,Hospital/Nursing Management,true,false,0.511239
BGSI,Boyd Group Services Inc. Common Shares,79.61,-1.534,2216058590,38825,Canada,Uncategorized,Uncategorized,false,false,0.510996
CRCT,Cricut Inc. Class A Common Stock,5.89,1.377,1233627610,536423,United States,Technology,Industrial Machinery/Components,true,false,0.510771
YSWY,Yesway Inc. Class A Common Stock,19.57,-2.15,1236721179,432231,United States,Consumer Staples,Food Chains,true,false,0.510564
BENF,Beneficient Class A Common Stock,2.9,438.733,44821594,295022196,United States,Finance,Finance: Consumer Services,true,false,0.510519
VTMX,Corporacion Inmobiliaria Vesta S.A.B de C.V. American Depositary Shares each representing ten (10) Common Shares,32.83,0,2903768983,39986,,Finance,Real Estate,false,false,0.510384
STUB,StubHub Holdings Inc. Class A Common Stock,5.31,-7.491,2028897719,8611514,United States,Consumer Discretionary,Services-Misc. Amusement & Recreation,true,false,0.510218
FWRG,First Watch Restaurant Group Inc. Common Stock,10.2,-1.163,629466837,1534116,United States,Consumer Discretionary,Restaurants,true,false,0.510019
KODK,Eastman Kodak Company Common New,9.66,-0.103,945714000,711340,United States,Consumer Discretionary,Industrial Machinery/Components,true,false,0.509973
NRIX,Nurix Therapeutics Inc. Common stock,23.88,-6.973,2478306590,1364059,United States,Health Care,Biotechnology: Pharmaceutical Preparations,true,false,0.509852
TE,T1 Energy Inc. Common Stock,4.04,-7.339,1189685161,21013999,Luxembourg,Technology,Semiconductors,false,false,0.509539
PNRG,PrimeEnergy Resources Corporation Common Stock,196.67,-1.344,311249942,179202,United States,Energy,Oil & Gas Production,true,false,0.509518
CGABL,The Carlyle Group Inc. 4.625% Subordinated Notes due 2061,15.67,-0.286,5667915893,25638,United States,Finance,Investment Managers,true,false,0.509447
CMSC,CMS Energy Corporation 5.875% Junior Subordinated Notes due 2078,20.508,-0.495,6138771634,17820,United States,Utilities,Power Generation,true,false,0.509397
NMAX,Newsmax Inc. Class B Common Stock,10.9,-2.765,1407851031,755012,United States,Industrials,Broadcasting,true,false,0.509280
PUBM,PubMatic Inc. Class A Common Stock,17.455,-1.773,795076315,745731,United States,Technology,Computer Software: Programming Data Processing,true,false,0.509014
UMH,UMH Properties Inc. Common Stock,15.4,-2.532,1314938240,536416,United States,Real Estate,Real Estate Investment Trusts,true,false,0.508892
MESO,Mesoblast Limited American Depositary Shares,15.29,-3.957,1988996760,451535,Australia,Health Care,Biotechnology: Biological Products (No Diagnostic Substances),false,false,0.508737
BEPJ,Brookfield BRP Holdings (Canada) Inc. 7.250% Perpetual Subordinated Notes,22.54,-0.089,6472684224,12964,Canada,Utilities,Electric Utilities: Central,false,false,0.508726
TSHA,Taysha Gene Therapies Inc. Common Stock,4.91,-4.845,1599842706,5507277,United States,Health Care,Biotechnology: Biological Products (No Diagnostic Substances),true,false,0.508639
PSUS,Pershing Square USA Ltd. Common Shares,38.55,-1.633,1008082500,235440,,Uncategorized,Uncategorized,false,false,0.508480
CMRE,Costamare Inc. Common Stock $0.0001 par value,14.68,-1.278,1770242982,264151,Greece,Consumer Discretionary,Marine Transportation,false,false,0.508345
GENB,Generate Biomedicines Inc. Common Stock,16.52,-5.384,2120382243,1426064,United States,Health Care,Biotechnology: Pharmaceutical Preparations,true,false,0.508268
AAT,American Assets Trust Inc. Common Stock,21.49,-2.363,1319576537,358488,United States,Real Estate,Real Estate Investment Trusts,true,false,0.508235
MFA,MFA Financial Inc.,8.32,-2.804,841051644,1817560,United States,Real Estate,Real Estate Investment Trusts,true,false,0.508166
CIM,Chimera Investment Corporation Common Stock,10.75,-3.587,899902044,1601116,United States,Real Estate,Real Estate Investment Trusts,true,false,0.508025
AHCO,AdaptHealth Corp. Common Stock,5.7,-1.213,777161917,1986548,United States,Health Care,Medical/Nursing Services,true,false,0.507975
VSTM,Verastem Inc. Common Stock,8.18,-2.27,740808947,1936706,United States,Health Care,Biotechnology: Pharmaceutical Preparations,true,false,0.507947
WGO,Winnebago Industries Inc. Common Stock,27.43,-2.937,775415735,637514,United States,Industrials,Homebuilding,true,false,0.507931
ARRY,Array Technologies Inc. Common Stock,3.86,-2.525,594469691,5645665,United States,Technology,Semiconductors,true,false,0.507800
HBNC,Horizon Bancorp Inc. Common Stock,19.02,-0.834,976572751,399643,United States,Finance,Major Banks,true,false,0.507780
NMRK,Newmark Group Inc. Class A Common Stock,13.13,-5.811,2379531873,1859452,United States,Finance,Real Estate,true,false,0.507559
STDN,Standard Nuclear Inc. Class A Common Stock,12.85,-1.306,2011677202,237972,,Basic Materials,Major Chemicals,false,false,0.507491
HAPN,Happen Inc. Common Stock,15.15,-5.372,1748423080,1976388,United States,Finance,Finance: Consumer Services,true,false,0.507453
CTO,CTO Realty Growth Inc. Common Stock,20.25,-0.638,759080444,485678,United States,Real Estate,Real Estate Investment Trusts,true,false,0.507341
LU,Lufax Holding Ltd American Depositary Shares each representing two (2) Ordinary Shares,1.22,6.087,1057360448,3769026,China,Finance,Finance: Consumer Services,false,false,0.507174
TTI,Tetra Technologies Inc. Common Stock,5.97,-0.831,883994491,1423149,United States,Energy,Oil & Gas Production,true,false,0.506936
DEA,Easterly Government Properties Inc. Common Stock,22.7,-2.659,1074200706,452086,United States,Real Estate,Real Estate Investment Trusts,true,false,0.506688
SIBN,SI-BONE Inc. Common Stock,18.6,-1.116,833625495,514736,United States,Health Care,Medical/Dental Instruments,true,false,0.506666
HRTG,Heritage Insurance Holdings Inc. Common Stock,33.07,-1.284,983250997,248305,United States,Finance,Property-Casualty Insurers,true,false,0.506553
MTW,Manitowoc Company Inc. (The) Common Stock,22.48,-0.575,810673063,394464,United States,Industrials,Construction/Ag Equipment/Trucks,true,false,0.506452
PDS,Precision Drilling Corporation Common Stock,82.67,-0.792,1040606145,80323,Canada,Energy,Oil & Gas Production,false,false,0.506262
JBSS,John B. Sanfilippo & Son Inc. Common Stock,67.69,-0.059,791531729,116583,United States,Consumer Staples,Specialty Foods,true,false,0.506060
OBE,Obsidian Energy Ltd. Common Shares,11.21,0.538,747993640,643302,Canada,Energy,Oil & Gas Production,false,false,0.505732
SAH,Sonic Automotive Inc. Common Stock,62.37,-4.545,1971815201,282380,United States,Consumer Discretionary,Retail-Auto Dealers and Gas Stations,true,false,0.505494
UVE,UNIVERSAL INSURANCE HOLDINGS INC Common Stock,42.47,-1.301,1181955177,146964,United States,Finance,Property-Casualty Insurers,true,false,0.505423
AMTB,Amerant Bancorp Inc. Class A Common Stock,28.69,-1.713,1124357026,258679,United States,Finance,Major Banks,true,false,0.505029
NEXA,Nexa Resources S.A. Common Shares,12.78,-3.837,1692570420,592164,Luxembourg,Basic Materials,Metal Mining,false,false,0.504884
KC,Kingsoft Cloud Holdings Limited American Depositary Shares,9.68,-4.348,2897898348,979027,China,Technology,Computer Software: Prepackaged Software,false,false,0.504869
LSPD,Lightspeed Commerce Inc. Subordinate Voting Shares,9.59,-0.208,1278485739,426805,Canada,Technology,Computer Software: Prepackaged Software,false,false,0.504840
IBEX,IBEX Limited Common Shares,42.66,2.597,566466526,141123,Bermuda,Technology,EDP Services,false,false,0.504804
DOLE,Dole plc Ordinary Shares,12.92,-2.121,1220407786,569054,Ireland,Consumer Staples,Farming/Seeds/Milling,false,false,0.504691
ASBA,Associated Banc-Corp 6.625% Fixed-Rate Reset Subordinated Notes due 2033,24.89,0.04,3755921285,27200,United States,Finance,Major Banks,true,false,0.504614
KMTS,Kestra Medical Technologies Ltd. Common Stock,25.51,-2.223,1519421390,222748,United States,Health Care,Medical/Dental Instruments,true,false,0.504244
KOP,Koppers Holdings Inc. Common Stock,46.26,0.347,874849136,126600,United States,Basic Materials,Forest Products,true,false,0.504224
DRD,DRDGOLD Limited American Depositary Shares,25.49,-3.92,2203836622,200164,South Africa,Basic Materials,Precious Metals,false,false,0.504140
AERO,Grupo Aeromexico S.A.B. de C.V. American Depositary Shares (each representing ten (10) Common Shares),15.8,-3.834,2305273862,297896,,Consumer Discretionary,Air Freight/Delivery Services,false,false,0.504011
LPTH,LightPath Technologies Inc. Class A Common Stock,9.81,-3.35,687055632,2072245,United States,Technology,Semiconductors,true,false,0.503977
UNMA,Unum Group 6.250% Junior Subordinated Notes due 2058,21.62,-0.735,3682172249,42518,United States,Finance,Accident &Health Insurance,true,false,0.503878
ONT,Onterris Inc. Common Stock,17.02,0.472,597698556,556829,United States,Consumer Discretionary,Professional Services,true,false,0.503820
INTR,Inter & Co. Inc. Class A Common Shares,5.24,-5.415,2312525514,3780864,Brazil,Finance,Commercial Banks,false,false,0.503711
MCS,Marcus Corporation (The) Common Stock,27.8,-0.036,857134020,235792,United States,Consumer Discretionary,Movies/Entertainment,true,false,0.503662
CMSA,CMS Energy Corporation 5.625% Junior Subordinated Notes due 2078,19.32,-0.923,5783161107,20299,United States,Utilities,Power Generation,true,false,0.503647
FOR,Forestar Group Inc Common Stock,26.74,-1.727,1364211346,209258,United States,Finance,Real Estate,true,false,0.503633
TK,Teekay Corporation Ltd. Common Stock,13.52,-1.744,1173245753,498290,Bermuda,Consumer Discretionary,Marine Transportation,false,false,0.503523
OPRT,Oportun Financial Corporation Common Stock,8.48,2.292,389971905,1148944,United States,Finance,Finance: Consumer Services,true,false,0.503400
MLYS,Mineralys Therapeutics Inc. Common Stock,26.89,-8.537,2377261138,1479371,United States,Health Care,Biotechnology: Pharmaceutical Preparations,true,false,0.503398
ANAB,AnaptysBio Inc. Common Stock,50.77,-5.842,1503222580,779627,United States,Health Care,Biotechnology: Pharmaceutical Preparations,true,false,0.503298
BCAL,California BanCorp Common Stock,21.52,0.093,691879642,402159,United States,Finance,Major Banks,true,false,0.503266
JMIA,Jumia Technologies AG American Depositary Shares each representing two Ordinary Shares,6.94,-1.14,927363337,1126987,,Consumer Discretionary,Catalog/Specialty Distribution,false,false,0.503224
HLIT,Harmonic Inc. Common Stock,10.99,-2.657,1198640231,758678,United States,Technology,Radio And Television Broadcasting And Communications Equipment,true,false,0.503173
HBT,HBT Financial Inc. Common Stock,35.11,-0.875,1276796637,131545,United States,Finance,Major Banks,true,false,0.503138
HAFC,Hanmi Financial Corporation Common Stock,31.58,-1.251,936323473,248123,United States,Finance,Major Banks,true,false,0.503055
ATHS,Athene Holding Ltd. 7.250% Fixed-Rate Reset Junior Subordinated Debentures due 2064,24.4701,-0.891,4987128731,20353,Bermuda,Finance,Life Insurance,false,false,0.502970
TSAT,Telesat Corporation Class A Common Shares and Class B Variable Voting Shares,47.11,-3.443,1703403757,136111,Canada,Industrials,Metal Fabrications,false,false,0.502968
TRVI,Trevi Therapeutics Inc. Common Stock,14.46,-5.118,2060200661,1349830,United States,Health Care,Biotechnology: Pharmaceutical Preparations,true,false,0.502862
CSIQ,Canadian Solar Inc. Common Shares (ON),11.34,-3.653,769041650,1600144,Canada,Technology,Semiconductors,false,false,0.502776
EIG,Employers Holdings Inc Common Stock,47.79,-0.892,858332582,167548,United States,Finance,Property-Casualty Insurers,true,false,0.502758
QFIN,Qfin Holdings Inc. American Depositary Shares,7.61,-3.304,926531837,1761023,China,Finance,Finance: Consumer Services,false,false,0.502611
BTGO,BitGo Holdings Inc. Class A Common Stock,8.1,-2.174,952119538,1165587,United States,Finance,Finance: Consumer Services,true,false,0.502609
ITRN,Ituran Location and Control Ltd. Ordinary Shares,52.39,-0.399,1042224656,102196,Israel,Technology,Electronic Components,false,false,0.502548
IART,Integra LifeSciences Holdings Corporation Common Stock,15.53,-3.059,1207807018,573098,United States,Health Care,Medical/Dental Instruments,true,false,0.502306
KE,Kimball Electronics Inc. Common Stock,27.12,1.725,650662904,216334,United States,Technology,Electrical Products,true,false,0.502142
BEPI,Brookfield BRP Holdings (Canada) Inc. 4.875% Perpetual Subordinated Notes,15.965,-0.156,4584578688,27430,Canada,Utilities,Electric Utilities: Central,false,false,0.502103
BVS,Bioventus Inc. Class A Common Stock,13.61,-0.293,1144490487,329576,United States,Health Care,Medical/Dental Instruments,true,false,0.502022
SEPN,Septerna Inc. Common Stock,38.45,-4.78,1794728612,509735,United States,Health Care,Biotechnology: Pharmaceutical Preparations,true,false,0.502022
OSPN,OneSpan Inc. Common Stock,18.01,3.328,663707636,483130,United States,Technology,EDP Services,true,false,0.501684
UMAC,Unusual Machines Inc. Common Stock,22.69,-5.576,1133513098,2067512,United States,Technology,Radio And Television Broadcasting And Communications Equipment,true,false,0.501494
AOSL,Alpha and Omega Semiconductor Limited Common Shares,27.71,-2.016,838483956,378847,Bermuda,Technology,Semiconductors,false,false,0.501250
PAR,PAR Technology Corporation Common Stock,14.68,-3.102,607204553,1415352,United States,Miscellaneous,Office Equipment/Supplies/Services,true,false,0.501205
KOD,Kodiak Sciences Inc Common Stock,31.52,-6.746,1981014885,1053216,United States,Health Care,Biotechnology: Biological Products (No Diagnostic Substances),true,false,0.501033
DC,Dakota Gold Corp. Common Stock,6.64,-3.768,890908660,2253131,United States,Basic Materials,Metal Mining,true,false,0.500847
CSR,D/B/A Centerspace Common Stock,55.08,-1.537,925021837,149633,United States,Real Estate,Real Estate Investment Trusts,true,false,0.500840
BTQ,BTQ Technologies Corp. Common Stock,2.73,1.866,401530248,3572338,Canada,Uncategorized,Uncategorized,false,false,0.500819
BIPH,Brookfield Infrastructure Corporation 5.000% Subordinated Notes due 2081,15.49,-0.161,7146218126,11411,Canada,Consumer Discretionary,Marine Transportation,false,false,0.500662
VREX,Varex Imaging Corporation Common Stock,18.45,-0.162,776745000,388570,United States,Technology,Industrial Machinery/Components,true,false,0.500573
FSBC,Five Star Bancorp Common Stock,43.4,-1.743,1064889048,160723,United States,Finance,Major Banks,true,false,0.500276
RGR,Sturm Ruger & Company Inc. Common Stock,41.9,-0.095,669488926,210490,United States,Industrials,Ordnance And Accessories,true,false,0.500070
BDJ,Blackrock Enhanced Equity Dividend Trust,9.55,-0.728,1690244549,275890,United States,Finance,Finance Companies,true,false,0.499828
CFFN,Capitol Federal Financial Inc. Common Stock,8.69,-1.586,1092318079,743523,United States,Finance,Savings Institutions,true,false,0.499795
SPT,Sprout Social Inc Class A Common Stock,9.955,0.759,603195470,796441,United States,Technology,Computer Software: Prepackaged Software,true,false,0.499583
TDAY,USA TODAY Co. Inc. Common Stock,6.39,-2.591,938166643,1547244,United States,Consumer Discretionary,Newspapers/Magazines,true,false,0.499473
SHLS,Shoals Technologies Group Inc. Class A Common Stock,7.71,-5.399,1297592615,4577602,United States,Technology,Semiconductors,true,false,0.499262
ELMT,The Elmet Group Co. Common Stock,20.58,-1.153,626856469,576709,United States,Industrials,Metal Fabrications,true,false,0.499139
CMPS,COMPASS Pathways Plc American Depository Shares,13.75,-6.969,1904056303,2581990,United Kingdom,Health Care,Biotechnology: Pharmaceutical Preparations,false,false,0.499123
MBX,MBX Biosciences Inc. Common Stock,57.89,-6.599,2787987957,352465,United States,Health Care,Biotechnology: Pharmaceutical Preparations,true,false,0.498899
IVR,INVESCO MORTGAGE CAPITAL INC Common Stock,6.46,-2.417,695357094,2194599,United States,Real Estate,Real Estate Investment Trusts,true,false,0.498837
PMT,PennyMac Mortgage Investment Trust Common Shares of Beneficial Interest,8.73,-3.108,761276620,1691186,United States,Real Estate,Real Estate Investment Trusts,true,false,0.498772
BHVN,Biohaven Ltd. Common Shares,13.67,-7.946,2064768486,2742947,United States,Health Care,Biotechnology: Pharmaceutical Preparations,true,false,0.498591
BXC,Bluelinx Holdings Inc. Common Stock,79.81,-3.249,627323919,238781,United States,Consumer Discretionary,Wholesale Distributors,true,false,0.498265
SABR,Sabre Corporation Common Stock,2.19,-3.524,883847239,6133896,United States,Technology,Computer Software: Programming Data Processing,true,false,0.497971
MEI,Methode Electronics Inc. Common Stock,14.83,9.689,528616136,1289163,United States,Technology,Electrical Products,true,false,0.497528
BGR,BlackRock Energy and Resources Trust,17.15,0.587,2325303227,60958,United States,Finance,Trusts Except Educational Religious and Charitable,true,false,0.497506
THFF,First Financial Corporation Common Stock,74.5,-1.611,885946252,108129,United States,Finance,Major Banks,true,false,0.497172
CRML,Critical Metals Corp. Ordinary Shares,7.72,-9.602,1133981173,13876091,British Virgin Islands,Basic Materials,Metal Mining,false,false,0.496975
OOMA,Ooma Inc. Common Stock,22.05,-0.765,608580000,482574,United States,Technology,EDP Services,true,false,0.496927
WWW,Wolverine World Wide Inc. Common Stock,19.11,-3.825,1568287738,355523,United States,Consumer Discretionary,Shoe Manufacturing,true,false,0.496667
APPS,Digital Turbine Inc. Common Stock,11.54,-5.332,1396527525,2582933,United States,Miscellaneous,Multi-Sector Companies,true,false,0.496663
IQMX,IQM Quantum Computers Oyj American Depositary Shares,10.29,-3.922,1949916083,493543,Finland,Technology,Computer Software: Prepackaged Software,false,false,0.496641
LRMR,Larimar Therapeutics Inc. Common Stock,3.865,1.178,401507552,2718722,United States,Health Care,Biotechnology: Pharmaceutical Preparations,true,false,0.496612
RVT,Royce Small-Cap Trust Inc. Common Stock,17.32,-1.703,1869810304,162432,United States,Finance,Trusts Except Educational Religious and Charitable,true,false,0.496398
PHVS,Pharvaris N.V. Ordinary Shares,33.07,-6.051,2303869601,655105,Netherlands,Health Care,Biotechnology: Pharmaceutical Preparations,false,false,0.496377
NN,NextNav Inc. Common Stock,14.39,-6.132,2429174605,1438656,United States,Industrials,Industrial Machinery/Components,true,false,0.496351
LXFR,Luxfer Holdings PLC Ordinary Shares,17.27,-0.116,462132092,710879,United Kingdom,Basic Materials,Major Chemicals,false,false,0.496133
HPK,HighPeak Energy Inc. Common Stock,7.89,1.284,997712624,359361,United States,Energy,Oil & Gas Production,true,false,0.495892
BFST,Business First Bancshares Inc. Common Stock,30.35,-1.043,987888949,188061,United States,Finance,Major Banks,true,false,0.495718
CGNT,Cognyte Software Ltd. Ordinary Shares,8.73,1.159,645150326,664375,Israel,Technology,Computer Software: Prepackaged Software,false,false,0.495702
RIGL,Rigel Pharmaceuticals Inc. Common Stock,48.13,-1.413,899061854,151402,United States,Health Care,Biotechnology: Pharmaceutical Preparations,true,false,0.495658
THRM,Gentherm Inc Common Stock,35.25,-4.003,1082362424,615142,United States,Consumer Discretionary,Auto Parts:O.E.M.,true,false,0.495618
TY,Tri Continental Corporation Common Stock,34.6,-1.03,1880542351,64873,United States,Finance,Finance Companies,true,false,0.495436
NUVB,Nuvation Bio Inc. Class A Common Stock,5.71,-6.393,2004913660,4606088,United States,Health Care,Biotechnology: Pharmaceutical Preparations,true,false,0.495237
AIV,Apartment Investment and Management Company Common Stock,2.2,1.852,319521176,5178171,United States,Real Estate,Real Estate Investment Trusts,true,false,0.495154
SVM,Silvercorp Metals Inc. Common Shares,11.51,-6.726,2546180529,1868144,Canada,Basic Materials,Precious Metals,false,false,0.495108
WLFC,Willis Lease Finance Corporation Common Stock,54.38,-0.929,1149816756,80359,United States,Consumer Discretionary,Industrial Specialties,true,false,0.495040
PBLS,Parabilis Medicines Inc. Common Stock,33.31,-12.733,4062222119,1114095,United States,Health Care,Biotechnology: Pharmaceutical Preparations,true,false,0.494474
NAVI,Navient Corporation Common Stock,9.16,-3.376,859059864,1306005,United States,Finance,Investment Bankers/Brokers/Service,true,false,0.494427
TLSI,TriSalus Life Sciences Inc. Common Stock,5,1.42,307873000,2602875,United States,Health Care,Medical Specialities,true,false,0.494118
WRLD,World Acceptance Corporation Common Stock,170.07,-1.688,793067023,51954,United States,Finance,Finance: Consumer Services,true,false,0.494115
SPIR,Spire Global Inc. Class A Common Stock,12.21,0,495999150,850159,United States,Consumer Discretionary,Telecommunications Equipment,true,false,0.494111
MEC,Mayville Engineering Company Inc. Common Stock,17.45,0.634,444980776,567163,United States,Industrials,Industrial Specialties,true,false,0.493729
WB,Weibo Corporation American Depositary Share,6.56,-1.943,1611612072,537885,China,Technology,Computer Software: Programming Data Processing,false,false,0.493635
PGC,Peapack-Gladstone Financial Corporation Common Stock,44.38,-0.671,786766510,150721,United States,Finance,Commercial Banks,true,false,0.493616
CTKB,Cytek Biosciences Inc. Common Stock,5.68,-0.525,738304877,1261190,United States,Industrials,Biotechnology: Laboratory Analytical Instruments,true,false,0.493580
GPRO,GoPro Inc. Class A Common Stock,1.31,3.15,241700776,17069561,United States,Consumer Discretionary,Industrial Machinery/Components,true,false,0.493578
ASTE,Astec Industries Inc. Common Stock,41.38,-2.129,952789686,180673,United States,Industrials,Construction/Ag Equipment/Trucks,true,false,0.493443
TRST,TrustCo Bank Corp NY Common Stock,55.54,-0.751,945720680,92656,United States,Finance,Major Banks,true,false,0.493363
PRG,PROG Holdings Inc. Common Stock,32.27,-5.643,1285366797,1051457,United States,Consumer Discretionary,Diversified Commercial Services,true,false,0.493233
FMBH,First Mid Bancshares Inc. Common Stock,48.71,-1.016,1295779134,73757,United States,Finance,Major Banks,true,false,0.493221
PLBL,Polibeli Group Ltd Class A Ordinary Shares,5.99,3.276,2194660945,188966,Indonesia,Consumer Discretionary,Consumer Electronics/Appliances,false,false,0.493001
ASC,Ardmore Shipping Corporation Common Stock,17.61,-0.9,718534033,459093,,Consumer Discretionary,Marine Transportation,false,false,0.492597
HOV,Hovnanian Enterprises Inc. Class A Common Stock,115.24,-3.127,686817724,126854,United States,Consumer Discretionary,Homebuilding,true,false,0.491928
VRRM,Verra Mobility Corporation Class A Common Stock,3.38,-1.744,513701878,4289845,United States,Consumer Discretionary,Transportation Services,true,false,0.491872
MBWM,Mercantile Bank Corporation Common Stock,58.68,-0.744,1014338314,77315,United States,Finance,Major Banks,true,false,0.491833
WHK,WhiteHawk Minerals Corp Class A Common Stock,26.48,1.146,729403516,165339,,Energy,Oil & Gas Production,false,false,0.491764
YEXT,Yext Inc. Common Stock,6.44,1.099,637422854,829103,United States,Technology,EDP Services,true,false,0.491489
HIFS,Hingham Institution for Savings Common Stock,292.63,-3.803,628393662,62599,United States,Finance,Banks,true,false,0.491263
LMRI,Lumexa Imaging Holdings Inc. Common Stock,10.14,-3.612,974200257,980990,United States,Health Care,Medical Specialities,true,false,0.491209
CLVT,Clarivate Plc Ordinary Shares,1.83,-3.175,1170585125,3900204,United Kingdom,Technology,EDP Services,false,false,0.491118
CPF,Central Pacific Financial Corp New,36.32,-1.197,935146730,156670,United States,Finance,Major Banks,true,false,0.491085
BEPH,Brookfield BRP Holdings (Canada) Inc. 4.625% Perpetual Subordinated Notes,14.9,0.607,4278748666,16579,Canada,Utilities,Electric Utilities: Central,false,false,0.491041
TPGXL,TPG Operating Group II L.P. 6.950% Fixed-Rate Junior Subordinated Notes due 2064,21.11,-1.401,7701472110,8302,United States,Uncategorized,Uncategorized,true,false,0.490774
HIVE,HIVE Digital Technologies Ltd. Common Shares,3.37,-4.802,924314629,9777032,Canada,Finance,Finance: Consumer Services,false,false,0.490773
JBGS,JBG SMITH Properties Common Shares,10.65,-3.27,794686471,1113747,United States,Real Estate,Real Estate Investment Trusts,true,false,0.490663
MOV,Movado Group Inc. Common Stock,33.24,-0.12,741659024,176659,United States,Consumer Discretionary,Consumer Specialties,true,false,0.490639
GSBC,Great Southern Bancorp Inc. Common Stock,78.01,-0.523,850114521,66656,United States,Finance,Major Banks,true,false,0.490485
FOXF,Fox Factory Holding Corp. Common Stock,18.66,-1.218,784298479,383449,United States,Consumer Discretionary,Motor Vehicles,true,false,0.490433
BST,BlackRock Science and Technology Trust Common Shares of Beneficial Interest,49.43,-1.16,1095261537,88763,United States,Finance,Finance Companies,true,false,0.490428
TRUP,Trupanion Inc. Common Stock,22.88,-3.174,1003805340,371163,United States,Health Care,Medical Specialities,true,false,0.490258
TNDM,Tandem Diabetes Care Inc. Common Stock,16.38,-6.4,1139699221,2806851,United States,Health Care,Medical/Dental Instruments,true,false,0.490215
ALKT,Alkami Technology Inc. Common Stock,14.6,-19.292,1561352908,7762166,United States,Technology,Computer Software: Prepackaged Software,true,false,0.489991
LYNX,Lyntris Inc. Common Stock,12.98,-2.406,1505023004,311528,,Industrials,Industrial Machinery/Components,false,false,0.489904
KEN,Kenon Holdings Ltd. Ordinary Shares,65.6,-0.425,3418310843,8184,Singapore,Utilities,Electric Utilities: Central,false,false,0.489842
ARDT,Ardent Health Inc. Common Stock,10.64,-2.831,1500728450,427235,United States,Health Care,Hospital/Nursing Management,true,false,0.489651
CBLL,CeriBell Inc. Common Stock,23.62,-2.598,906490746,353819,United States,Health Care,Biotechnology: Electromedical & Electrotherapeutic Apparatus,true,false,0.489645
RYAM,Rayonier Advanced Materials Inc. Common Stock,9.14,-0.218,618268061,835643,United States,Basic Materials,Paper,true,false,0.489636
FIGS,FIGS Inc. Class A Common Stock,11.97,-7.568,1988698697,2489229,United States,Consumer Discretionary,Apparel,true,false,0.489437
TRIP,TripAdvisor Inc. Common Stock,8.04,-5.965,942282710,6287402,United States,Technology,Computer Software: Programming Data Processing,true,false,0.489286
MLR,Miller Industries Inc. Common Stock,54.19,-0.331,615174851,142523,United States,Consumer Discretionary,Construction/Ag Equipment/Trucks,true,false,0.488806
BTZ,BlackRock Credit Allocation Income Trust,9.43,-1.668,1019713050,563283,United States,Finance,Finance/Investors Services,true,false,0.488658
DAKT,Daktronics Inc. Common Stock,17.65,-1.835,848835273,395591,United States,Consumer Discretionary,Miscellaneous manufacturing industries,true,false,0.487809
ABSI,Absci Corporation Common Stock,9.745,-9.01,1672378527,4721329,United States,Health Care,Biotechnology: Commercial Physical & Biological Resarch,true,false,0.487693
KBDC,Kayne Anderson BDC Inc. Common Stock,13.08,-0.457,863774555,352530,United States,Uncategorized,Uncategorized,true,false,0.487426
DTW,DTE Energy Company 2017 Series E 5.25% Junior Subordinated Debentures due 2077,18.78,-1.002,3907893936,25073,United States,Utilities,Electric Utilities: Central,true,false,0.487382
OCSL,Oaktree Specialty Lending Corporation Common Stock,12.16,-1.698,1071119960,390455,United States,Finance,Finance: Consumer Services,true,false,0.487357
EOSE,Eos Energy Enterprises Inc. Class A Common Stock,3.58,-11.823,1303720524,31299307,United States,Miscellaneous,Industrial Machinery/Components,true,false,0.487272
PAHC,Phibro Animal Health Corporation Class A Common Stock,34.1,-2.987,1384514662,141691,United States,Health Care,Biotechnology: Pharmaceutical Preparations,true,false,0.487187
NNBR,NN Inc. Common Stock,3.86,14.54,318762135,9716555,United States,Industrials,Industrial Machinery/Components,true,false,0.486842
ELC,Entergy Louisiana Inc. Collateral Trust Mortgage Bonds 4.875 % Series due September 1 2066,18.8804,-1.356,4026010277,26196,United States,Utilities,Electric Utilities: Central,true,false,0.486657
PRAA,PRA Group Inc. Common Stock,20.11,-2.284,757101401,446046,United States,Finance,Finance Companies,true,false,0.486405
IQ,iQIYI Inc. American Depositary Shares,1.01,-1.942,974674982,5686785,China,Consumer Discretionary,Consumer Electronics/Video Chains,false,false,0.486308
CHRN,ChronoScale Holdings Corporation Common Stock,20.51,-3.255,2987024141,75352,United States,Industrials,Industrial Machinery/Components,true,false,0.486239
TRNS,Transcat Inc. Common Stock,89.05,-3.027,836027581,104798,United States,Industrials,Electrical Products,true,false,0.486229
ETD,Ethan Allen Interiors Inc. Common Stock,21.02,-1.453,529756613,544030,United States,Consumer Discretionary,Home Furnishings,true,false,0.486119
WEAV,Weave Communications Inc. Common Stock,7.36,0.272,588793516,886889,United States,Technology,Computer Software: Prepackaged Software,true,false,0.486101
GORO,Goldgroup Mining Inc. Common Shares,3.65,2.817,495102859,1102727,Canada,Basic Materials,Precious Metals,false,false,0.486007
SHEN,Shenandoah Telecommunications Co Common Stock,12.09,-1.787,645178981,789697,United States,Telecommunications,Telecommunications Equipment,true,false,0.486006
CVLG,Covenant Logistics Group Inc. Class A Common Stock,34.15,-0.553,866651119,133284,United States,Industrials,Trucking Freight/Courier Services,true,false,0.485900
SWMR,Swarmer Inc Common Stock,22.74,0.397,362406948,491433,United States,Technology,Computer Software: Prepackaged Software,true,false,0.485848
RRBI,Red River Bancshares Inc. Common Stock,100.555,-0.647,662064779,69430,United States,Finance,Major Banks,true,false,0.485792
CCNE,CNB Financial Corporation Common Stock,33.43,-0.86,990226186,120909,United States,Finance,Major Banks,true,false,0.485259
BBW,Build-A-Bear Workshop Inc. Common Stock,25.96,-1.555,319809937,775365,United States,Consumer Discretionary,Recreational Games/Products/Toys,true,false,0.485177
SMBK,SmartFinancial Inc. Common Stock,49.92,-1.983,853555772,135321,United States,Finance,Major Banks,true,false,0.485137
CAC,Camden National Corporation Common Stock,56.35,-0.897,952148711,75109,United States,Finance,Major Banks,true,false,0.485111
FMNB,Farmers National Banc Corp. Common Stock,15.18,-0.914,899378143,308225,United States,Finance,Major Banks,true,false,0.485038
EAF,GrafTech International Ltd. Common Stock,11.36,1.338,296406983,956409,United States,Energy,Industrial Machinery/Components,true,false,0.484840
NRP,Natural Resource Partners LP Limited Partnership,107.58,-1.986,1425479323,30249,United States,Energy,Coal Mining,true,false,0.484714
ANGO,AngioDynamics Inc. Common Stock,15.51,-1.021,641065353,503370,United States,Health Care,Medical/Dental Instruments,true,false,0.484583
PBT,Permian Basin Royalty Trust Common Stock,33.12,0.272,1543683324,44258,United States,Energy,Oil & Gas Production,true,false,0.484366
GLND,Greenland Energy Company Common Stock,2.91,15.936,127254865,28208516,United States,Energy,Oil & Gas Production,true,false,0.484304
BKT,BlackRock Income Trust Inc. (The),9.61,-0.826,1429607346,236847,United States,Finance,Investment Bankers/Brokers/Service,true,false,0.484145
NBBK,NB Bancorp Inc. Common Stock,22.39,-1.712,981095991,223841,United States,Finance,Banks,true,false,0.484091
APOG,Apogee Enterprises Inc. Common Stock,36.78,-2.129,767535853,215072,United States,Consumer Discretionary,Auto Parts:O.E.M.,true,false,0.483467
ABX,Abacus Global Management Inc. Class A Common Stock,7.82,-2.494,764735387,1117334,United States,Finance,Investment Managers,true,false,0.483319
ACHV,Achieve Life Sciences Inc. Common Shares,7.83,-3.571,805726497,1328082,United States,Health Care,Biotechnology: In Vitro & In Vivo Diagnostic Substances,true,false,0.483225
EGY,VAALCO Energy Inc.  Common Stock,5.84,0,614319984,1039447,United States,Energy,Oil & Gas Production,true,false,0.483123
RCBC,River City Bank Common stock,51.02,-1.353,724468898,136015,United States,Finance,Major Banks,true,false,0.483006
CODI,D/B/A Compass Diversified Holdings Shares of Beneficial Interest,11.35,0.177,853928214,300586,United States,Consumer Discretionary,Home Furnishings,true,false,0.482906
LOMA,Loma Negra Compania Industrial Argentina Sociedad Anonima ADS,9.46,-1.356,1103950120,397885,Argentina,Industrials,Building Materials,false,false,0.482879
SVC,Service Properties Trust Common Shares of Beneficial Interest,6.55,-2.819,848287146,1228573,United States,Real Estate,Real Estate Investment Trusts,true,false,0.482869
XPEL,XPEL Inc. Common Stock,44.52,-3.824,1227449701,143544,United States,Industrials,Industrial Specialties,true,false,0.482836
PLOW,Douglas Dynamics Inc. Common Stock,39.45,-1.103,910389465,115407,United States,Industrials,Construction/Ag Equipment/Trucks,true,false,0.482826
BTBT,Bit Digital Inc. Ordinary Shares,1.77,-4.839,638321300,24783664,United States,Finance,Finance: Consumer Services,true,false,0.482694
VTS,Vitesse Energy Inc. Common Stock,16.78,-0.415,706510439,332387,United States,Energy,Oil & Gas Production,true,false,0.482684
SBSI,Southside Bancshares Inc. Common Stock,30.71,-1.476,915403066,162529,United States,Finance,Major Banks,true,false,0.482683
CMP,Compass Minerals Intl Inc Common Stock,23.2,-2.521,973956277,261014,United States,Industrials,Mining & Quarrying of Nonmetallic Minerals (No Fuels),true,false,0.482486
ROOT,Root Inc. Class A Common Stock,46.76,-3.687,724464464,263328,United States,Finance,Property-Casualty Insurers,true,false,0.482414
MSEX,Middlesex Water Company Common Stock,53.65,-2.312,1010977703,99817,United States,Utilities,Water Supply,true,false,0.482263
GAM,General American Investors Inc. Common Stock,64.8,-1.008,1553619528,30985,United States,Finance,Investment Managers,true,false,0.482227
MMI,Marcus & Millichap Inc. Common Stock,30.07,-2.78,1138781060,170103,United States,Finance,Real Estate,true,false,0.481587
MTUS,Metallus Inc. Common Shares,18.72,-1.784,775930596,355464,United States,Industrials,Steel/Iron Ore,true,false,0.481418
LMB,Limbach Holdings Inc. Common Stock,51.12,-1.843,609605642,182652,United States,Consumer Discretionary,Engineering & Construction,true,false,0.481056
EQBK,Equity Bancshares Inc. Class A Common Stock,47.8,-1.565,984321022,91316,United States,Finance,Major Banks,true,false,0.480931
FAC,Factorial Energy Inc. Class A Common Stock,6.44,4.715,689229698,673861,United States,Miscellaneous,Industrial Machinery/Components,true,false,0.480588
SPH,Suburban Propane Partners L.P. Common Stock,16.57,-1.486,1105424253,216577,United States,Consumer Discretionary,Other Specialty Stores,true,false,0.480566
DTB,DTE Energy Company 2020 Series G 4.375% Junior Subordinated Debentures due 2080,15.395,-1.251,3203515822,37820,United States,Utilities,Electric Utilities: Central,true,false,0.480311
MPLT,MapLight Therapeutics Inc. Common Stock,10.77,-0.829,697611737,538969,United States,Health Care,Biotechnology: Pharmaceutical Preparations,true,false,0.479935
TLRY,Tilray Brands Inc. Common Stock,4.11,-2.837,607384600,2858098,United States,Health Care,Medicinal Chemicals and Botanical Products,true,false,0.479896
SATL,Satellogic Inc. Class A Common Stock,5.51,-4.007,847106910,3667952,Uruguay,Technology,Radio And Television Broadcasting And Communications Equipment,false,false,0.479803
ABTC,American Bitcoin Corp. Class A Common Stock,9.91,-3.505,721643356,1126881,United States,Finance,Finance: Consumer Services,true,false,0.479765
IBCP,Independent Bank Corporation Common Stock,35.3,-0.898,783635114,137400,United States,Finance,Major Banks,true,false,0.479665
OPK,OPKO Health Inc. Common Stock,1.7,-1.734,1268757983,1783773,United States,Health Care,Biotechnology: Pharmaceutical Preparations,true,false,0.479608
SOPH,SOPHiA GENETICS SA Ordinary Shares,8.08,0.124,687832826,563030,Switzerland,Technology,EDP Services,false,false,0.479587
SENS,Senseonics Holdings Inc. Common Stock,9.975,-0.845,527418679,840173,United States,Health Care,Medical/Dental Instruments,true,false,0.479434
ACEL,Accel Entertainment Inc.,11.08,-0.983,899623703,375477,United States,Consumer Discretionary,Services-Misc. Amusement & Recreation,true,false,0.479381
HSTM,HealthStream Inc. Common Stock,28.76,-0.862,879937710,143627,United States,Technology,Computer Software: Programming Data Processing,true,false,0.479268
SWBI,Smith & Wesson Brands Inc. Common Stock,13.98,-0.569,626858726,435270,United States,Industrials,Ordnance And Accessories,true,false,0.479045
SMWB,Similarweb Ltd. Ordinary Shares,8.58,0.941,746172158,351807,,Technology,Computer Software: Programming Data Processing,false,false,0.478973
SBGI,Sinclair Inc. Class A Common Stock,12.87,-2.278,930733432,426604,United States,Industrials,Broadcasting,true,false,0.478787
SMBC,Southern Missouri Bancorp Inc. Common Stock,71.33,-0.168,785577191,54244,United States,Finance,Banks,true,false,0.478759
VZLA,Vizsla Silver Corp. Common Shares,4.04,-6.047,1434429763,6292041,Canada,Basic Materials,Precious Metals,false,false,0.478720
LAES,SEALSQ Corp Ordinary Shares,2.3,-2.128,512380198,4976319,Switzerland,Technology,Semiconductors,false,false,0.478214
CLMB,Climb Global Solutions Inc. Common Stock,30.63,-0.552,571575373,221520,United States,Technology,Retail: Computer Software & Peripheral Equipment,true,false,0.478184
EVCM,EverCommerce Inc. Common Stock,8.32,3.226,1469854847,162316,United States,Technology,Computer Software: Prepackaged Software,true,false,0.477896
LILA,Liberty Latin America Ltd. Class A Common Stock,8.52,-3.072,1669068000,333842,United States,Telecommunications,Cable & Other Pay Television Services,true,false,0.477565
AMSF,AMERISAFE Inc. Common Stock,24.37,-0.774,451723733,380895,United States,Finance,Property-Casualty Insurers,true,false,0.477261
STAA,STAAR Surgical Company Common Stock,19.8,-4.116,992850883,846711,United States,Health Care,Ophthalmic Goods,true,false,0.477194
PBAM,Private Bancorp of America Inc. Common Stock,87.25,-1.357,499924003,108090,United States,Finance,Major Banks,true,false,0.477182
SGML,Sigma Lithium Corporation Common Shares,10.14,-4.159,1141442694,1417500,Canada,Basic Materials,Metal Mining,false,false,0.477148
STTK,Shattuck Labs Inc. Common Stock,6.36,-2.154,638310289,1386495,United States,Health Care,Biotechnology: Pharmaceutical Preparations,true,false,0.477125
TV,Grupo Televisa S.A.B. Common Stock,2.43,-2.016,1499707548,995228,Mexico,Industrials,Broadcasting,false,false,0.477081
ZVRA,Zevra Therapeutics Inc. Common Stock,11.32,-2.245,672224401,735920,United States,Health Care,Biotechnology: Pharmaceutical Preparations,true,false,0.476999
INMD,InMode Ltd. Ordinary Shares,14.19,-1.799,815652155,381838,Israel,Health Care,Biotechnology: Electromedical & Electrotherapeutic Apparatus,false,false,0.476720
BUUU,BUUU Group Limited Class A Ordinary Share,46.975,-2.521,885361313,127367,Hong Kong,Consumer Discretionary,Services-Misc. Amusement & Recreation,false,false,0.476657
SBR,Sabine Royalty Trust Common Stock,72.33,-0.055,1054524024,30612,United States,Energy,Oil & Gas Production,true,false,0.476331
GIII,G-III Apparel Group LTD. Common Stock,26.94,-4.536,1155093126,613543,United States,Consumer Discretionary,Apparel,true,false,0.476276
ALLO,Allogene Therapeutics Inc. Common Stock,1.67,-2.339,576969771,5966029,United States,Health Care,Biotechnology: Biological Products (No Diagnostic Substances),true,false,0.476198
SFST,Southern First Bancshares Inc. Common Stock,59.85,-1.091,566884537,125023,United States,Finance,Major Banks,true,false,0.476149
FMC,FMC Corporation Common Stock,9.9,-6.339,1239745706,3016027,United States,Industrials,Major Chemicals,true,false,0.476054
VBNK,VersaBank Common Shares,23.06,-0.518,747583962,184741,Canada,Finance,Commercial Banks,false,false,0.475922
ENVX,Enovix Corporation Common Stock,2.94,-3.764,645178693,4147296,United States,Miscellaneous,Industrial Machinery/Components,true,false,0.475792
GLIBK,Liberty Capital Corporation Series C GCI Group Common Stock,23.7,-2.909,945748358,244684,United States,Telecommunications,Cable & Other Pay Television Services,true,false,0.475675
XNET,Xunlei Limited American Depositary Shares,5.07,0.297,1613623429,203572,China,Technology,Computer Software: Prepackaged Software,false,false,0.475000
CARE,Carter Bankshares Inc. Common Stock,29.93,-1.156,663366455,200492,United States,Finance,Major Banks,true,false,0.474843
GRAL,GRAIL Inc. Common Stock,108.52,0,4847179714,1077,United States,Health Care,Medical Specialities,true,false,0.474707
CCU,Compania Cervecerias Unidas S.A. Common Stock,11.13,-0.358,2056283483,72020,Chile,Consumer Staples,Beverages (Production/Distribution),false,false,0.474609
ASIC,Ategrity Specialty Insurance Company Holdings Common Stock,26.52,-1.85,1271022131,99055,,Finance,Property-Casualty Insurers,false,false,0.474512
SGP,SpyGlass Pharma Inc. Common Stock,28.16,-1.847,941895089,149334,United States,Health Care,Medical/Dental Instruments,true,false,0.474355
DRTS,Alpha Tau Medical Ltd. Ordinary Shares,14.52,-4.095,1342782796,727115,Israel,Health Care,Medical/Dental Instruments,false,false,0.474239
GLAS,Glass House Brands Inc. Subordinate Voting Shares,7.85,-1.998,690784174,884486,,Health Care,Medicinal Chemicals and Botanical Products,false,false,0.474191
FISI,Financial Institutions Inc. Common Stock,39.66,-1.637,781554238,130096,United States,Finance,Major Banks,true,false,0.474108
TIGR,UP Fintech Holding Ltd American Depositary Share representing fifteen Class A Ordinary Shares,4.71,-3.484,841680113,1622988,China,Finance,Investment Bankers/Brokers/Service,false,false,0.473775
BVC,BitVentures Limited Ordinary Shares,12.53,-2.109,2105040000,106244,China,Finance,Investment Managers,false,false,0.473733
CYD,China Yuchai International Limited Common Stock,34.6,-1.284,1298133941,62622,Singapore,Industrials,Industrial Machinery/Components,false,false,0.473537
ASPN,Aspen Aerogels Inc. Common Stock,5.68,3.65,471376293,1098994,United States,Consumer Discretionary,RETAIL: Building Materials,true,false,0.473516
FWRD,Forward Air Corporation Common Stock,15.06,-0.528,508739782,451686,United States,Industrials,Integrated Freight & Logistics,true,false,0.473355
LYTS,LSI Industries Inc. Common Stock,20.24,-1.556,754169441,256182,United States,Consumer Discretionary,Building Products,true,false,0.473280
MFIC,MidCap Financial Investment Corporation Common Stock,8.9,-1.766,733116389,657831,United States,Finance,Finance/Investors Services,true,false,0.473110
HTB,HomeTrust Bancshares Inc. Common Stock,45.21,-1.994,754698668,130281,United States,Finance,Savings Institutions,true,false,0.473110
MNRO,Monro Inc. Common Stock,14.02,-1.889,438322121,816420,United States,Consumer Discretionary,Automotive Aftermarket,true,false,0.472975
SPFI,South Plains Financial Inc. Common Stock,43.1,-2.157,811965426,126345,United States,Finance,Major Banks,true,false,0.472796
ALOY,REalloys Inc. Common Stock,8.67,-3.987,601862132,1548306,United States,Basic Materials,Metal Mining,true,false,0.472696
AFGB,American Financial Group Inc. 5.875% Subordinated Debentures due 2059,22.04,0.916,1827589111,26590,United States,Finance,Property-Casualty Insurers,true,false,0.472684
PAYS,Paysign Inc. Common Stock,12.67,-1.859,715375517,485595,United States,Technology,EDP Services,true,false,0.472675
INR,Infinity Natural Resources Inc. Class A Common Stock,13.03,0,826392022,210555,United States,Energy,Oil & Gas Production,true,false,0.472562
GILT,Gilat Satellite Networks Ltd. Ordinary Shares,9.98,-0.3,753200061,357150,Israel,Technology,Radio And Television Broadcasting And Communications Equipment,false,false,0.472325
GLOO,Gloo Holdings Inc. Class A Common Stock,4.8,0.418,439348997,1291793,United States,Technology,EDP Services,true,false,0.472086
TLX,Telix Pharmaceuticals Limited American Depositary Shares,11.27,-5.69,3818017342,464923,Australia,Health Care,Biotechnology: Pharmaceutical Preparations,false,false,0.471539
ENO,Entergy New Orleans LLC First Mortgage Bonds 5.50% Series due April 1 2066,20.595,-0.986,4403846273,9510,United States,Utilities,Power Generation,true,false,0.471242
CRMD,CorMedix Inc. Common Stock,7.69,-1.157,599391852,812588,United States,Health Care,Biotechnology: Pharmaceutical Preparations,true,false,0.471219
KURA,Kura Oncology Inc. Common Stock,11.04,-5.882,982125234,2771826,United States,Health Care,Biotechnology: Pharmaceutical Preparations,true,false,0.470973
CDNL,Cardinal Infrastructure Group Inc. Class A Common Stock,28.68,-4.749,1361527332,455751,United States,Industrials,Military/Government/Technical,true,false,0.470627
MFAN,MFA Financial Inc. 8.875% Senior Notes due 2029,25.2,-0.119,2587251290,16367,United States,Real Estate,Real Estate Investment Trusts,true,false,0.470596
SMPL,The Simply Good Foods Company Common Stock,9.59,-4.196,848336627,1858152,United States,Consumer Staples,Packaged Foods,true,false,0.470550
CCBG,Capital City Bank Group Common Stock,48.75,-1.971,834273229,94595,United States,Finance,Major Banks,true,false,0.470528
BBDC,Barings BDC Inc. Common Stock,8.66,-1.142,906761615,371969,United States,Finance,Diversified Financial Services,true,false,0.470368
FRNM,Freenome Inc. Common stock,15.7,-4.588,1686914980,578495,United States,Health Care,Medical Specialities,true,false,0.470299
IMTX,Immatics N.V. Ordinary Shares,8.6,-3.044,1286832414,384247,Germany,Health Care,Biotechnology: Biological Products (No Diagnostic Substances),false,false,0.470126
FBRT,Franklin BSP Realty Trust Inc. Common Stock,7.46,-3.742,619518803,1508984,United States,Real Estate,Real Estate Investment Trusts,true,false,0.469954
ALRS,Alerus Financial Corporation Common Stock,31.77,-1.335,791947501,131661,United States,Finance,Major Banks,true,false,0.469915
LTRX,Lantronix Inc. Common Stock,6.4,2.4,300028160,868148,United States,Telecommunications,Computer Communications Equipment,true,false,0.469882
PKE,Park Aerospace Corp. Common Stock,29.55,-1.303,642748285,191300,United States,Industrials,Military/Government/Technical,true,false,0.469857
TKNO,Alpha Teknova Inc. Common Stock,8.93,1.824,479436037,381719,United States,Health Care,Biotechnology: In Vitro & In Vivo Diagnostic Substances,true,false,0.469824
NNNN,Anbio Biotechnology Class A Ordinary Shares,6.06,8.602,871980672,636403,Germany,Health Care,Biotechnology: In Vitro & In Vivo Diagnostic Substances,false,false,0.469728
GDYN,Grid Dynamics Holdings Inc. Class A Common Stock,7.7,-1.028,624676984,697506,United States,Technology,Computer Software: Prepackaged Software,true,false,0.469660
HMH,HMH Holding Inc. Class A Common Stock,18.55,-0.161,814980838,143812,United States,Consumer Discretionary,Oil and Gas Field Machinery,true,false,0.469445
INBX,Inhibrx Biosciences Inc. Common Stock,100.33,-9.343,1476622828,375339,United States,Health Care,Biotechnology: Biological Products (No Diagnostic Substances),true,false,0.469322
ACDC,ProFrac Holding Corp. Class A Common Stock,4.64,-1.695,845049616,893182,United States,Energy,Oilfield Services/Equipment,true,false,0.469303
MGTX,MeiraGTx Holdings plc Ordinary Shares,11.75,-4.858,1128505203,1419316,United States,Health Care,Biotechnology: Biological Products (No Diagnostic Substances),true,false,0.469266
CMCO,Columbus McKinnon Corporation Common Stock,16.51,0.426,476548668,306715,United States,Industrials,Construction/Ag Equipment/Trucks,true,false,0.469145
KRUS,Kura Sushi USA Inc. Class A Common Stock,37.2,-0.402,451973899,184360,United States,Consumer Discretionary,Restaurants,true,false,0.469067
BCSF,Bain Capital Specialty Finance Inc. Common Stock,11.07,-1.337,718094372,428545,United States,Finance,Finance/Investors Services,true,false,0.469040
OXLCZ,Oxford Lane Capital Corp. 5.00% Notes due 2027,24.9,-0.08,4322640000,5176,United States,Finance,Finance Companies,true,false,0.468966
NYAX,Nayax Ltd. Ordinary Shares,42.63,-1.616,1592622483,36028,Israel,Technology,Computer Software: Prepackaged Software,false,false,0.468965
CRTO,Criteo S.A. Ordinary Shares,16.55,-1.78,810909601,263569,France,Consumer Discretionary,Advertising,false,false,0.468596
CRON,Cronos Group Inc. Common Share,3.4,-0.875,1252603738,512833,Canada,Health Care,Medicinal Chemicals and Botanical Products,false,false,0.468468
GMRS,GMR Solutions Inc. Class A Common Stock,11,-2.741,594238821,813744,,Consumer Discretionary,Transportation Services,false,false,0.468418
EVC,Entravision Communications Corporation Common Stock,7.88,-2.716,727231843,846826,United States,Industrials,Broadcasting,true,false,0.468109
IGIC,International General Insurance Holdings Ltd. Ordinary Share,24.49,-1.449,1049205870,105295,Jordan,Finance,Property-Casualty Insurers,false,false,0.467980
OIS,Oil States International Inc. Common Stock,8.31,0.972,501280964,479556,United States,Consumer Discretionary,Oil and Gas Field Machinery,true,false,0.467977
DDD,3D Systems Corporation Common Stock,3.51,-2.228,583176065,2238191,United States,Technology,Computer Software: Prepackaged Software,true,false,0.467909
OGG,Osisko Gold Group Inc. Common Shares,2.69,-1.825,822703782,1569327,Canada,Basic Materials,Precious Metals,false,false,0.467808
BLDP,Ballard Power Systems Inc. Common Shares,2.19,-2.232,768888646,2381154,Canada,Energy,Industrial Machinery/Components,false,false,0.467656
GRNT,Granite Ridge Resources Inc. Common Stock,4.51,-0.879,594870091,1170664,United States,Energy,Oil & Gas Production,true,false,0.467544
GTE,Gran Tierra Energy Inc. Common Stock,9.97,1.839,352742877,483248,Canada,Energy,Oil & Gas Production,false,false,0.467301
DAO,Youdao Inc. American Depositary Shares each representing one Class A Ordinary Share,14.62,-0.814,1763678305,65872,China,Real Estate,Other Consumer Services,false,false,0.466897
SMP,Standard Motor Products Inc. Common Stock,37.31,-1.008,833516332,84367,United States,Consumer Discretionary,Auto Parts:O.E.M.,true,false,0.466891
INN,Summit Hotel Properties Inc. Common Stock,5.67,-0.701,611529135,824020,United States,Real Estate,Real Estate Investment Trusts,true,false,0.466864
OFIX,Orthofix Medical Inc. Common Stock (DE),9.18,2.227,373925341,437702,Curacao,Health Care,Medical/Dental Instruments,false,false,0.466750
HELP,Cybin Inc. Common Stock,13.02,-5.033,807032696,1850479,Canada,Health Care,Biotechnology: Pharmaceutical Preparations,false,false,0.466590
CNL,Collective Mining Ltd. Common Shares,13.23,-3.289,1226986014,263883,United States,Uncategorized,Uncategorized,true,false,0.466578
FPI,Farmland Partners Inc. Common Stock,10.79,-1.19,470775490,697763,United States,Real Estate,Real Estate Investment Trusts,true,false,0.466443
YELP,Yelp Inc. Common Stock,17.73,-6.487,962094000,1818088,United States,Consumer Discretionary,Other Consumer Services,true,false,0.466423
TROX,Tronox Holdings plc Ordinary Shares (UK),4.3,-2.273,686710125,1437705,United States,Basic Materials,Major Chemicals,true,false,0.466305
PSTL,Postal Realty Trust Inc. Class A Common Stock,23.4,-2.256,707823628,249756,United States,Real Estate,Real Estate Investment Trusts,true,false,0.466126
ALLT,Allot Ltd. Ordinary Shares,8.47,1.925,414378649,434240,Israel,Telecommunications,Computer Communications Equipment,false,false,0.465855
NTGR,NETGEAR Inc. Common Stock,22.24,-0.626,604461427,205691,United States,Utilities,Telecommunications Equipment,true,false,0.465792
EBF,Ennis Inc. Common Stock,22.11,0.136,559344794,186993,United States,Consumer Discretionary,Office Equipment/Supplies/Services,true,false,0.465754
PICS,PicS N.V. Class A Common Shares,9.3,-2.72,1205164150,307469,Brazil,Finance,Finance: Consumer Services,false,false,0.465280
RZC,Reinsurance Group of America Incorporated 7.125% Fixed-Rate Reset Subordinated Debentures due 2052,25.45,-0.313,1661927374,33504,United States,Finance,Life Insurance,true,false,0.465117
STLN,Starling Oncology Inc. Common Stock,6.82,-3.262,695067904,1115400,United States,Health Care,Medical/Nursing Services,true,false,0.465074
LXU,LSB Industries Inc. Common Stock,10.27,-2.284,739414366,505308,United States,Basic Materials,Major Chemicals,true,false,0.464781
SVCO,Silvaco Group Inc. Common Stock,8.26,2.736,279896361,566181,United States,Technology,Computer Software: Prepackaged Software,true,false,0.464657
SHIP,Seanergy Maritime Holdings Corp. Common Stock,17.56,-1.514,380493557,553495,Greece,Consumer Discretionary,Marine Transportation,false,false,0.463859
IIIV,i3 Verticals Inc. Class A Common Stock,15.1,-0.33,397462336,451402,United States,Technology,Computer Software: Prepackaged Software,true,false,0.463857
FDUS,Fidus Investment Corporation Common Stock,19.08,-1.166,724169265,203855,United States,Finance,Finance/Investors Services,true,false,0.463838
REAL,The RealReal Inc. Common Stock,9.155,-7.525,1113899058,3450398,United States,Consumer Discretionary,Other Specialty Stores,true,false,0.463704
ROCK,Gibraltar Industries Inc. Common Stock,40.24,-5.54,1194479693,445946,United States,Industrials,Steel/Iron Ore,true,false,0.463620
MCBS,MetroCity Bankshares Inc. Common Stock,34.45,-1.852,991513339,78293,United States,Finance,Major Banks,true,false,0.463234
VCRE,Vicore Pharma Holding AB American Depositary Shares,9.8,-3.543,2758950811,101711,Sweden,Health Care,Biotechnology: Pharmaceutical Preparations,false,false,0.463168
DTG,DTE Energy Company 2021 Series E 4.375% Junior Subordinated Debentures,15.61,-1.576,3248254757,21780,United States,Utilities,Electric Utilities: Central,true,false,0.463149
BCBP,BCB Bancorp Inc. (NJ) Common Stock,8.69,0.231,362823333,743364,United States,Finance,Savings Institutions,true,false,0.462974
TOP,TOP Financial Group Limited Class A Ordinary Shares,15,-2.597,1885582695,89479,Hong Kong,Finance,Investment Bankers/Brokers/Service,false,false,0.462948
TATT,TAT Technologies Ltd. Ordinary Shares,38.17,0.315,495566339,110539,Israel,Industrials,Aerospace,false,false,0.462903
EU,enCore Energy Corp. Common Shares,1.22,0.826,237022785,7491752,United States,Basic Materials,Other Metals and Minerals,true,false,0.462596
GOOS,Canada Goose Holdings Inc. Subordinate Voting Shares,7.52,-1.312,734415984,506243,,Consumer Discretionary,Apparel,false,false,0.462558
SHBI,Shore Bancshares Inc Common Stock,22.74,-1.13,758885556,147154,United States,Finance,Major Banks,true,false,0.462522
TMC,TMC the metals company Inc. Common Stock,4.065,-7.823,1793215734,4582268,Canada,Basic Materials,Metal Mining,false,false,0.462349
ENGS,Energys Group Limited Ordinary Shares,2.86,0.351,154944893,5188137,United Kingdom,Industrials,Engineering & Construction,false,false,0.462164
ORRF,Orrstown Financial Services Inc. Common Stock,41.04,-1.251,807241451,74135,United States,Finance,Major Banks,true,false,0.461893
DQ,DAQO New Energy Corp. American Depositary Shares each representing five ordinary shares,11.91,-3.249,805903692,461404,China,Technology,Semiconductors,false,false,0.461786
GRPN,Groupon Inc. Common Stock,20.04,-5.827,814932532,1507642,United States,Consumer Discretionary,Advertising,true,false,0.461754
MYGN,Myriad Genetics Inc. Common Stock,4.01,-0.249,383555076,1658059,United States,Health Care,Biotechnology: In Vitro & In Vivo Diagnostic Substances,true,false,0.461750
USAS,Americas Gold and Silver Corporation Common Shares no par value,4.85,-7.795,1640064428,4239444,Canada,Basic Materials,Metal Mining,false,false,0.461724
IRS,IRSA Inversiones Y Representaciones S.A. Global Depositary Shares (Each representing ten shares of Common Stock),15.11,-1.819,1225114448,128395,Argentina,Real Estate,Homebuilding,false,false,0.461645
XRX,Xerox Holdings Corporation Common Stock,3.47,-0.573,455661353,1676953,United States,Technology,Computer peripheral equipment,true,false,0.461640
KRNT,Kornit Digital Ltd. Ordinary Shares,15.17,-1.14,651802321,277640,Israel,Industrials,Industrial Machinery/Components,false,false,0.461515
MRAM,Everspin Technologies Inc. Common Stock,17.09,-3.337,416141654,770555,United States,Technology,Semiconductors,true,false,0.461370
VTGN,Vistagen Therapeutics Inc. Common Stock,0.3684,46.539,16348454,574960019,United States,Health Care,Biotechnology: Pharmaceutical Preparations,true,false,0.461215
ADTN,ADTRAN Holdings Inc. Common Stock,7.11,-2.469,579332804,994572,United States,Utilities,Telecommunications Equipment,true,false,0.461139
PFLT,PennantPark Floating Rate Capital Ltd. Common Stock,7.02,-1.266,696509630,553209,United States,Finance,Finance: Consumer Services,true,false,0.461091
ABXL,Abacus Global Management Inc. 9.875% Fixed Rate Senior Notes due 2028,25.3099,-0.355,1889418127,22802,United States,Finance,Investment Managers,true,false,0.461027
PCT,PureCycle Technologies Inc. Common stock,5.15,-7.871,1034659772,6812684,United States,Industrials,Major Chemicals,true,false,0.460997
BFS,Saul Centers Inc. Common Stock,29.79,-1.456,736322439,126805,United States,Real Estate,Real Estate Investment Trusts,true,false,0.460679
MAMA,Mama's Creations Inc. Common Stock,13.3,-3.623,627061338,632347,United States,Consumer Staples,Specialty Foods,true,false,0.460617
HBB,Hamilton Beach Brands Holding Company Class A Common Stock,34.58,1.527,464835841,86132,United States,Consumer Discretionary,Home Furnishings,true,false,0.460571
SLRC,SLR Investment Corp. Common Stock,11.77,-1.506,642108042,389396,United States,Finance,Finance/Investors Services,true,false,0.460494
BKSY,BlackSky Technology Inc. Class A Common Stock,22.25,-4.053,910577824,534349,United States,Technology,Radio And Television Broadcasting And Communications Equipment,true,false,0.460493
UPBD,Upbound Group Inc. Common Stock,15.99,-4.708,932207486,980685,United States,Consumer Discretionary,Diversified Commercial Services,true,false,0.460343
WNC,Wabash National Corporation Common Stock,11.76,-2.97,479069154,822307,United States,Industrials,Construction/Ag Equipment/Trucks,true,false,0.460309
NXP,Nuveen Select Tax Free Income Portfolio Common Stock,13.18,-2.226,616812309,453501,United States,Finance,Trusts Except Educational Religious and Charitable,true,false,0.460244
MPB,Mid Penn Bancorp Common Stock,35.9,-1.59,909534219,73887,United States,Finance,Major Banks,true,false,0.460227
BDN,Brandywine Realty Trust Common Stock,2.91,-1.356,508018770,2059523,United States,Real Estate,Real Estate Investment Trusts,true,false,0.460161
TITN,Titan Machinery Inc. Common Stock,24.22,0.207,569966765,134610,United States,Consumer Discretionary,Other Specialty Stores,true,false,0.460143
PXED,Phoenix Education Partners Inc. Common Stock,26.15,-0.608,942638882,72288,,Real Estate,Other Consumer Services,false,false,0.460113
FGN,F&G Annuities & Life Inc. 7.950% Senior Notes due 2053,24.37,-1.176,3073021615,11959,United States,Finance,Life Insurance,true,false,0.459936
SIND,Sinda Ltd. Common Stock,14.26,-1.315,2264358020,37593,,Basic Materials,Precious Metals,false,false,0.459690
ENJ,Entergy New Orleans LLC First Mortgage Bonds 5.0% Series due December 1 2052,18.9039,-1.951,8821155175,2093,United States,Utilities,Power Generation,true,false,0.459167
HNRG,Hallador Energy Company Common Stock,14.51,-3.716,684050110,523712,United States,Utilities,Electric Utilities: Central,true,false,0.459125
BFRG,Bullfrog AI Holdings Inc. Common Stock,0.95,58.333,17614568,191727281,United States,Health Care,Biotechnology: Pharmaceutical Preparations,true,false,0.458984
TYRA,Tyra Biosciences Inc. Common Stock,23.23,-9.151,1597200463,1102801,United States,Health Care,Biotechnology: Pharmaceutical Preparations,true,false,0.458900
TIPT,Tiptree Inc. Common Stock,17.32,-0.859,644991465,207236,United States,Finance,Property-Casualty Insurers,true,false,0.458694
TTAM,Titan America SA Common Shares,13.5,-4.119,2488893278,218704,United States,Industrials,Mining & Quarrying of Nonmetallic Minerals (No Fuels),true,false,0.458650
ELE,Elemental Royalty Corporation Common Stock,20.43,-4.666,1645003701,351817,Canada,Basic Materials,Precious Metals,false,false,0.458590
SD,SandRidge Energy Inc. Common Stock,14.03,-0.213,520166403,291183,United States,Energy,Oil & Gas Production,true,false,0.458571
ODD,ODDITY Tech Ltd. Class A Ordinary Shares,17.83,-5.059,1010188694,884062,Israel,Consumer Discretionary,Package Goods/Cosmetics,false,false,0.458414
WEST,Westrock Coffee Company Common Stock,8.08,-1.102,788829287,331902,United States,Consumer Staples,Beverages (Production/Distribution),true,false,0.458401
IAUX,i-80 Gold Corp. Common Shares,1.75,-6.417,1515327945,9364258,Canada,Basic Materials,Precious Metals,false,false,0.458396
WASH,Washington Trust Bancorp Inc. Common Stock,38.24,-1.722,729402035,101040,United States,Finance,Major Banks,true,false,0.458364
CSV,Carriage Services Inc. Common Stock,31.72,-0.439,503786429,139663,United States,Consumer Discretionary,Other Consumer Services,true,false,0.458350
STOK,Stoke Therapeutics Inc. Common Stock,26.11,-10.582,1684780179,1201739,United States,Health Care,Biotechnology: Pharmaceutical Preparations,true,false,0.458229
OFRM,Once Upon a Farm PBC Common Stock,16.18,-0.979,679408766,209532,,Consumer Staples,Packaged Foods,false,false,0.457873
GOOD,Gladstone Commercial Corporation Real Estate Investment Trust,12.57,-1.566,608482288,371185,United States,Real Estate,Real Estate,true,false,0.457750
RPC,Ridgepost Capital Inc. Class A Common Stock,7.72,-2.525,851040757,475788,United States,Finance,Investment Managers,true,false,0.457595
NGVC,Natural Grocers by Vitamin Cottage Inc. Common Stock,29.66,-1.396,683547771,128624,United States,Consumer Staples,Food Chains,true,false,0.457530
FUBO,FuboTV Inc. Class A Common Stock,9.63,-4.936,1051565136,1437259,United States,Consumer Discretionary,Movies/Entertainment,true,false,0.457392
NAK,Northern Dynasty Minerals Ltd. Common Stock,1.41,-2.759,792591543,3018915,Canada,Basic Materials,Precious Metals,false,false,0.456890
OABI,OmniAb Inc. Common Stock,4.79,-2.642,696420006,1050926,United States,Health Care,Biotechnology: Commercial Physical & Biological Resarch,true,false,0.456695
AMCX,AMC Global Media Inc. Class A Common Stock,12,-0.662,494999652,384419,United States,Telecommunications,Cable & Other Pay Television Services,true,false,0.456690
KRO,Kronos Worldwide Inc Common Stock,8.43,-1.748,970272060,270040,United States,Basic Materials,Major Chemicals,true,false,0.456432
MATV,Mativ Holdings Inc. Common Stock,12.29,-2.15,678286304,372624,United States,Basic Materials,Paper,true,false,0.456419
AFGD,American Financial Group Inc. 5.625% Subordinated Debentures due 2060,21.47,0.14,1780323875,20492,United States,Finance,Property-Casualty Insurers,true,false,0.456395
MNKD,MannKind Corporation Common Stock,3.34,-4.298,1073958577,2877470,United States,Health Care,Biotechnology: Pharmaceutical Preparations,true,false,0.456350
LEGH,Legacy Housing Corporation Common Stock (TX),28.94,-0.138,688281120,83486,United States,Consumer Discretionary,Homebuilding,true,false,0.456322
MSBI,Midland States Bancorp Inc. Common Stock,32.39,-1.49,672160908,118266,United States,Finance,Major Banks,true,false,0.456313
TGLS,Tecnoglass Holdings Inc. Common Stock,35.24,-4.705,1563409068,209981,Colombia,Consumer Discretionary,Electronic Components,false,false,0.455873
CIMN,Chimera Investment Corporation 9.000% Senior Notes due 2029,25.1756,-0.017,2027408590,14337,United States,Real Estate,Real Estate Investment Trusts,true,false,0.455849
GDOT,Green Dot Corporation Class A Common Stock $0.001 par value,13.02,-1.438,741947031,238933,United States,Finance,Finance: Consumer Services,true,false,0.455731
TCBX,Third Coast Bancshares Inc. Common Stock,42.93,-1.446,714997862,78100,United States,Finance,Banks,true,false,0.455579
CDLR,Cadeler A/S American Depositary Share (each representing four (4) Ordinary Shares),24.58,-3.683,2371744773,42068,,Consumer Discretionary,Marine Transportation,false,false,0.455372
CGBD,Carlyle Secured Lending Inc. Common Stock,11.22,-2.18,771987399,326582,United States,Finance,Finance: Consumer Services,true,false,0.455317
RZLT,Rezolute Inc. Common Stock (NV),4,-0.99,385169324,1683290,United States,Health Care,Biotechnology: Pharmaceutical Preparations,true,false,0.455060
NX,Quanex Building Products Corporation Common Stock,19.83,-4.017,908733705,519606,United States,Industrials,Metal Fabrications,true,false,0.455017
FDMT,4D Molecular Therapeutics Inc. Common Stock,15,-5.542,828663165,1465494,United States,Health Care,Biotechnology: Biological Products (No Diagnostic Substances),true,false,0.454410
BSVN,Bank7 Corp. Common stock,55.1,1.027,524874666,43210,United States,Finance,Major Banks,true,false,0.454233
INNV,InnovAge Holding Corp. Common Stock,9,-15.533,1228062825,6584812,United States,Health Care,Medical/Nursing Services,true,false,0.454189
GDRX,GoodRx Holdings Inc. Class A Common Stock,3.32,-3.488,1132602688,849126,United States,Technology,EDP Services,true,false,0.453780
CADL,Candel Therapeutics Inc. Common Stock,11.29,-4.726,863894599,1287846,United States,Health Care,Biotechnology: Biological Products (No Diagnostic Substances),true,false,0.453752
VTEX,VTEX Class A Common Shares,3.61,-0.551,624506459,814731,United Kingdom,Technology,Computer Software: Prepackaged Software,false,false,0.453583
ABR,Arbor Realty Trust Common Stock,4.19,-4.556,781678200,3710014,United States,Real Estate,Real Estate Investment Trusts,true,false,0.453566
VKQ,Invesco Municipal Trust Common Stock,8.96,-1.969,495806214,676620,United States,Finance,Trusts Except Educational Religious and Charitable,true,false,0.453386
SHOE,Shoe Station Group Inc. Common Stock,13.11,-2.018,356379815,701239,United States,Consumer Discretionary,Clothing/Shoe/Accessory Stores,true,false,0.453230
HQH,abrdn Healthcare Investors Shares of Beneficial Interest,21.6,-1.952,1022624482,93441,United States,Finance,Finance Companies,true,false,0.453196
NCI,Neo-Concept International Group Holdings Limited Class A Ordinary Shares,14.6,2.027,34518517,1658266,Hong Kong,Consumer Discretionary,Apparel,false,false,0.452814
BW,Babcock & Wilcox Enterprises Inc. Common Stock,6.64,-9.537,989128038,6149657,United States,Industrials,Building Products,true,false,0.452294
UHT,Universal Health Realty Income Trust Common Stock,38.4,-1.361,533709466,116808,United States,Real Estate,Real Estate Investment Trusts,true,false,0.452073
TSSI,TSS Inc. Common Stock,9.28,-0.215,261872970,885236,United States,Consumer Discretionary,Professional Services,true,false,0.452054
JANX,Janux Therapeutics Inc. Common Stock,16.52,-5.438,1009979490,967552,United States,Health Care,Biotechnology: Pharmaceutical Preparations,true,false,0.451908
WHLR,Wheeler Real Estate Investment Trust Inc. Common Stock,5.44,190.909,3091068,92828340,United States,Real Estate,Real Estate Investment Trusts,true,false,0.451749
BCX,BlackRock Resources Common Shares of Beneficial Interest,12.29,-0.727,1042904943,107903,United States,Finance,Finance/Investors Services,true,false,0.451733
GJS,Goldman Sachs Group Securities STRATS Trust for Goldman Sachs Group Securities Series 2006-2,23.3346,0,7281306019,275,United States,Finance,Finance: Consumer Services,true,false,0.451715
ARQQ,Arqit Quantum Inc. Ordinary Shares,22.54,-2.17,543001786,237539,United Kingdom,Technology,Computer Software: Prepackaged Software,false,false,0.451365
VOR,Vor Biopharma Inc. Common Stock,19.37,-11.955,1145973635,2764338,United States,Health Care,Biotechnology: Biological Products (No Diagnostic Substances),true,false,0.451215
INDI,indie Semiconductor Inc. Class A Common Stock,3.07,-4.063,711653271,4361765,United States,Technology,Semiconductors,true,false,0.450694
SVRA,Savara Inc. Common Stock,5,-5.66,1027300075,3353920,United States,Health Care,Biotechnology: Pharmaceutical Preparations,true,false,0.450436
SSYS,Stratasys Ltd. Ordinary Shares (Israel),8.03,-1.351,691965488,359010,United States,Technology,Computer peripheral equipment,true,false,0.450340
DHCNL,Diversified Healthcare Trust 6.25% Senior Notes Due 2046,18.755,-0.398,4527726266,2803,United States,Real Estate,Real Estate Investment Trusts,true,false,0.449924
CASS,Cass Information Systems Inc Common Stock,54.03,-1.441,691916230,54275,United States,Consumer Discretionary,Business Services,true,false,0.449819
AEBI,Aebi Schmidt Holding AG Common Stock,11.6,-3.414,900152854,301990,Switzerland,Industrials,Auto Manufacturing,false,false,0.449789
FLXS,Flexsteel Industries Inc. Common Stock,85.23,1.271,348739085,40969,United States,Consumer Discretionary,Home Furnishings,true,false,0.449688
PRE,Prenetics Global Limited Class A Ordinary Share,22.71,-0.83,384655621,245779,Hong Kong,Finance,Blank Checks,false,false,0.449514
NMFC,New Mountain Finance Corporation Common Stock,7.06,-0.563,666833873,333835,United States,Finance,Finance/Investors Services,true,false,0.449305
AFGC,American Financial Group Inc. 5.125% Subordinated Debentures due 2059,18.67,0.484,1548143770,21434,United States,Finance,Property-Casualty Insurers,true,false,0.449275
BBSI,Barrett Business Services Inc. Common Stock,32.61,-1.954,790309220,80186,United States,Consumer Discretionary,Professional Services,true,false,0.449124
METC,Ramaco Resources Inc. Class A Common Stock,9.28,-4.33,590980783,1933980,United States,Energy,Coal Mining,true,false,0.449091
MDXG,MiMedx Group Inc Common Stock,4.77,-3.245,695277432,1003296,United States,Health Care,Medical/Dental Instruments,true,false,0.449065
KMPB,Kemper Corporation 5.875% Fixed-Rate Reset Junior Subordinated Debentures due 2062,24.79,-0.04,1460704988,21341,United States,Finance,Property-Casualty Insurers,true,false,0.448721
BRBR,BellRing Brands Inc. Common Stock,8.44,-6.118,981387957,2334091,United States,Consumer Staples,Packaged Foods,true,false,0.448632
FINV,FinVolution Group American Depositary Shares,3.19,-2.147,753139866,949313,United States,Finance,Finance: Consumer Services,true,false,0.448626
HPP,Hudson Pacific Properties Inc. Common Stock,11.69,-3.228,634401582,464297,United States,Finance,Real Estate,true,false,0.448593
MOMO,Hello Group Inc. American Depositary Shares,4.93,-1.988,728394687,620707,China,Technology,Computer Software: Prepackaged Software,false,false,0.448371
FLGT,Fulgent Genetics Inc. Common Stock,21.27,-1.755,585250282,190352,United States,Health Care,Medical Specialities,true,false,0.448298
TRNI,Trinity Capital Inc. 7.875% Notes Due 2029,25.01,-0.04,1758557142,14480,United States,Finance,Finance: Consumer Services,true,false,0.448117
CLB,Core Laboratories Inc. Common Stock,10.63,-2.834,487752681,644425,Netherlands,Energy,Oilfield Services/Equipment,false,false,0.448057
EBS,Emergent BioSolutions Inc. Common Stock,6.67,-1.331,341993151,1055108,United States,Health Care,Biotechnology: Pharmaceutical Preparations,true,false,0.447826
CCSI,Consensus Cloud Solutions Inc. Common Stock,35.8,-1.837,656032208,94883,United States,Technology,Computer Software: Prepackaged Software,true,false,0.447801
BWFG,Bankwell Financial Group Inc. Common Stock,65.46,-1.058,521845287,57906,United States,Finance,Major Banks,true,false,0.447767
CCB,Coastal Financial Corporation Common Stock,43.91,-2.617,671222619,94673,United States,Finance,Major Banks,true,false,0.447524
HCTI,Healthcare Triangle Inc. Common Stock,0.9111,5.366,13643105,54415859,United States,Technology,EDP Services,true,false,0.447442
VLRS,Controladora Vuela Compania de Aviacion S.A.B. de C.V. American Depositary Shares each representing ten (10) Ordinary Participation Certificates,6.73,-2.886,781998548,505539,,Consumer Discretionary,Air Freight/Delivery Services,false,false,0.447222
YALA,Yalla Group Limited American Depositary Shares each representing one Class A Ordinary Share,5.46,-1.799,828986269,408965,United Arab Emirates,Technology,Computer Software: Programming Data Processing,false,false,0.446932
ADUR,Aduro Clean Technologies Inc. Common Stock,12.68,0.079,452736205,244110,Canada,Industrials,Major Chemicals,false,false,0.446548
DNUT,Krispy Kreme Inc. Common Stock,3.02,-1.629,523970000,1403652,United States,Consumer Staples,Food Chains,true,false,0.446274
ULCC,Frontier Group Holdings Inc. Common Stock,5.84,-5.806,1344460103,1977821,United States,Consumer Discretionary,Air Freight/Delivery Services,true,false,0.446252
ASM,Avino Silver & Gold Mines Ltd. Common Shares (Canada),6.04,-6.934,1025925837,3375100,Canada,Basic Materials,Metal Mining,false,false,0.445844
BMRC,Bank of Marin Bancorp Common Stock,27.58,-1.5,446637360,175949,United States,Finance,Major Banks,true,false,0.445705
ADAM,Adamas Trust Inc. Common Stock,8.43,-4.205,757686596,1338849,United States,Real Estate,Real Estate Investment Trusts,true,false,0.445441
SSMR,Sunshine Silver Mining & Refining Company Common Stock,15.73,-7.416,2260819465,538208,,Basic Materials,Precious Metals,false,false,0.445062
SRTA,Strata Critical Medical Inc. Class A Common Stock,5.38,-1.825,475951416,895539,United States,Health Care,Medical/Nursing Services,true,false,0.445030
DBVT,DBV Technologies S.A. American Depositary Shares,12.17,-3.642,720257536,377515,France,Health Care,Biotechnology: Biological Products (No Diagnostic Substances),false,false,0.444798
HY,Hyster-Yale Inc. Class A common stock,32.89,-0.934,589730428,83996,United States,Industrials,Construction/Ag Equipment/Trucks,true,false,0.444793
KELYA,Kelly Services Inc. Class A Common Stock,16.45,-1.261,571340462,192756,United States,Consumer Discretionary,Professional Services,true,false,0.444770
LWLG,Lightwave Logic Inc. Common Stock,5.27,-4.529,812461434,2191993,United States,Industrials,Containers/Packaging,true,false,0.444760
CLDT,Chatham Lodging Trust (REIT) Common Shares of Beneficial Interest,13.08,-1.208,609078231,217981,United States,Real Estate,Real Estate Investment Trusts,true,false,0.444576
MFAO,MFA Financial Inc. 9.000% Senior Notes due 2029,25.2801,-0.158,2595475053,5692,United States,Real Estate,Real Estate Investment Trusts,true,false,0.444279
GAIN,Gladstone Investment Corporation Business Development Company,15.64,-1.013,622815564,160897,United States,Finance,Finance: Consumer Services,true,false,0.444172
DHCNI,Diversified Healthcare Trust 5.625% Senior Notes due 2042,17.8,-1.221,4297175555,3939,United States,Real Estate,Real Estate Investment Trusts,true,false,0.443842
VFF,Village Farms International Inc. Common Shares,3.035,1.846,371138911,743225,Canada,Consumer Staples,Farming/Seeds/Milling,false,false,0.443738
OCGN,Ocugen Inc. Common Stock,1,-3.846,339110401,12171431,United States,Health Care,Biotechnology: Biological Products (No Diagnostic Substances),true,false,0.443669
GLUE,Monte Rosa Therapeutics Inc. Common Stock,11.89,-5.635,1014376338,1175837,United States,Health Care,Biotechnology: Biological Products (No Diagnostic Substances),true,false,0.443535
EDN,Empresa Distribuidora Y Comercializadora Norte S.A. (Edenor) American Depositary Shares,22.69,-2.534,1026561900,80419,Argentina,Utilities,Electric Utilities: Central,false,false,0.443372
DMRA,Damora Therapeutics Inc. Ordinary Shares,20.44,-8.791,1261874008,1067240,Denmark,Health Care,Biotechnology: Pharmaceutical Preparations,false,false,0.443291
JACK,Jack In The Box Inc. Common Stock,13.46,0.448,258153782,406168,United States,Consumer Discretionary,Restaurants,true,false,0.442898
NMFCZ,New Mountain Finance Corporation 8.250% Notes due 2028,25.39,-0.039,2700504800,4535,United States,Uncategorized,Uncategorized,true,false,0.442834
QNST,QuinStreet Inc. Common Stock,14.28,-6.545,817150038,1602628,United States,Consumer Discretionary,Business Services,true,false,0.442780
USDE,StablecoinX Inc. Class A Common Stock,12.87,-4.948,349898350,2772709,United States,Finance,Finance: Consumer Services,true,false,0.442589
XFLT,XAI Floating Rate & Alternative Income Trust Common Shares of Beneficial Interest,19.42,-0.461,688798891,93827,United States,Finance,Investment Managers,true,false,0.442580
MTLS,Materialise NV American Depositary Shares,7.99,1.913,471946816,188440,Belgium,Technology,Computer Software: Prepackaged Software,false,false,0.442496
DFH,Dream Finders Homes Inc. Class A Common Stock,11.63,-5.139,1052923422,889051,United States,Consumer Discretionary,Homebuilding,true,false,0.442465
KRNY,Kearny Financial Corp Common Stock,9.34,-2.199,606440428,394078,United States,Finance,Savings Institutions,true,false,0.442359
SFB,Stifel Financial Corporation 5.20% Senior Notes due 2047,19.105,-0.443,1952022922,14411,United States,Finance,Investment Bankers/Brokers/Service,true,false,0.442217
SMTI,Sanara MedTech Inc. Common Stock,35.15,-0.368,322959430,141942,United States,Health Care,Industrial Specialties,true,false,0.442146
LBRX,LB Pharmaceuticals Inc Common Stock,39.19,-8.199,1264237068,481700,United States,Health Care,Biotechnology: Pharmaceutical Preparations,true,false,0.442046
CSHR,CoinShares PLC Ordinary Shares,5.86,-1.014,772232025,291568,Jersey,Finance,Investment Bankers/Brokers/Service,false,false,0.441999
VGZ,Vista Gold Corp Common Stock,2.74,-2.837,399961488,2686365,United States,Basic Materials,Precious Metals,true,false,0.441984
WOOF,Petco Health and Wellness Company Inc. Class A Common Stock,2.31,-3.347,661628715,1903112,United States,Consumer Discretionary,Other Specialty Stores,true,false,0.441964
JSM,Navient Corporation 6% Senior Notes due December 15 2043,17.495,-0.653,1739546010,20967,United States,Finance,Investment Bankers/Brokers/Service,true,false,0.441946
MUX,McEwen Inc. Common Stock,18.82,-6.322,1154768212,767316,Canada,Basic Materials,Precious Metals,false,false,0.441905
KTF,DWS Municipal Income Trust,8.3,-1.659,327857785,828761,United States,Finance,Finance Companies,true,false,0.441506
ACNB,ACNB Corporation Common Stock,62.87,-1.673,639383499,42766,United States,Finance,Major Banks,true,false,0.441351
HBCP,Home Bancorp Inc. Common Stock,67.17,-1.38,528678278,49537,United States,Finance,Banks,true,false,0.441342
NPB,Northpointe Bancshares Inc. Common Stock,15.53,-2.388,537056006,281249,United States,Finance,Major Banks,true,false,0.441248
BALY,Bally's Corporation Common Stock,12.21,-0.812,616232864,185200,United States,Consumer Discretionary,Hotels/Resorts,true,false,0.441241
LGIH,LGI Homes Inc. Common Stock,48.6,-6.905,1129866019,346774,United States,Consumer Discretionary,Homebuilding,true,false,0.441238
TCMD,Tactile Systems Technology Inc. Common Stock,22.43,-1.102,508090775,140872,United States,Health Care,Medical/Dental Instruments,true,false,0.441036
LBTYB,Liberty Global Ltd. Class B Common Shares,12.41,0.486,4232896694,1865,United Kingdom,Telecommunications,Cable & Other Pay Television Services,false,false,0.440924
YORW,York Water Company (The) Common Stock,30.93,-2.089,501950010,138280,United States,Utilities,Water Supply,true,false,0.440497
XMAX,XMAX Inc. Common Stock,8.71,-1.804,561999040,390411,United States,Consumer Discretionary,Home Furnishings,true,false,0.440434
ORN,Orion Group Holdings Inc. Common,9,-0.332,364457610,448902,United States,Industrials,Military/Government/Technical,true,false,0.440406
DCTH,Delcath Systems Inc. Common Stock,15.96,-2.683,553792768,279531,United States,Health Care,Medical/Dental Instruments,true,false,0.440353
LTGO,Latigo Biotherapeutics Inc. Common Stock,19.97,-4.083,1323997960,214634,United States,Health Care,Biotechnology: Pharmaceutical Preparations,true,false,0.440090
MPTI,M-tron Industries Inc. Common Stock,73.51,-1.05,319509451,79358,United States,Technology,Industrial Machinery/Components,true,false,0.440064
RERE,ATRenew Inc. American Depositary Shares (every three of which representing two Class A ordinary shares),3.98,-1.241,872674684,356276,Cayman Islands,Consumer Discretionary,Other Specialty Stores,false,false,0.439905
IIIN,Insteel Industries Inc. Common Stock,29.53,-1.861,571649034,110402,United States,Industrials,Steel/Iron Ore,true,false,0.439669
NGS,Natural Gas Services Group Inc. Common Stock,33.18,-0.36,427965096,94071,United States,Energy,Oilfield Services/Equipment,true,false,0.439583
ZURA,Zura Bio Limited Class A Ordinary Shares,4.33,-3.991,414940163,2062402,Cayman Islands,Health Care,Biotechnology: Biological Products (No Diagnostic Substances),false,false,0.439528
OPFI,OppFi Inc. Class A Common Stock,6.28,-2.181,535107791,638613,United States,Finance,Finance: Consumer Services,true,false,0.439480
RNGR,Ranger Energy Services Inc. Class A Common Stock,15.65,0.773,366241660,169135,United States,Energy,Oilfield Services/Equipment,true,false,0.438988
AROW,Arrow Financial Corporation Common Stock,36.97,-1.308,684822039,56931,United States,Finance,Major Banks,true,false,0.438789
MGR,Affiliated Managers Group Inc. 5.875% Junior Subordinated Notes due 2059,19.57,0.41,556024073,85284,United States,Finance,Investment Managers,true,false,0.438346
IPI,Intrepid Potash Inc Common Stock,36.72,-1.317,494129069,89306,United States,Industrials,Mining & Quarrying of Nonmetallic Minerals (No Fuels),true,false,0.438279
PFIS,Peoples Financial Services Corp. Common Stock,68.51,-1.75,685810243,34043,United States,Finance,Major Banks,true,false,0.438264
GSM,Ferroglobe PLC Ordinary Shares,4.19,-2.784,782945566,585965,United Kingdom,Basic Materials,Metal Mining,false,false,0.437794
RWTN,Redwood Trust Inc. 9.125% Senior Notes Due 2029,24.105,-0.186,3114931600,2877,United States,Real Estate,Real Estate Investment Trusts,true,false,0.437746
OXLCL,Oxford Lane Capital Corp. 6.75% Notes due 2031,23.9308,-0.302,4154386880,1331,United States,Finance,Finance Companies,true,false,0.437385
ANGX,Angel Studios Inc. Class A Common Stock,4.85,-4.902,905768147,2045840,United States,Consumer Discretionary,Movies/Entertainment,true,false,0.437311
BHB,Bar Harbor Bankshares Inc. Common Stock,39.41,-1.794,660751213,60496,United States,Finance,Major Banks,true,false,0.437085
GLAD,Gladstone Capital Corporation Common Stock,19.22,-0.723,434238786,163962,United States,Consumer Discretionary,Textiles,true,false,0.437074
DGXX,Digi Power X Inc. Subordinate Voting Shares,4.22,-3.211,427879958,1573476,Canada,Finance,Finance: Consumer Services,false,false,0.437067
RWTO,Redwood Trust Inc. 9.00% Senior Notes Due 2029,23.59,-0.042,3048381516,2682,United States,Real Estate,Real Estate Investment Trusts,true,false,0.437038
FBIZ,First Business Financial Services Inc. Common Stock,69.32,-1.31,580091942,35605,United States,Finance,Major Banks,true,false,0.436853
GTN,Gray Media Inc. Common Stock,4.58,-1.505,471668474,772317,United States,Industrials,Broadcasting,true,false,0.436736
VGM,Invesco Trust for Investment Grade Municipals Common Stock (DE),9.32,-3.52,505441942,614575,United States,Finance,Trusts Except Educational Religious and Charitable,true,false,0.436729
BOBS,Bob's Discount Furniture Inc. Common Stock,13.57,-11.249,1773423621,1489679,,Consumer Discretionary,Other Specialty Stores,false,false,0.436562
VEL,Velocity Financial Inc. Common Stock,15.82,-2.826,624596650,221245,United States,Finance,Finance: Consumer Services,true,false,0.436509
CERS,Cerus Corporation Common Stock,2.6,-2.622,523964735,1635883,United States,Health Care,Medical/Dental Instruments,true,false,0.436404
LAND,Gladstone Land Corporation Common Stock,9.53,-2.005,411091541,500853,United States,Real Estate,Real Estate Investment Trusts,true,false,0.436299
GEMI,Gemini Space Station Inc. Class A Common Stock,5.63,-5.378,729941897,2913482,United States,Finance,Finance: Consumer Services,true,false,0.436224
ADV,Advantage Solutions Inc. Class A Common Stock,33.54,1.498,430057594,48186,United States,Consumer Discretionary,Business Services,true,false,0.436187
EGHT,8x8 Inc Common Stock,2.29,15.075,330757297,4698923,United States,Technology,EDP Services,true,false,0.436079
ZBIO,Zenas BioPharma Inc. Common Stock,29.63,-10.348,1931186302,525173,United States,Health Care,Biotechnology: Pharmaceutical Preparations,true,false,0.436066
PDEX,Pro-Dex Inc. Common Stock,71.94,-0.649,230447848,96390,United States,Health Care,Medical/Dental Instruments,true,false,0.435932
TASK,TaskUs Inc. Class A Common Stock,8.41,-2.775,771087847,283026,United States,Technology,EDP Services,true,false,0.435853
ASIX,AdvanSix Inc. Common Stock,16.53,-1.136,446329605,200414,United States,Industrials,Major Chemicals,true,false,0.435827
VLGEA,Village Super Market Inc. Class A Common Stock,44.66,-1.151,661391868,43238,United States,Consumer Staples,Food Chains,true,false,0.435680
CUB,Lionheart Holdings Class A Ordinary Shares,10.89,0.092,345959793,299978,United States,Industrials,Industrial Machinery/Components,true,false,0.435507
CGEM,Cullinan Therapeutics Inc. Common Stock,16.87,-22.15,1085663688,2595585,United States,Health Care,Biotechnology: Biological Products (No Diagnostic Substances),true,false,0.435183
WYFI,WhiteFiber Inc. Ordinary Shares,19.05,-5.833,740056648,971770,United States,Finance,Finance: Consumer Services,true,false,0.435136
PSNY,Polestar Automotive Holding UK PLC Class A ADS,7.18,-3.624,1179531326,216013,Sweden,Industrials,Auto Manufacturing,false,false,0.434898
GERN,Geron Corporation Common Stock,1.24,-5.344,796667027,10925306,United States,Health Care,Biotechnology: Pharmaceutical Preparations,true,false,0.434797
SUPV,Grupo Supervielle S.A. American Depositary Shares each Representing five Class B shares,7.61,-3.914,695131371,516686,,Finance,Commercial Banks,false,false,0.434723
TRAX,First Tracks Biotherapeutics Inc. Ordinary Shares,36.66,-10.651,1309892704,659464,United States,Health Care,Biotechnology: Pharmaceutical Preparations,true,false,0.434722
SIM,Grupo Simec S.A.B. de C.V. American Depositary Shares,27.45,0,4554039299,533,Mexico,Industrials,Steel/Iron Ore,false,false,0.434362
BLW,Blackrock Limited Duration Income Trust,11.68,-1.101,417107435,287842,United States,Consumer Discretionary,Other Consumer Services,true,false,0.433650
EMBC,Embecta Corp. Common Stock,5.58,-0.179,316160562,692078,United States,Health Care,Medical/Dental Instruments,true,false,0.433445
BKTI,BK Technologies Corporation Common Stock,74.5,1.333,280819481,38000,United States,Technology,Radio And Television Broadcasting And Communications Equipment,true,false,0.433427
BRVE,Braveheart Bio Inc. Common Stock,21.46,-9.106,1932236275,521841,United States,Health Care,Biotechnology: Pharmaceutical Preparations,true,false,0.433427
FTH,Faeth Therapeutics Inc. Common Stock,31.55,-5.539,815265409,435061,United States,Health Care,Biotechnology: Pharmaceutical Preparations,true,false,0.433332
FIRY,Firy Inc. Class A Common Stock,13.1,3.968,217751567,417391,United States,Technology,EDP Services,true,false,0.433303
CHMG,Chemung Financial Corp Common Stock,81.22,-0.915,391599956,42939,United States,Finance,Major Banks,true,false,0.433099
WAFDP,WaFd Inc. Depositary Shares,16.28,-0.245,1204642475,26967,United States,Finance,Major Banks,true,false,0.433051
HEPS,D-Market Electronic Services & Trading American Depositary Shares,2.52,-1.563,900207504,486393,Turkey,Consumer Discretionary,Catalog/Specialty Distribution,false,false,0.432932
PKOH,Park-Ohio Holdings Corp. Common Stock,46.81,-0.763,678277368,32109,United States,Industrials,Industrial Specialties,true,false,0.432812
REI,Ring Energy Inc. Common Stock,1.33,-0.746,346517677,2945404,United States,Energy,Oil & Gas Production,true,false,0.432742
CDZI,CADIZ Inc. Common Stock,3.82,3.523,323466427,840354,United States,Utilities,Water Supply,true,false,0.432685
SAFE,Safehold Inc. New Common Stock,12.91,-4.015,914238175,443428,United States,Real Estate,Real Estate Investment Trusts,true,false,0.432586
DSX,Diana Shipping inc. common stock,2.88,-1.37,358311459,1525249,Greece,Consumer Discretionary,Marine Transportation,false,false,0.432452
GYRE,Gyre Therapeutics Inc. Common Stock,7.4,-1.202,825172883,164565,United States,Health Care,Biotechnology: Pharmaceutical Preparations,true,false,0.432366
FVR,FrontView REIT Inc. Common Stock,18.02,-1.098,440696273,166898,United States,Real Estate,Real Estate Investment Trusts,true,false,0.432285
GRRR,Gorilla Technology Group Inc. Ordinary shares,14.07,-2.292,390547659,353781,Taiwan,Technology,Computer Software: Prepackaged Software,false,false,0.431753
MGRT,Mega Fortune Company Limited Ordinary Shares,120,0.418,1650000000,1493,Hong Kong,Technology,EDP Services,false,false,0.431610
RAPP,Rapport Therapeutics Inc. Common Stock,34.13,-17.7,1637498901,745601,United States,Health Care,Biotechnology: Pharmaceutical Preparations,true,false,0.431554
LSAK,Lesaka Technologies Inc. Common Stock,4.21,-0.473,361319436,769138,South Africa,Finance,Investment Bankers/Brokers/Service,false,false,0.431439
CAL,Caleres Inc. Common Stock,12.36,-3.362,426481516,481637,United States,Consumer Discretionary,Shoe Manufacturing,true,false,0.431280
TMQ,Trilogy Metals Inc. Common Stock,3.31,-3.499,571788065,1266052,Canada,Basic Materials,Precious Metals,false,false,0.431259
SMC,Summit Midstream Corporation Common Stock,31.35,-1.229,636658465,58312,United States,Utilities,Natural Gas Distribution,true,false,0.431178
ALMS,Alumis Inc. Common Stock,7.44,-8.261,962998178,2695017,United States,Health Care,Biotechnology: Pharmaceutical Preparations,true,false,0.431123
DDI,DoubleDown Interactive Co. Ltd. American Depository Shares,13,-0.763,644194720,116588,South Korea,Technology,EDP Services,false,false,0.431035
BCAX,Bicara Therapeutics Inc. Common Stock,20.485,-10.075,1355552553,954781,United States,Health Care,Biotechnology: Pharmaceutical Preparations,true,false,0.430994
SKYH,Sky Harbour Group Corporation Class A Common Stock,9.95,-1.485,812213605,131434,United States,Finance,Real Estate,true,false,0.430638
WLYB,John Wiley & Sons Inc. Common Stock,47.76,1.294,2420664497,917,United States,Consumer Discretionary,Books,true,false,0.430503
EVER,EverQuote Inc. Class A Common Stock,17.63,-9.821,621276810,2638539,United States,Technology,Computer Software: Programming Data Processing,true,false,0.430445
HTZ,Hertz Global Holdings Inc Common Stock,1.74,-5.946,620225424,12430237,United States,Consumer Discretionary,Rental/Leasing Companies,true,false,0.430384
DGICA,Donegal Group Inc. Class A Common Stock,18.13,-2.422,672972583,126603,United States,Finance,Property-Casualty Insurers,true,false,0.430367
STRT,STRATTEC SECURITY CORPORATION Common Stock,66.98,-0.564,266916171,71911,United States,Consumer Discretionary,Auto Parts:O.E.M.,true,false,0.430319
SILC,Silicom Ltd Ordinary Shares,48.58,-2.017,279218942,141324,Israel,Telecommunications,Computer Communications Equipment,false,false,0.430240
ARTL,Artelo Biosciences Inc. Common Stock,7.31,76.145,4004228,25131040,United States,Health Care,Biotechnology: Pharmaceutical Preparations,true,false,0.430024
BME,Blackrock Health Sciences Trust,44.62,-0.822,594919263,39008,United States,Finance,Trusts Except Educational Religious and Charitable,true,false,0.430007
FULC,Fulcrum Therapeutics Inc. Common Stock,3.81,-0.781,290692549,1194432,United States,Health Care,Biotechnology: Pharmaceutical Preparations,true,false,0.429708
MOVE,Corvex Inc. Common Stock,11.42,4.675,360326981,207363,United States,Technology,EDP Services,true,false,0.429526
GCO,Genesco Inc. Common Stock,34.16,-2.623,369616392,160386,United States,Consumer Discretionary,Clothing/Shoe/Accessory Stores,true,false,0.429253
ITRG,Integra Resources Corp. Common Shares,2.79,-3.125,566015865,1272757,,Basic Materials,Precious Metals,false,false,0.429099
BSTZ,BlackRock Science and Technology Term Trust Common Shares of Beneficial Interest,29.6,-1.07,655871768,51859,United States,Finance,Trusts Except Educational Religious and Charitable,true,false,0.429083
ASYS,Amtech Systems Inc. Common Stock,15.43,0.85,270149998,195980,United States,Technology,Industrial Machinery/Components,true,false,0.429002
ACB,Aurora Cannabis Inc. Common Shares,4.22,-1.171,261458219,1351597,Canada,Health Care,Medicinal Chemicals and Botanical Products,false,false,0.428785
IDR,Idaho Strategic Resources Inc. Common Stock,30.02,-3.286,475101623,153742,United States,Basic Materials,Precious Metals,true,false,0.428759
GOTU,Gaotu Techedu Inc. American Depositary Shares,2.32,0.87,553185073,476417,China,Real Estate,Other Consumer Services,false,false,0.428584
GUT,Gabelli Utility Trust (The) Common Stock,6.01,-0.988,441128164,419873,United States,Finance,Trusts Except Educational Religious and Charitable,true,false,0.428418
LOCO,El Pollo Loco Holdings Inc. Common Stock,14.28,-0.902,434582340,176695,United States,Consumer Discretionary,Restaurants,true,false,0.428405
TRNZ,Trinity Capital Inc. 7.875% Notes due 2029,25.02,-0.16,1759260283,6863,United States,Finance,Finance: Consumer Services,true,false,0.427930
SLNH,Soluna Holdings Inc. Common Stock,1.24,-3.125,305910538,6169977,United States,Technology,EDP Services,true,false,0.427693
RGC,Regencell Bioscience Holdings Limited Ordinary Shares,5.98,-4.013,2957043670,134484,Hong Kong,Health Care,Medicinal Chemicals and Botanical Products,false,false,0.427540
IA,Innovative Solutions and Support Inc. Common Stock,18.13,0,324512006,156975,United States,Technology,EDP Services,true,false,0.427172
BNED,Barnes & Noble Education Inc Common Stock,11.21,0.719,388594426,162976,United States,Consumer Discretionary,Other Specialty Stores,true,false,0.427111
AMRC,Ameresco Inc. Class A Common Stock,22.73,-6.152,1206194976,399839,United States,Consumer Discretionary,Engineering & Construction,true,false,0.426876
PDLB,Ponce Financial Group Inc. Common Stock,20.18,-1.272,488111842,115087,United States,Finance,Savings Institutions,true,false,0.426725
QUIK,QuickLogic Corporation Common Stock,11.23,2.277,205708231,229718,United States,Technology,Semiconductors,true,false,0.426624
KIDS,OrthoPediatrics Corp. Common Stock,22.33,-1.889,583031566,99043,United States,Health Care,Medical/Dental Instruments,true,false,0.426621
GAINZ,Gladstone Investment Corporation 4.875% Notes due 2028,24.195,-0.165,924714270,22814,United States,Finance,Finance: Consumer Services,true,false,0.426545
CRVS,Corvus Pharmaceuticals Inc. Common Stock,12.54,-6.696,1054876638,946788,United States,Health Care,Biotechnology: Pharmaceutical Preparations,true,false,0.426496
AVBC,Avidia Bancorp Inc. Common Stock,21.63,-0.689,431957719,106122,United States,Finance,Banks,true,false,0.426437
JILL,J. Jill Inc. Common Stock,24.15,-1.629,358940895,166146,United States,Consumer Discretionary,Apparel,true,false,0.426304
RJET,Republic Airways Holdings Inc. Common Stock,18.72,-2.905,876461040,80982,United States,Consumer Discretionary,Air Freight/Delivery Services,true,false,0.426077
CBNK,Capital Bancorp Inc. Common Stock,35.62,-0.918,580266043,45317,United States,Finance,Major Banks,true,false,0.425864
HCXY,Hercules Capital Inc. 6.25% Notes due 2033,25,-0.517,4541892075,428,United States,Finance,Investment Managers,true,false,0.425735
NXDR,Nextdoor Holdings Inc. Class A Common Stock,2.38,-4.8,920699197,2908958,United States,Technology,Computer Software: Programming Data Processing,true,false,0.425734
CIVB,Civista Bancshares Inc. Common Stock,26.59,-1.628,552918788,79467,United States,Finance,Major Banks,true,false,0.425714
TRT,Trio-Tech International Common Stock,11.45,1.868,117917241,435107,Singapore,Technology,Industrial Machinery/Components,false,false,0.425709
RLGT,Radiant Logistics Inc. Common Stock,8.67,-0.345,406573321,255187,United States,Industrials,Integrated Freight & Logistics,true,false,0.425660
JCAP,Jefferson Capital Inc. Common Stock,19.08,-4.072,1095679227,197053,United States,Finance,Finance Companies,true,false,0.425618
GLIBA,Liberty Capital Corporation Series A GCI Group Common Stock,23.44,-3.698,935373059,74089,United States,Telecommunications,Cable & Other Pay Television Services,true,false,0.425610
ELVR,Elevra Lithium Limited American Depository Shares,43.9,-1.37,743564020,28388,Australia,Industrials,Mining & Quarrying of Nonmetallic Minerals (No Fuels),false,false,0.425573
NRIM,Northrim BanCorp Inc Common Stock,24.53,-2.271,545664110,104008,United States,Finance,Savings Institutions,true,false,0.425567
MSS,Maison Solutions Inc. Class A Common Stock,2.1,34.615,1796212,95246329,United States,Consumer Staples,Food Chains,true,false,0.425361
PANL,Pangaea Logistics Solutions Ltd. Common Shares,8.22,-1.909,538194406,283844,United States,Consumer Discretionary,Marine Transportation,true,false,0.425266
XRN,Chiron Real Estate Inc. Common Stock,35.57,-2.655,470869613,99588,United States,Real Estate,Real Estate Investment Trusts,true,false,0.425098
ADAMI,Adamas Trust Inc. 9.125% Senior Notes Due 2029,25.05,0,2269015197,2967,United States,Real Estate,Real Estate Investment Trusts,true,false,0.425050
CARS,Cars.com Inc. Common Stock,10.35,-4.167,554063590,944008,United States,Technology,EDP Services,true,false,0.424975
EOLS,Evolus Inc. Common Stock,8,-3.03,528403520,415985,United States,Health Care,Biotechnology: Pharmaceutical Preparations,true,false,0.424770
BOC,Boston Omaha Corporation Class A Common Stock,13.38,-0.815,403093453,181534,United States,Finance,Real Estate,true,false,0.424697
RBB,RBB Bancorp Common Stock,26.28,-1.904,444551534,114470,United States,Finance,Major Banks,true,false,0.424690
NRC,NRC Health Common Stock,21.57,-1.327,477119039,105987,United States,Health Care,Biotechnology: Commercial Physical & Biological Resarch,true,false,0.424601
VOGX,Vogenx Inc Common Stock,26.86,1.091,399007637,53390,United States,Health Care,Biotechnology: Pharmaceutical Preparations,true,false,0.424537
DSP,Viant Technology Inc. Class A Common Stock,12.29,-4.283,817270461,487070,United States,Technology,Computer Software: Programming Data Processing,true,false,0.423932
AFGE,American Financial Group Inc. 4.500% Subordinated Debentures due 2060,16.86,0.357,1398055917,10983,United States,Finance,Property-Casualty Insurers,true,false,0.423919
WBTN,WEBTOON Entertainment Inc. Common stock,10.74,-4.107,1457536892,220504,United States,Consumer Discretionary,Publishing,true,false,0.423867
HQL,abrdn Life Sciences Investors Shares of Beneficial Interest,19.56,-2.102,502293680,131294,United States,Finance,Investment Managers,true,false,0.423805
CBAN,Colony Bankcorp Inc. Common Stock,20.44,-1.966,433756525,151050,United States,Finance,Major Banks,true,false,0.423748
LEGO,Legato Merger Corp. IV Ordinary Shares,10,0.1,303070360,269018,,Industrials,Military/Government/Technical,false,false,0.423647
MAKO,Mako Mining Corp Common Stock,10.07,-3.173,882191504,150690,Canada,Basic Materials,Precious Metals,false,false,0.423595
FVRR,Fiverr International Ltd. Ordinary Shares no par value,8.52,-1.73,306300203,540434,,Consumer Discretionary,Business Services,false,false,0.423484
MTA,Metalla Royalty & Streaming Ltd. Common Shares,10.04,-3.462,938698575,147240,Canada,Basic Materials,Precious Metals,false,false,0.423468
ZH,Zhihu Inc. American Depositary Shares each representing three (3) Class A Ordinary Shares,3.5,-0.568,310746674,913980,China,Consumer Discretionary,Business Services,false,false,0.423145
NRGV,Energy Vault Holdings Inc. Common Stock,4.43,-7.128,805549295,3878565,United States,Miscellaneous,Industrial Machinery/Components,true,false,0.423136
LAR,Lithium Argentina AG Common Shares,5.78,-4.778,948498000,1046293,Canada,Basic Materials,Metal Mining,false,false,0.423127
AII,American Integrity Insurance Group Inc. Common Stock,24.97,-3.814,489247872,178110,United States,Finance,Property-Casualty Insurers,true,false,0.423112
ESEA,Euroseas Ltd. Common Stock (Marshall Islands),71.57,-2.2,504989403,35702,Greece,Consumer Discretionary,Marine Transportation,false,false,0.423031
NCDL,Nuveen Churchill Direct Lending Corp. Common Stock,11.79,-2.32,582273496,190971,United States,Uncategorized,Uncategorized,true,false,0.422941
FWDI,Forward Industries Inc. Common Stock,8.06,-6.279,595205877,2553629,United States,Finance,Finance: Consumer Services,true,false,0.422863
CMCL,Caledonia Mining Corporation Plc Common Shares,24.13,-3.248,466555456,168002,Canada,Basic Materials,Precious Metals,false,false,0.422766
CRNC,Cerence Inc. Common Stock,8.07,-1.944,365008174,471684,United States,Technology,Computer Software: Prepackaged Software,true,false,0.422704
UZE,Array Digital Infrastructure Inc. 5.500% Senior Notes due 2070,16.34,-0.548,1405240000,15403,United States,Telecommunications,Telecommunications Equipment,true,false,0.422651
AHRT,AH Realty Trust Inc. Common Stock,5.95,-3.877,443828302,849602,United States,Finance,Real Estate,true,false,0.422478
TBLA,Taboola.com Ltd. Ordinary Shares,3.4,-5.028,857193564,2283333,Israel,Technology,Computer Software: Programming Data Processing,false,false,0.422450
BWB,Bridgewater Bancshares Inc. Common Stock,20.48,-1.68,571060695,91942,United States,Finance,Major Banks,true,false,0.422413
AVTX,Avalo Therapeutics Inc. Common Stock,15.3,-7.329,820538832,1111213,United States,Health Care,Biotechnology: Pharmaceutical Preparations,true,false,0.422361
AGBK,AGI Inc Class A Common Shares,5.83,-3.477,933587470,247592,Cayman Islands,Finance,Commercial Banks,false,false,0.421950
VCV,Invesco California Value Municipal Income Trust Common Stock,9.35,-1.992,447776409,295727,United States,Finance,Trusts Except Educational Religious and Charitable,true,false,0.421861
SPRB,Spruce Biosciences Inc. Common Stock,49.415,-1.15,142019352,174793,United States,Health Care,Biotechnology: Pharmaceutical Preparations,true,false,0.421808
PMTU,PennyMac Mortgage Investment Trust 8.50% Senior Notes due 2028,25.33,0.039,2208835829,2552,United States,Real Estate,Real Estate Investment Trusts,true,false,0.421500
HNST,The Honest Company Inc. Common Stock,5.18,-4.251,555733083,1781002,United States,Consumer Discretionary,Catalog/Specialty Distribution,true,false,0.420890
RWAY,Runway Growth Finance Corp. Common Stock,6.74,0.298,282472753,383281,United States,Finance,Finance: Consumer Services,true,false,0.420659
ENRD,Einride AB American Depositary Shares,3.88,6.301,569154519,247999,Sweden,Technology,EDP Services,false,false,0.420607
OLP,One Liberty Properties Inc. Common Stock,22.65,-1.479,494336794,89089,United States,Real Estate,Real Estate Investment Trusts,true,false,0.420411
SLP,Simulations Plus Inc. Common Stock,18.42,0.054,372541516,104388,United States,Technology,EDP Services,true,false,0.420349
RMT,Royce Micro-Cap Trust Inc. Common Stock,13.52,-0.734,625558327,86050,United States,Finance,Investment Managers,true,false,0.420281
OBT,Orange County Bancorp Inc. Common Stock,37.38,-0.16,501189657,35803,United States,Finance,Major Banks,true,false,0.420263
ASTL,Algoma Steel Group Inc. Common Shares,4.36,-1.58,459494379,526288,Canada,Industrials,Steel/Iron Ore,false,false,0.420170
CAPR,Capricor Therapeutics Inc. Common Stock,8.67,-7.173,504065035,3147373,United States,Health Care,Biotechnology: Pharmaceutical Preparations,true,false,0.420043
AGEN,Agenus Inc. Common Stock,8.4,-3.448,379360094,610318,United States,Health Care,Biotechnology: Biological Products (No Diagnostic Substances),true,false,0.420039
GLRE,Greenlight Capital Re Ltd. Class A Ordinary Shares,15.01,-0.662,489946573,104223,Cayman Islands,Finance,Property-Casualty Insurers,false,false,0.420030
IPDN,Professional Diversity Network Inc. Common Stock,5.42,38.974,3608696,26234998,United States,Technology,Computer Software: Programming Data Processing,true,false,0.419591
MASS,908 Devices Inc. Common Stock,10.94,-2.147,452190733,243110,United States,Industrials,Industrial Machinery/Components,true,false,0.419565
ACIC,American Coastal Insurance Corporation Common Stock,9.11,-1.086,430646353,231325,United States,Finance,Property-Casualty Insurers,true,false,0.419209
QDEL,QuidelOrtho Corporation Common Stock,10.34,-5.484,709069915,1114710,United States,Health Care,Biotechnology: In Vitro & In Vivo Diagnostic Substances,true,false,0.418896
CTMX,CytomX Therapeutics Inc. Common Stock,2.78,-5.442,605760010,4955462,United States,Health Care,Biotechnology: Pharmaceutical Preparations,true,false,0.418770
IMMX,Immix Biopharma Inc. Common Stock,11.92,-7.093,852748623,1168257,United States,Health Care,Biotechnology: Pharmaceutical Preparations,true,false,0.418637
SGHT,Sight Sciences Inc. Common Stock,8.5,-1.048,468247915,217873,United States,Health Care,Medical/Dental Instruments,true,false,0.418585
PSNYW,Polestar Automotive Holding UK PLC Class C-1 ADS (ADW),4.3101,0.235,708063784,139638,Sweden,Industrials,Auto Manufacturing,false,false,0.418260
HVT,Haverty Furniture Companies Inc. Common Stock,27.5,-2.724,428824715,121370,United States,Consumer Discretionary,Other Specialty Stores,true,false,0.418245
NXRT,NexPoint Residential Trust Inc. Common Stock,20.74,-4.512,529903122,494798,United States,Real Estate,Real Estate Investment Trusts,true,false,0.418155
COFS,ChoiceOne Financial Services Inc. Common Stock,32.44,-1.308,485157069,57454,United States,Finance,Major Banks,true,false,0.418058
TBCH,Turtle Beach Corporation Common Stock,12.77,-0.234,228707009,296712,United States,Telecommunications,Telecommunications Equipment,true,false,0.417750
ALIT,Alight Inc. Class A Common Stock,12.54,-2.866,337816226,379498,United States,Consumer Discretionary,Business Services,true,false,0.417706
GFUZ,General Fusion Group Ltd. Common Shares,8.68,5.212,551602898,102190,United States,Utilities,Electric Utilities: Central,true,false,0.417446
SRFM,Surf Air Mobility Inc. Common Stock,0.8839,14.792,109289146,21504811,United States,Consumer Discretionary,Transportation Services,true,false,0.417421
GCDT,Green Circle Decarbonize Technology Limited Class A Ordinary Shares,0.511,50.029,6924666,193894409,,Industrials,Industrial Machinery/Components,false,false,0.417267
AIOT,PowerFleet Inc. Common Stock,2.9,-2.685,389255162,1285352,United States,Telecommunications,Telecommunications Equipment,true,false,0.417172
CION,CION Investment Corporation Common Stock,7.18,-0.278,353275415,282682,United States,Finance,Finance/Investors Services,true,false,0.416755
PHR,Phreesia Inc. Common Stock,9.68,-4.158,600846738,756939,United States,Consumer Discretionary,Business Services,true,false,0.416728
PLBC,Plumas Bancorp,60.98,-1.502,424360796,36973,United States,Finance,Finance Companies,true,false,0.416605
IIM,Invesco Value Municipal Income Trust Common Stock,11.45,-3.862,538933627,276609,United States,Finance,Investment Managers,true,false,0.416334
SFIX,Stitch Fix Inc. Class A Common Stock,2.82,-5.686,376260914,8511167,United States,Consumer Discretionary,Catalog/Specialty Distribution,true,false,0.416298
ISTR,Investar Holding Corporation Common Stock,29.36,-1.773,404493483,84445,United States,Finance,Major Banks,true,false,0.416088
BDSX,Biodesix Inc. Common Stock,29.29,4.05,309042246,68987,United States,Health Care,Medical Specialities,true,false,0.415982
GHRS,GH Research PLC Ordinary Shares,25.96,-6.82,1779744237,178866,Ireland,Health Care,Biotechnology: Pharmaceutical Preparations,false,false,0.415742
NOA,North American Construction Group Ltd. Common Shares (no par),12.5,0,346380775,150910,Canada,Energy,Oilfield Services/Equipment,false,false,0.415726
NEXN,Nexxen International Ltd. Ordinary Shares,8.63,-2.815,480870323,299438,Israel,Technology,Computer Software: Programming Data Processing,false,false,0.414962
NFGC,New Found Gold Corp Common Shares,1.8,-3.226,691843588,995485,,Basic Materials,Precious Metals,false,false,0.414882
TJGC,TJGC Group Limited Class A Ordinary Shares,23.28,37.751,235128535,393123,Hong Kong,Consumer Discretionary,Advertising,false,false,0.414126
ILPT,Industrial Logistics Properties Trust Common Shares of Beneficial Interest,7.47,-2.734,498591731,317851,United States,Real Estate,Real Estate Investment Trusts,true,false,0.414070
RMR,The RMR Group Inc. Class A Common Stock,18.82,-2.588,603749853,93429,United States,Consumer Discretionary,Professional Services,true,false,0.413794
SHMD,SCHMID Group N.V. Class A Ordinary Shares,3.68,2.507,224328763,409286,Germany,Technology,Industrial Machinery/Components,false,false,0.413749
GBAB,Guggenheim Taxable Municipal Bond & Investment Grade Debt Trust Common Shares of Beneficial Interest,12.83,-1.003,287352291,238049,United States,Finance,Investment Managers,true,false,0.413693
MAGN,Magnera Corporation Common Stock,11.82,-2.233,423156000,211822,United States,Basic Materials,Paper,true,false,0.413558
PERI,Perion Network Ltd. Ordinary Shares,8.64,-1.031,339813956,278041,Israel,Technology,EDP Services,false,false,0.413458
COSO,CoastalSouth Bancshares Inc. Common Stock,26.31,-1.313,314521474,112138,United States,Finance,Major Banks,true,false,0.413363
CWCO,Consolidated Water Co. Ltd. Ordinary Shares,28.09,-1.749,449801378,71487,Cayman Islands,Utilities,Water Supply,false,false,0.413273
BRCB,Black Rock Coffee Bar Inc. Class A Common Stock,7.12,-0.42,356517474,266534,United States,Consumer Discretionary,Restaurants,true,false,0.413262
EVEX,Eve Holding Inc. Common Stock,2.08,-3.256,724851573,753359,United States,Industrials,Aerospace,true,false,0.413251
ABAT,American Battery Technology Company Common Stock,2.31,-3.347,329354621,2168173,United States,Industrials,Mining & Quarrying of Nonmetallic Minerals (No Fuels),true,false,0.413158
SPTX,Seaport Therapeutics Inc. Common Stock,21.29,-4.913,1139665410,179285,United States,Health Care,Biotechnology: Pharmaceutical Preparations,true,false,0.412843
ARKO,ARKO Corp. Common Stock,4.23,-2.759,474545600,581092,United States,Consumer Staples,Food Chains,true,false,0.412804
QUAD,Quad Graphics Inc Class A Common Stock,9.25,-3.846,476017044,367144,United States,Consumer Discretionary,Publishing,true,false,0.412397
SANA,Sana Biotechnology Inc. Common Stock,3.08,-7.508,922030762,3840309,United States,Health Care,Biotechnology: Biological Products (No Diagnostic Substances),true,false,0.412393
PTLO,Portillo's Inc. Class A Common Stock,3.65,-2.667,277192768,1377408,United States,Consumer Discretionary,Restaurants,true,false,0.412322
TUYA,Tuya Inc. American Depositary Shares each representing one Class A Ordinary Share,1.73,-2.809,1060984960,387941,China,Technology,Computer Software: Prepackaged Software,false,false,0.412109
TLS,Telos Corporation Common Stock,4.09,-0.244,305673467,525123,United States,Technology,EDP Services,true,false,0.412079
TWI,Titan International Inc. (DE) Common Stock,7.24,-3.338,467286628,409859,United States,Industrials,Steel/Iron Ore,true,false,0.412060
OPTX,Syntec Optics Holdings Inc. Class A Common Stock,7.58,3.27,305321475,254501,United States,Technology,Electronic Components,true,false,0.412039
ATNI,ATN International Inc. Common Stock,29.08,-1.823,447929622,68502,United States,Telecommunications,Telecommunications Equipment,true,false,0.412019
CPS,Cooper-Standard Holdings Inc. Common Stock,23.01,-3.965,408869476,184671,United States,Consumer Discretionary,Auto Parts:O.E.M.,true,false,0.411776
JBI,Janus International Group Inc. Common Stock,4.26,-4.698,581216465,2051648,United States,Industrials,Building Products,true,false,0.411716
PMTS,CPI Card Group Inc. Common Stock,24.39,-2.244,282728441,174436,United States,Consumer Discretionary,Publishing,true,false,0.411434
FTFT,Future FinTech Group Inc. Common Stock,4.44,10.448,41625000,6224357,China,Consumer Discretionary,Business Services,false,false,0.411252
TNXP,Tonix Pharmaceuticals Holding Corp. Common Stock,10.24,-3.305,175626486,913640,United States,Health Care,Biotechnology: Pharmaceutical Preparations,true,false,0.410620
PRTA,Prothena Corporation plc Ordinary Shares,8.68,-3.448,445604934,357910,United States,Health Care,Biotechnology: Pharmaceutical Preparations,true,false,0.410600
SCTX,Scribe Therapeutics Inc. Common Stock,26.53,-5.486,502257470,532755,United States,Health Care,Biotechnology: Biological Products (No Diagnostic Substances),true,false,0.410484
HWCPZ,Hancock Whitney Corporation 6.25% Subordinated Notes due 2060,21.16,-0.657,1793415334,4144,United States,Finance,Major Banks,true,false,0.410476
LXRX,Lexicon Pharmaceuticals Inc. Common Stock,2.06,-5.505,916609224,3172513,United States,Health Care,Biotechnology: Pharmaceutical Preparations,true,false,0.410439
MBUU,Malibu Boats Inc. Class A Common Stock,23.21,-3.412,456709576,127153,United States,Industrials,Marine Transportation,true,false,0.410251
OEC,Orion S.A. Common Shares,6.01,-0.825,339701421,345827,Luxembourg,Industrials,Major Chemicals,false,false,0.410157
ANRO,Alto Neuroscience Inc. Common Stock,27.5,-10.656,1079157860,639896,United States,Health Care,Biotechnology: Pharmaceutical Preparations,true,false,0.410130
HUYA,HUYA Inc. American depositary shares each  representing one Class A ordinary share,2.32,-2.11,529809336,697185,United States,Technology,Computer Software: Programming Data Processing,true,false,0.410087
NEWP,New Pacific Metals Corp. Common Shares,6.53,-5.499,1211915068,665489,Canada,Basic Materials,Precious Metals,false,false,0.409931
ALEC,Alector Inc. Common Stock,2.02,0.498,225546976,1182757,United States,Health Care,Biotechnology: Biological Products (No Diagnostic Substances),true,false,0.409797
IVA,Inventiva S.A. American Depository Shares,3.45,-5.479,815166697,2133051,France,Health Care,Biotechnology: Pharmaceutical Preparations,false,false,0.409638
PACK,Ranpak Holdings Corp Class A Common Stock,4.18,-0.948,358469648,469265,United States,Consumer Discretionary,Containers/Packaging,true,false,0.409527
NVA,Nova Minerals Corp Common Stock,5.6,-6.04,2525757937,337621,,Basic Materials,Precious Metals,false,false,0.409417
AUTL,Autolus Therapeutics plc American Depositary Share,1.95,-3.941,519016953,1442582,United Kingdom,Health Care,Biotechnology: Biological Products (No Diagnostic Substances),false,false,0.409242
TAYD,Taylor Devices Inc. Common Stock,62.88,1.256,202810951,34629,United States,Industrials,Industrial Machinery/Components,true,false,0.409242
PPIH,Perma-Pipe International Holdings Inc. Common Stock,30.84,1.682,252739320,47033,United States,Industrials,Pollution Control Equipment,true,false,0.409154
SCCE,Sachem Capital Corp. 6.00% Notes due 2027,24.7,0.202,1169354514,6084,United States,Real Estate,Real Estate Investment Trusts,true,false,0.409083
STRO,Sutro Biopharma Inc. Common Stock,15.73,-2.48,260821820,294087,United States,Health Care,Biotechnology: Biological Products (No Diagnostic Substances),true,false,0.408808
BWAY,BrainsWay Ltd. American Depositary Shares,13.45,-1.321,538444200,90442,Israel,Health Care,Medical/Dental Instruments,false,false,0.408781
CZFS,Citizens Financial Services Inc. Common Stock,78.28,-2.794,376515449,39488,United States,Finance,Major Banks,true,false,0.408780
NSLR,Neostellar Capital Corp. Common Stock,8.29,-0.12,219463010,351505,United States,Finance,Finance: Consumer Services,true,false,0.408652
FRPH,FRP Holdings Inc. Common Stock,21.08,-1.587,404700185,91408,United States,Finance,Real Estate,true,false,0.408520
AQST,Aquestive Therapeutics Inc. Common Stock,4.7,-5.051,589904746,1952019,United States,Health Care,Biotechnology: Pharmaceutical Preparations,true,false,0.408465
ALT,Altimmune Inc. Common Stock,3.19,-6.452,620511466,4531574,United States,Health Care,Biotechnology: Pharmaceutical Preparations,true,false,0.408424
KMDA,Kamada Ltd. Ordinary Shares,8.77,-1.127,506119375,138728,Israel,Health Care,Biotechnology: Pharmaceutical Preparations,false,false,0.408085
NEWT,NewtekOne Inc. Common Stock,11.33,-2.997,327264002,350154,United States,Finance,Major Banks,true,false,0.407983
NNDM,Nano Dimension Ltd. American Depositary Shares,1.57,-0.633,331017247,1217999,Israel,Technology,Electrical Products,false,false,0.407552
VERI,Veritone Inc. Common Stock,1.29,0.781,129589618,2879938,United States,Technology,EDP Services,true,false,0.407435
SEG,Seaport Entertainment Group Inc. Common Stock,23.83,-0.708,305251243,89197,United States,Consumer Discretionary,Services-Misc. Amusement & Recreation,true,false,0.407177
VNDA,Vanda Pharmaceuticals Inc. Common Stock,5.04,-3.263,304731942,904785,United States,Health Care,Biotechnology: Pharmaceutical Preparations,true,false,0.407171
SY,So-Young International Inc. American Depository Shares,2.84,1.429,284858166,433322,China,Technology,EDP Services,false,false,0.406961
CMDB,Costamare Bulkers Holdings Limited Common Stock,22.32,-1.89,539708135,60001,,Consumer Discretionary,Marine Transportation,false,false,0.406933
TWIN,Twin Disc Incorporated Common Stock,25.85,-0.309,375830979,54846,United States,Industrials,Industrial Machinery/Components,true,false,0.406852
SCCF,Sachem Capital Corp. 7.125% Notes due 2027,24.66,0.142,1167460822,5708,United States,Real Estate,Real Estate Investment Trusts,true,false,0.406691
ETRA,Electra Therapeutics Inc. Common stock,12.67,-6.975,795257320,875403,United States,Health Care,Biotechnology: Biological Products (No Diagnostic Substances),true,false,0.406671
BWMX,Betterware de Mexico S.A.P.I. de C.V. Ordinary Shares,16.51,-1.433,651898225,53209,Mexico,Consumer Discretionary,Catalog/Specialty Distribution,false,false,0.406648
QNC,Quantum eMotion Corp. Common Shares,2.03,15.341,445421930,1601504,,Uncategorized,Uncategorized,false,false,0.406478
TRTX,TPG RE Finance Trust Inc. Common Stock,6.82,-5.146,523564641,1533658,United States,Real Estate,Real Estate Investment Trusts,true,false,0.406476
BSRR,Sierra Bancorp Common Stock,39.4,-1.525,510757842,33138,United States,Finance,Major Banks,true,false,0.406287
CCAP,Crescent Capital BDC Inc. Common stock,9.67,-0.922,356300356,187127,United States,Finance,Finance: Consumer Services,true,false,0.406064
DBI,Designer Brands Inc. Class A Common Stock,6.22,-2.66,317987573,563505,United States,Consumer Discretionary,Clothing/Shoe/Accessory Stores,true,false,0.406037
MGRD,Affiliated Managers Group Inc. 4.200% Junior Subordinated Notes due 2061,14.6,0.069,414816120,72113,United States,Finance,Investment Managers,true,false,0.406006
NPCE,Neuropace Inc. Common Stock,14.21,-3.399,487747934,166401,United States,Health Care,Medical/Dental Instruments,true,false,0.405950
AIZN,Assurant Inc. 5.25% Subordinated Notes due 2061,18.22,0.165,919366824,12333,United States,Finance,Property-Casualty Insurers,true,false,0.405931
CFFI,C&F Financial Corporation Common Stock,91.39,-2.714,297172040,43279,United States,Finance,Major Banks,true,false,0.405895
ALTO,Alto Ingredients Inc. Common Stock,3.73,-2.356,289327014,969697,United States,Industrials,Major Chemicals,true,false,0.405722
FRBA,First Bank Common Stock,17.51,-1.297,440103397,82201,United States,Finance,Major Banks,true,false,0.405560
RBBN,Ribbon Communications Inc. Common Stock,1.8,-2.174,321882034,1601963,United States,Technology,EDP Services,true,false,0.405398
CRBP,Corbus Pharmaceuticals Holdings Inc. Common Stock,7.74,-1.714,149701608,787834,United States,Health Care,Biotechnology: Pharmaceutical Preparations,true,false,0.405372
BNC,CEA Industries Inc. Common Stock,6.11,-3.628,251572224,1014195,United States,Consumer Staples,Farming/Seeds/Milling,true,false,0.405111
FSBW,FS Bancorp Inc. Common Stock,43.46,-1.25,341688952,46294,United States,Finance,Banks,true,false,0.405030
SWIM,Latham Group Inc. Common Stock,6.34,-4.374,745876185,673332,United States,Industrials,Plastic Products,true,false,0.405008
ACCO,Acco Brands Corporation Common Stock,4.25,-1.848,392307164,460428,United States,Consumer Discretionary,Publishing,true,false,0.404920
SGMT,Sagimet Biosciences Inc. Series A Common Stock,10.42,-6.041,641779877,1115904,United States,Health Care,Biotechnology: Pharmaceutical Preparations,true,false,0.404745
DSGN,Design Therapeutics Inc. Common Stock,12.36,-6.079,773509206,738292,United States,Health Care,Biotechnology: Pharmaceutical Preparations,true,false,0.404732
TMS,Teamshares Inc. Common Stock,8.5,3.155,626114386,54595,United States,Uncategorized,Uncategorized,true,false,0.404117
OLMA,Olema Pharmaceuticals Inc. Common Stock,8.83,-8.402,772603870,1642302,United States,Health Care,Biotechnology: Pharmaceutical Preparations,true,false,0.404107
DCOY,Decoy Therapeutics Inc. Common Stock,3.85,24.194,2522462,26772968,United States,Health Care,Biotechnology: Pharmaceutical Preparations,true,false,0.404049
PACB,Pacific Biosciences of California Inc. Common Stock,1.41,-4.082,438271370,5257374,United States,Industrials,Biotechnology: Laboratory Analytical Instruments,true,false,0.403857
BRBS,Blue Ridge Bankshares Inc. Common Stock,3.81,-1.55,341714530,554436,United States,Finance,Major Banks,true,false,0.403690
SUPX,SuperX AI Technology Limited Ordinary Shares,7.29,-3.571,315048540,595554,Hong Kong,Uncategorized,Uncategorized,false,false,0.403596
AVLN,Avalyn Pharma Inc. Common Stock,29.67,-8.567,1315362929,252048,United States,Health Care,Biotechnology: Pharmaceutical Preparations,true,false,0.403294
RCKY,Rocky Brands Inc. Common Stock,44.82,-0.731,335787451,37749,United States,Consumer Discretionary,Shoe Manufacturing,true,false,0.403288
VSA,VisionSys AI Inc. American Depositary Shares,3.64,83.838,10166287,15715733,China,Real Estate,Other Consumer Services,false,false,0.403134
RCMT,RCM Technologies Inc. Common Stock,40.33,-1.152,286776910,57494,United States,Consumer Discretionary,Professional Services,true,false,0.402894
NATH,Nathan's Famous Inc. Common Stock,94.4,-2.6,386819198,24655,United States,Consumer Discretionary,Restaurants,true,false,0.402709
ESP,Espey Mfg. & Electronics Corp. Common Stock,62.84,-2.271,188263738,86755,United States,Technology,Industrial Machinery/Components,true,false,0.402621
FORTY,Formula Systems (1985) Ltd. American Depositary Shares,114,0,1746214038,412,Israel,Technology,EDP Services,false,false,0.402358
MAX,MediaAlpha Inc. Class A Common Stock,9.39,-5.912,575268753,1264482,United States,Consumer Discretionary,Business Services,true,false,0.402056
SLI,Standard Lithium Ltd. Common Shares,2.14,-3.167,528118107,837303,Canada,Industrials,Major Chemicals,false,false,0.402047
OXM,Oxford Industries Inc. Common Stock,26.34,-6.297,394527737,752950,United States,Industrials,Garments and Clothing,true,false,0.401903
NRDS,NerdWallet Inc. Class A Common Stock,8.1,-5.041,517777709,1118798,United States,Technology,EDP Services,true,false,0.401881
TYG,Tortoise Energy Infrastructure Corporation Common Stock,40.38,-4.944,481648723,230794,United States,Finance,Investment Managers,true,false,0.401827
TRC,Tejon Ranch Co Common Stock,16.26,-1.514,439368679,85596,United States,Finance,Real Estate,true,false,0.401786
TCPC,BlackRock TCP Capital Corp. Common Stock,4.04,-0.98,338967211,422465,United States,Finance,Finance/Investors Services,true,false,0.401585
INTT,inTest Corporation Common Stock,11.49,1.502,147368281,192156,United States,Industrials,Electrical Products,true,false,0.401434
CLFD,Clearfield Inc. Common Stock,31.07,-2.388,422053482,60596,United States,Utilities,Telecommunications Equipment,true,false,0.401233
CVEO,Civeo Corporation (Canada) Common Shares,33.2,-2.611,343183719,78553,,Consumer Discretionary,Hotels/Resorts,false,false,0.401193
MNTN,MNTN Inc. Class A Common Stock,10.56,-5.798,789921401,679916,United States,Consumer Discretionary,Advertising,true,false,0.401135
MTRX,Matrix Service Company Common Stock,9.78,-2.004,276694987,305917,United States,Consumer Discretionary,Engineering & Construction,true,false,0.401100
SI,Shoulder Innovations Inc. Common Stock,17.37,-1.363,361625283,97913,United States,Health Care,Medical/Dental Instruments,true,false,0.401002
VNCE,Vince Holding Corp. Common Stock,11.11,9.566,143816161,612561,United States,Consumer Discretionary,Clothing/Shoe/Accessory Stores,true,false,0.400900
HBNB,Hotel101 Global Holdings Corp. Class A Ordinary Shares,4.7831,1.55,1119400305,12664,Singapore,Consumer Discretionary,Hotels/Resorts,false,false,0.400827
CURI,CuriosityStream Inc. Class A Common Stock,2.88,0.699,170893521,820685,United States,Consumer Discretionary,Movies/Entertainment,true,false,0.400778
CZNC,Citizens & Northern Corp Common Stock,25.22,-1.791,452317346,55379,United States,Finance,Major Banks,true,false,0.400759
WVE,Wave Life Sciences Inc. Common Stock,3.95,-9.195,778340291,3975047,Singapore,Health Care,Biotechnology: Pharmaceutical Preparations,false,false,0.400715
ZONE,Zone Frontier Inc. Class B Common Stock,0.145,6.618,72803088,44387312,,Consumer Discretionary,Specialty Chemicals,false,false,0.400623
EGAN,eGain Corporation Common Stock,5.93,2.065,155196799,286139,United States,Technology,Computer Software: Prepackaged Software,true,false,0.400538
ANL,Adlai Nortye Group Ltd. American Depositary Shares,15.75,-5.12,1014267524,218144,Cayman Islands,Health Care,Biotechnology: Pharmaceutical Preparations,false,false,0.400201
TII,Titan Mining Corporation Common Shares,3.19,2.244,315747240,195146,,Uncategorized,Uncategorized,false,false,0.400187
LOVE,The Lovesac Company Common Stock,14.49,-0.889,208995544,207744,United States,Consumer Discretionary,Other Specialty Stores,true,false,0.400152
OSS,One Stop Systems Inc. Common Stock,9.18,-2.857,228950393,516183,United States,Technology,Computer Manufacturing,true,false,0.400131
MFICL,MidCap Financial Investment Corporation 8.00% Notes due 2028,25.125,-0.139,2344253503,660,United States,Finance,Finance/Investors Services,true,false,0.399892
XZO,Exzeo Group Inc. Common Stock,15.31,-7.381,1379215405,324805,,Technology,Computer Software: Prepackaged Software,false,false,0.399888
WNW,Meiwu Technology Company Limited Ordinary Shares,2.41,2.553,63456435,1454495,China,Consumer Discretionary,Package Goods/Cosmetics,false,false,0.399659
FISN,Deep Fission Inc. Common Stock,7.8,-3.941,459466316,316311,United States,Utilities,Electric Utilities: Central,true,false,0.399615
NVRI,Enviri Corporation Common Stock,19.43,-5.68,547734012,545507,,Miscellaneous,Diversified Commercial Services,false,false,0.399553
RILYZ,BRC Group Holdings Inc. 5.25% Senior Notes due 2028,19.67,-0.203,599877288,24517,United States,Finance,Investment Managers,true,false,0.399507
SAR,Saratoga Investment Corp New,17.46,-1.634,280772793,141017,United States,Finance,Investment Managers,true,false,0.399484
CURR,Currenc Group Inc. Ordinary Shares,3.09,0.98,346951025,268929,Singapore,Consumer Discretionary,Business Services,false,false,0.399404
URG,Ur Energy Inc Common Shares (Canada),1.16,-4.132,461521915,5408851,Canada,Basic Materials,Precious Metals,false,false,0.399319
PINE,Alpine Income Property Trust Inc. Common Stock,16.88,-2.597,297437619,182115,United States,Real Estate,Real Estate Investment Trusts,true,false,0.399293
JBIO,Jade Biosciences Inc. Common Stock,14.71,-12.232,935517563,1464729,United States,Health Care,Biotechnology: Pharmaceutical Preparations,true,false,0.399279
ELMD,Electromed Inc. Common Stock,27.57,0,230655114,71825,United States,Health Care,Biotechnology: Electromedical & Electrotherapeutic Apparatus,true,false,0.399220
HIPO,Hippo Holdings Inc. Common Stock,29.71,-5.292,784028510,179948,United States,Finance,Property-Casualty Insurers,true,false,0.399113
ACIU,AC Immune SA Common Stock,2.83,3.663,288019212,492838,Switzerland,Health Care,Biotechnology: Pharmaceutical Preparations,false,false,0.399089
BGS,B&G Foods Inc. Common Stock,2.98,-1.974,242201500,1115761,United States,Consumer Staples,Packaged Foods,true,false,0.399034
DDL,Dingdong (Cayman) Limited American Depositary Shares (each two representing three Ordinary Shares),2.28,-1.724,538599122,437752,Cayman Islands,Consumer Discretionary,Catalog/Specialty Distribution,false,false,0.398891
SPCE,Virgin Galactic Holdings Inc. Common Stock,3.12,-6.024,472979217,4620667,United States,Consumer Discretionary,Transportation Services,true,false,0.398720
OSUR,OraSure Technologies Inc. Common Stock,3.99,0,275184822,383934,United States,Health Care,Medical/Dental Instruments,true,false,0.398692
GRML,Greenland Mines Ltd. Common Stock,11.19,-20.919,65466782,53796476,United States,Health Care,Biotechnology: Biological Products (No Diagnostic Substances),true,false,0.398414
ADCT,ADC Therapeutics SA Common Shares,1.31,6.504,167244680,1972389,Switzerland,Health Care,Biotechnology: Pharmaceutical Preparations,false,false,0.398256
GRVY,GRAVITY Co. Ltd. American Depository Shares,67.47,-1.762,468842283,18258,South Korea,Technology,EDP Services,false,false,0.398193
APMD,Apnimed Inc. Common Stock,22.49,-11.838,936276220,858205,United States,Health Care,Biotechnology: Pharmaceutical Preparations,true,false,0.398105
UZD,Array Digital Infrastructure Inc. 6.250% Senior Notes due 2069,18.31,-0.786,1574660000,4097,United States,Telecommunications,Telecommunications Equipment,true,false,0.398011
HSLV,Highlander Silver Corp. Common Shares,5.45,-6.518,1109202628,930058,,Uncategorized,Uncategorized,false,false,0.397648
ASA,ASA  Gold and Precious Metals Limited,57.09,-4.099,1040005276,31363,United States,Industrials,Precious Metals,true,false,0.397626
ACTG,Acacia Research Corporation (Acacia Tech) Common Stock,4.32,-0.461,421574998,215366,United States,Miscellaneous,Multi-Sector Companies,true,false,0.397617
OPI,Office Properties Income Trust Common shares of beneficial interest,17.59,-0.509,386163419,61501,United States,Finance,Real Estate,true,false,0.397545
BUR,Burford Capital Limited Ordinary Shares,3.81,-7.073,833672162,2227420,,Finance,Finance: Consumer Services,false,false,0.397510
OIG,Orion180 Insurance Group Inc. Class A common stock,9.75,-7.143,965566407,712990,United States,Finance,Specialty Insurers,true,false,0.397425
FOSL,Fossil Group Inc. Common Stock,6.17,-3.744,364881781,487537,United States,Consumer Discretionary,Consumer Specialties,true,false,0.397117
NCPL,Netcapital Inc. Common Stock,1.04,7.216,8161815,22748048,United States,Finance,Finance: Consumer Services,true,false,0.397065
CLYM,Climb Bio Inc. Common Stock,12.52,-11.893,719101913,2141765,United States,Health Care,Biotechnology: Pharmaceutical Preparations,true,false,0.397006
MGRE,Affiliated Managers Group Inc. 6.750% Junior Subordinated Notes due 2064,21.75,-1.046,617962370,26393,United States,Finance,Investment Managers,true,false,0.396974
GROY,Gold Royalty Corp. Common Shares,3.18,-5.075,733973259,1592370,Canada,Basic Materials,Precious Metals,false,false,0.396932
SLGL,Sol-Gel Technologies Ltd. Ordinary Shares,59.71,-2.034,195490480,70692,Israel,Health Care,Biotechnology: Pharmaceutical Preparations,false,false,0.396826
IRWD,Ironwood Pharmaceuticals Inc. Class A Common Stock,4.27,-5.635,705574574,1657658,United States,Health Care,Biotechnology: Pharmaceutical Preparations,true,false,0.396738
CPAC,Cementos Pacasmayo S.A.A. American Depositary Shares (Each representing five Common Shares),12.31,-0.646,1043564124,13261,Peru,Industrials,Building Materials,false,false,0.396400
SIFY,Sify Technologies Limited American Depositary Shares,13.73,-1.718,994527264,20111,India,Technology,Computer Software: Programming Data Processing,false,false,0.396398
SDHC,Smith Douglas Homes Corp. Class A Common Stock,10.32,-0.29,524548892,54663,United States,Consumer Discretionary,Homebuilding,true,false,0.396384
FRST,Primis Financial Corp. Common Stock,15.49,-2.024,384137625,106318,United States,Finance,Major Banks,true,false,0.396079
TONX,TON Strategy Company Common Stock,4.04,-0.737,222490836,584079,United States,Finance,Finance: Consumer Services,true,false,0.396071
VMD,Viemed Healthcare Inc. Common Shares,8.8,-1.786,335176406,213430,United States,Health Care,Misc Health and Biotechnology Services,true,false,0.395853
WEYS,Weyco Group Inc. Common Stock,46.07,-1.707,440013787,26658,United States,Consumer Staples,Apparel,true,false,0.395785
ECCV,Eagle Point Credit Company 5.375% Notes due 2029,23.81,-0.293,1444374696,2796,United States,Finance,Trusts Except Educational Religious and Charitable,true,false,0.395747
GNE,Genie Energy Ltd. Class B Common Stock Stock,15.84,-1.737,416902828,83882,United States,Utilities,Power Generation,true,false,0.395676
AMPY,Amplify Energy Corp. Common Stock,4.23,0,175360784,572524,United States,Energy,Oil & Gas Production,true,false,0.395674
MX,Magnachip Semiconductor Corporation Common Stock,3.22,0.625,122270159,860067,Luxembourg,Technology,Semiconductors,false,false,0.395461
MVST,Microvast Holdings Inc. Common Stock,0.697,-2.898,268020537,4948355,United States,Miscellaneous,Industrial Machinery/Components,true,false,0.395260
ECC,Eagle Point Credit Company Common Share of Beneficial Interest,3.57,-1.108,216565211,733945,United States,Finance,Trusts Except Educational Religious and Charitable,true,false,0.395229
RELL,Richardson Electronics Ltd. Common Stock,17.26,0.174,256556403,84439,United States,Technology,Electronic Components,true,false,0.395206
LTBR,Lightbridge Corporation Common Stock,6.72,-1.898,251718372,402588,United States,Basic Materials,Major Chemicals,true,false,0.394947
TBI,TrueBlue Inc. Common Stock,9.81,-1.308,298659015,188223,United States,Consumer Discretionary,Professional Services,true,false,0.394800
LAW,CS Disco Inc. Common Stock,4.26,1.188,276558199,222291,United States,Technology,Computer Software: Prepackaged Software,true,false,0.394650
MBI,MBIA Inc. Common Stock,4.51,-0.442,230084162,437339,United States,Finance,Property-Casualty Insurers,true,false,0.394403
RMIX,Suncrete Inc. Class A Common Stock,12.73,-5.142,935474667,255259,United States,Industrials,Building Materials,true,false,0.394032
IMMR,Immersion Corporation Common Stock,7.37,-0.808,244728522,271049,United States,Technology,Computer peripheral equipment,true,false,0.393884
DUOT,Duos Technologies Group Inc. Common Stock,8.98,-2.179,282623041,269881,United States,Technology,Computer Software: Prepackaged Software,true,false,0.393854
BMEZ,BlackRock Health Sciences Term Trust Common Shares of Beneficial Interest,16.7,-1.008,222661401,141861,United States,Finance,Trusts Except Educational Religious and Charitable,true,false,0.393815
TCI,Transcontinental Realty Investors Inc. Common Stock,41.56,1.267,364645985,12751,United States,Real Estate,Real Estate Investment Trusts,true,false,0.393626
WATT,Energous Corporation Common Stock,12.98,0.077,71741382,409974,United States,Technology,Radio And Television Broadcasting And Communications Equipment,true,false,0.393550
ACRS,Aclaris Therapeutics Inc. Common Stock,5.26,-8.042,774266177,1962850,United States,Health Care,Biotechnology: Pharmaceutical Preparations,true,false,0.393476
SUJA,Suja Life Inc. Class A Common Stock,8.07,-1.705,311703847,229743,United States,Consumer Staples,Beverages (Production/Distribution),true,false,0.393181
AKTS,Aktis Oncology Inc. Common stock,19.72,-10.81,1096816520,589457,United States,Health Care,Biotechnology: Pharmaceutical Preparations,true,false,0.393146
WTBA,West Bancorporation Common Stock,28.52,-2.362,486087550,42521,United States,Finance,Major Banks,true,false,0.393119
OXSQG,Oxford Square Capital Corp. 5.50% Notes due 2028,24.4,0.041,1555691784,1619,United States,Consumer Discretionary,Other Consumer Services,true,false,0.392920
CCEC,Capital Clean Energy Carriers Corp. Common Share,21.74,0.323,1310699774,2326,Greece,Consumer Discretionary,Marine Transportation,false,false,0.392887
RILYT,BRC Group Holdings Inc. 6.00% Senior Notes Due 2028,20.7001,-0.956,631292316,21289,United States,Finance,Investment Managers,true,false,0.392794
SLDP,Solid Power Inc. Class A Common Stock,2.35,-5.622,536225848,3812588,United States,Miscellaneous,Industrial Machinery/Components,true,false,0.392598
SENEB,Seneca Foods Corp. Class B Common Stock,187.42,-0.425,1268780360,409,United States,Consumer Staples,Packaged Foods,true,false,0.392264
FNLC,First Bancorp Inc  (ME) Common Stock,33.98,-1.905,383373913,41915,United States,Finance,Major Banks,true,false,0.392226
CGC,Canopy Growth Corporation Common Shares,0.9354,-3.288,395709441,2155403,Canada,Health Care,Medicinal Chemicals and Botanical Products,false,false,0.392136
BOTJ,Bank of the James Financial Group Inc. Common Stock,26.5,-0.749,120398457,149986,United States,Finance,Major Banks,true,false,0.392131
ISOU,IsoEnergy Ltd. Common Shares,9.8,-3.827,639365318,124024,,Uncategorized,Uncategorized,false,false,0.391957
FMAO,Farmers & Merchants Bancorp Inc. Common Stock,34.58,-2.234,476275942,33363,United States,Finance,Savings Institutions,true,false,0.391812
PLAY,Dave & Buster's Entertainment Inc. Common Stock,6.81,-4.354,237196686,1885583,United States,Consumer Discretionary,Restaurants,true,false,0.391811
MCFT,MasterCraft Boat Holdings Inc. Common Stock,19.6,-4.25,477051672,260918,United States,Industrials,Marine Transportation,true,false,0.391712
ANNX,Annexon Inc. Common Stock,3.87,-7.416,733671249,2423569,United States,Health Care,Biotechnology: Pharmaceutical Preparations,true,false,0.391686
UZF,Array Digital Infrastructure Inc. 5.500% Senior Notes due 2070,16.35,-0.122,1406100000,3112,United States,Telecommunications,Telecommunications Equipment,true,false,0.391672
AVNW,Aviat Networks Inc. Common Stock,19.86,-0.898,255372412,92668,United States,Technology,Radio And Television Broadcasting And Communications Equipment,true,false,0.391616
HTFC,Horizon Technology Finance Corporation 6.25% Notes due 2027,24.81,-0.677,1055559288,5119,United States,Finance,Finance: Consumer Services,true,false,0.391412
JELD,JELD-WEN Holding Inc. Common Stock,1.8,-2.174,156174088,2506345,United States,Basic Materials,Forest Products,true,false,0.391366
HRZN,Horizon Technology Finance Corporation Common Stock,4.61,-0.86,309026320,295042,United States,Finance,Finance: Consumer Services,true,false,0.391284
VKI,Invesco Advantage Municipal Income Trust II Common Shares of Beneficial Interest (DE),8.16,-2.973,362353123,249278,United States,Finance,Finance Companies,true,false,0.391218
CLPT,ClearPoint Neuro Inc. Common Stock,14.97,-5.193,456648278,579261,United States,Health Care,Medical/Dental Instruments,true,false,0.391185
CBNA,Chain Bridge Bancorp Inc. Class A Common Stock,48.46,-1.724,317985652,35152,,Finance,Major Banks,false,false,0.391112
IQI,Invesco Quality Municipal Income Trust Common Stock,9.34,-4.008,493934664,462462,United States,Finance,Finance Companies,true,false,0.391054
WCT,Wellchange Holdings Company Limited Class A Ordinary shares,7.52,-2.968,80772816,1300222,Hong Kong,Technology,Computer Software: Prepackaged Software,false,false,0.390931
PESI,Perma-Fix Environmental Services Inc. Common Stock,15.79,-4.477,335037762,565304,United States,Industrials,Environmental Services,true,false,0.390733
STIM,Neuronetics Inc. Common Stock,2.88,-1.031,219447999,779723,United States,Health Care,Medical/Dental Instruments,true,false,0.390425
ASLE,AerSale Corporation Common Stock,5.48,-1.083,261542661,331791,United States,Consumer Discretionary,Industrial Specialties,true,false,0.390411
VITL,Vital Farms Inc. Common Stock,10.31,-8.356,442623992,1931343,United States,Consumer Staples,Packaged Foods,true,false,0.390267
RM,Regional Management Corp. Common Stock,30.72,-1.79,283416392,63894,United States,Finance,Finance: Consumer Services,true,false,0.390239
XGN,Exagen Inc. Common Stock,8.55,-2.174,207126648,383812,United States,Health Care,Medical Specialities,true,false,0.390028
CWH,Camping World Holdings Inc. Class A Common Stock,5.36,-5.965,553660750,1743147,United States,Consumer Discretionary,Retail-Auto Dealers and Gas Stations,true,false,0.389901
AIRO,AIRO Group Holdings Inc. Common Stock,7.16,-1.105,225940366,303261,United States,Industrials,Aerospace,true,false,0.389891
HYLN,Hyliion Holdings Corp. Class A Common Stock,4.14,-7.383,739392483,2155950,United States,Consumer Discretionary,Construction/Ag Equipment/Trucks,true,false,0.389888
RXST,RxSight Inc. Common Stock,4.85,-1.623,201727292,593525,United States,Health Care,Ophthalmic Goods,true,false,0.389869
QNME,Quanome Technologies Inc. Common Stock,0.839,-1.399,28884722,16620628,United States,Industrials,Integrated Freight & Logistics,true,false,0.389755
RILYG,BRC Group Holdings Inc. 5.00% Senior Notes due 2026,24.7594,-0.063,755089056,7776,United States,Finance,Investment Managers,true,false,0.389627
AVBH,Avidbank Holdings Inc. Common stock,31.12,-2.138,341805898,53280,United States,Finance,Commercial Banks,true,false,0.389597
RILYN,BRC Group Holdings Inc. 6.50% Senior Notes Due 2026,25.23,0,769440975,7190,United States,Finance,Investment Managers,true,false,0.389417
DNA,Ginkgo Bioworks Holdings Inc. Class A Common Stock,8.58,-8.431,552039577,1845256,United States,Health Care,Biotechnology: Biological Products (No Diagnostic Substances),true,false,0.389380
IRD,Opus Genetics Inc. Common Stock,4.83,-6.395,401835825,3055703,United States,Health Care,Biotechnology: Pharmaceutical Preparations,true,false,0.389353
FCBM,First Carolina Financial Services Inc. Common Stock,12.73,-1.394,395506486,83306,,Finance,Major Banks,false,false,0.389340
GCBC,Greene County Bancorp Inc. Common Stock,34.58,-1.956,588741271,19519,United States,Finance,Banks,true,false,0.389317
CLW,Clearwater Paper Corporation Common Stock,21.38,-2.419,344811594,82091,United States,Basic Materials,Paper,true,false,0.389103
YARW,Yarrow Bioscience Inc. Common Stock,27.88,-2.789,259405585,102315,United States,Health Care,Biotechnology: Pharmaceutical Preparations,true,false,0.388815
RAIL,FreightCar America Inc. Common Stock,7.4,-0.135,242655472,189296,United States,Industrials,Railroads,true,false,0.388562
JOUT,Johnson Outdoors Inc. Class A Common Stock,44.03,-2.047,461419870,23167,United States,Consumer Discretionary,Recreational Games/Products/Toys,true,false,0.388482
SLN,Silence Therapeutics Plc American Depository Share,11.51,-6.347,538668000,876999,United Kingdom,Health Care,Biotechnology: Pharmaceutical Preparations,false,false,0.388475
SERV,Serve Robotics Inc. Common Stock,4.31,-5.275,373709355,2433224,United States,Industrials,Industrial Machinery/Components,true,false,0.388452
KARD,Kardigan Inc. Common Stock,14.52,-11.679,1357673709,654285,United States,Health Care,Biotechnology: Pharmaceutical Preparations,true,false,0.388442
IHRT,iHeartMedia Inc. Class A Common Stock,2.35,-2.49,314192948,849540,United States,Consumer Discretionary,Broadcasting,true,false,0.388270
AVR,Anteris Technologies Global Corp. Common Stock,7.62,-6.273,742633572,868793,United States,Health Care,Industrial Specialties,true,false,0.388199
BATL,Battalion Oil Corporation Common Stock,1.1,0.917,63010371,3773490,United States,Energy,Oil & Gas Production,true,false,0.388195
ENTA,Enanta Pharmaceuticals Inc. Common Stock,11.95,-3.784,348048554,206329,United States,Health Care,Biotechnology: Pharmaceutical Preparations,true,false,0.388166
AXG,Solowin Holdings Class A Ordinary Share,1.64,0.306,329657840,468878,Hong Kong,Finance,Investment Bankers/Brokers/Service,false,false,0.388065
PKBK,Parke Bancorp Inc. Common Stock,33.35,-1.738,392245025,34880,United States,Finance,Major Banks,true,false,0.388045
KROS,Keros Therapeutics Inc. Common Stock,11.63,-0.853,230590196,157545,United States,Health Care,Biotechnology: Pharmaceutical Preparations,true,false,0.387755
AUDC,AudioCodes Ltd. Common Stock,10.365,-0.432,254884150,137200,Israel,Utilities,Telecommunications Equipment,false,false,0.387665
EVI,EVI Industries Inc.  Common Stock,19.73,0.305,254093436,58481,United States,Consumer Discretionary,Other Consumer Services,true,false,0.387440
HITI,High Tide Inc. Common Shares,2.72,-1.449,242467910,736542,Canada,Consumer Discretionary,Other Specialty Stores,false,false,0.387336
TSBK,Timberland Bancorp Inc. Common Stock,44.82,-1.581,348505440,28608,United States,Finance,Banks,true,false,0.387257
FRAF,Franklin Financial Services Corporation Common Stock,61.22,-2.469,275464410,36816,United States,Finance,Major Banks,true,false,0.386628
JKS,JinkoSolar Holding Company Limited American Depositary Shares (each representing 4 Common Shares),9.91,-5.439,518988563,742529,China,Technology,Semiconductors,false,false,0.386622
RRGB,Red Robin Gourmet Burgers Inc. Common Stock,7.73,3.481,146126003,273219,United States,Consumer Discretionary,Restaurants,true,false,0.386621
WSBF,Waterstone Financial Inc. Common Stock (MD),20.33,-1.977,365472979,64455,United States,Finance,Savings Institutions,true,false,0.386438
RSVR,Reservoir Media Inc. Common Stock,9.56,-0.104,630297903,26243,United States,Consumer Discretionary,Services-Misc. Amusement & Recreation,true,false,0.386206
HOST,Host Digital Inc. Class A Common Stock,8,-0.744,225602568,217919,,Consumer Staples,Food Chains,false,false,0.386041
SND,Smart Sand Inc. Common Stock,5.07,-0.197,214963239,306323,United States,Industrials,Mining & Quarrying of Nonmetallic Minerals (No Fuels),true,false,0.386030
TRON,Tron Inc. Common Stock,1.47,-3.922,697341634,605646,United States,Finance,Finance: Consumer Services,true,false,0.385972
LUXE,LuxExperience B.V. American Depositary Shares each representing one Ordinary Share,8.92,-5.005,1246122493,173859,,Consumer Discretionary,Catalog/Specialty Distribution,false,false,0.385915
LEO,BNY Mellon Strategic Municipals Inc. Common Stock,5.69,-1.897,354434959,232815,United States,Finance,Trusts Except Educational Religious and Charitable,true,false,0.385851
FSTR,L.B. Foster Company Common Stock,37.27,-1.324,392071567,24773,United States,Industrials,Metal Fabrications,true,false,0.385553
SNDL,SNDL Inc. Common Shares,1.4,-0.709,344569180,665518,Canada,Health Care,Medicinal Chemicals and Botanical Products,false,false,0.385551
CV,CapsoVision Inc. Common Stock,6.05,-3.968,321833332,443204,United States,Health Care,Biotechnology: Electromedical & Electrotherapeutic Apparatus,true,false,0.385478
ASPI,ASP Isotopes Inc. Common Stock,3.01,-5.346,461461234,2632005,United States,Industrials,Major Chemicals,true,false,0.385471
DPRO,Draganfly Inc. Common Shares,5.36,-3.249,198320000,788648,Canada,Industrials,Aerospace,false,false,0.385411
GCTS,GCT Semiconductor Holding Inc. Common Stock,2.16,-1.818,198654608,1235875,United States,Technology,Semiconductors,true,false,0.385325
CRNT,Ceragon Networks Ltd. Ordinary Shares,2.19,3.791,199904321,669161,Israel,Technology,Radio And Television Broadcasting And Communications Equipment,false,false,0.385282
YB,Yuanbao Inc. American Depositary Shares,12.21,0.411,562639254,20418,China,Finance,Specialty Insurers,false,false,0.385092
VELO,Velo3D Inc. Common stock,10.97,-4.774,352675824,754382,United States,Technology,Industrial Machinery/Components,true,false,0.384924
DCBO,Docebo Inc. Common Shares,22.59,-1.611,563566148,23086,Canada,Technology,Computer Software: Prepackaged Software,false,false,0.384512
RPAY,Repay Holdings Corporation Class A Common Stock,3.8,-2.314,341470459,392894,United States,Consumer Discretionary,Business Services,true,false,0.384316
ULH,Universal Logistics Holdings Inc. Common Stock,16.25,-1.396,428476831,48204,United States,Industrials,Trucking Freight/Courier Services,true,false,0.384233
BCML,BayCom Corp Common Stock,29.64,-0.969,323672268,35839,United States,Finance,Major Banks,true,false,0.384207
ETO,Eaton Vance Tax-Advantage Global Dividend Opp Common Stock,30.45,-1.297,499018802,18462,United States,Finance,Investment Managers,true,false,0.384158
CDZIP,Cadiz Inc. Depositary Shares,21.75,-1.136,1841726381,1246,United States,Utilities,Water Supply,true,false,0.384055
EFT,Eaton Vance Floating Rate Income Trust Common Shares of Beneficial Interest,10.45,-0.948,303994837,111588,United States,Finance,Finance Companies,true,false,0.383986
FBLA,FB Bancorp Inc. Common Stock,16.12,-1.225,257084629,96208,United States,Finance,Banks,true,false,0.383585
LODE,Comstock Inc. Common Stock,2.68,-2.899,203661366,1274825,United States,Industrials,Major Chemicals,true,false,0.383584
AVAT,Avalanche Treasury Corporation Class A Common Stock,2.21,-2.212,96622181,2535794,United States,Finance,Finance: Consumer Services,true,false,0.383387
DMAC,DiaMedica Therapeutics Inc. Common Stock,7.56,-2.828,407678269,174144,United States,Health Care,Biotechnology: Pharmaceutical Preparations,true,false,0.383308
CBK,Commercial Bancgroup Inc. Common Stock,31.47,-2.75,431178967,38018,United States,Finance,Major Banks,true,false,0.383263
USAU,U.S. Gold Corp. Common Stock,15.65,-3.096,258673576,166489,United States,Basic Materials,Metal Mining,true,false,0.383121
IMPP,Imperial Petroleum Inc. Common Shares,5.3,-2.394,239632387,444778,Greece,Consumer Discretionary,Marine Transportation,false,false,0.382947
VOXR,Vox Royalty Corp. Common Stock,5.57,-3.299,387088732,283825,Canada,Basic Materials,Precious Metals,false,false,0.382849
EPRX,Eupraxia Pharmaceuticals Inc. Common Stock,8.14,-5.128,536479984,662603,Canada,Health Care,Pharmaceuticals and Biotechnology,false,false,0.382734
MVBF,MVB Financial Corp. Common Stock,29.69,-2.496,385005283,42798,United States,Finance,Major Banks,true,false,0.382575
PSFE,Paysafe Limited Common Shares,6.45,-3.875,336789794,357874,United Kingdom,Consumer Discretionary,Business Services,false,false,0.382558
RMNI,Rimini Street Inc. (DE) Common Stock,4.3,-1.826,401430800,221824,United States,Consumer Discretionary,Business Services,true,false,0.382509
VUZI,Vuzix Corporation Common Stock,2.85,-3.716,240580556,1218289,United States,Technology,Radio And Television Broadcasting And Communications Equipment,true,false,0.382420
MKTW,MarketWise Inc. Class A Common Stock,18.75,2.965,295771594,14408,United States,Technology,Computer Software: Prepackaged Software,true,false,0.382310
EH,EHang Holdings Limited ADS,4.58,-3.171,347371758,382084,China,Industrials,Aerospace,false,false,0.381801
PSIG,PS International Group Ltd. Ordinary Shares,4.35,-2.685,66906576,2027242,Hong Kong,Industrials,Integrated Freight & Logistics,false,false,0.381727
HDSN,Hudson Technologies Inc. Common Stock,5.14,-1.721,216335132,423098,United States,Consumer Discretionary,Industrial Specialties,true,false,0.381703
TMCI,Treace Medical Concepts Inc. Common Stock,4.51,-1.743,293305830,318073,United States,Health Care,Medical/Dental Instruments,true,false,0.381483
MITP,TPG Mortgage Investment Trust Inc. 9.500% Senior Notes due 2029,25.42,-0.04,749711653,5458,United States,Real Estate,Real Estate Investment Trusts,true,false,0.381354
ONIT,Onity Group Inc. Common Stock,31.48,-1.778,263000290,52847,United States,Finance,Finance: Consumer Services,true,false,0.381313
PMM,Franklin Managed Municipal Income Trust Shares of Beneficial Interest,5.64,-2.083,274886883,305631,United States,Finance,Investment Managers,true,false,0.381168
JMSB,John Marshall Bancorp Inc. Common Stock,22.79,-2.021,321615534,58798,United States,Finance,Major Banks,true,false,0.380855
ATTO,Attovia Therapeutics Inc. Common Stock,18.52,-11.09,845461372,689052,United States,Health Care,Biotechnology: Biological Products (No Diagnostic Substances),true,false,0.380770
MGRB,Affiliated Managers Group Inc. 4.750% Junior Subordinated Notes due 2060,16.12,-0.278,458002456,24365,United States,Finance,Investment Managers,true,false,0.380733
ANTX,AN2 Therapeutics Inc. Common Stock,4.83,0,182266025,306163,United States,Health Care,Biotechnology: Pharmaceutical Preparations,true,false,0.380416
FCAP,First Capital Inc. Common Stock,61.84,-1.888,206831610,37081,United States,Finance,Savings Institutions,true,false,0.380389
ARTNA,Artesian Resources Corporation Class A Common Stock,33.75,-1.603,348540334,30670,United States,Utilities,Water Supply,true,false,0.380349
CXDO,Crexendo Inc. Common Stock,5.8,-0.172,192871982,256462,United States,Telecommunications,Telecommunications Equipment,true,false,0.380308
ITG,ITG Inc. Class A Common Stock,10.22,-7.26,1268886778,293048,United States,Industrials,Water Sewer Pipeline Comm & Power Line Construction,true,false,0.380177
XPER,Xperi Inc. Common Stock,5.5,-1.961,268245021,298063,United States,Technology,Computer Software: Prepackaged Software,true,false,0.379715
CCCC,C4 Therapeutics Inc. Common Stock,3.08,-6.949,378917419,4594788,United States,Health Care,Biotechnology: Biological Products (No Diagnostic Substances),true,false,0.379585
ZIP,ZipRecruiter Inc. Class A Common Stock,3.58,-3.763,294369664,675601,United States,Technology,Computer Software: Programming Data Processing,true,false,0.379577
GASS,StealthGas Inc. Common Stock,9,-0.99,334671174,99176,Greece,Consumer Discretionary,Marine Transportation,false,false,0.379525
AUNA,Auna SA Class A Ordinary Shares,5.15,-1.341,381166770,154116,Peru,Health Care,Medical/Nursing Services,false,false,0.379501
EMAT,Evolution Metals & Technologies Corp. Common Stock,3.335,-10.349,2084260556,883187,United States,Miscellaneous,Industrial Machinery/Components,true,false,0.379500
OBX,Obsidian Therapeutics Inc. Common Stock,15.26,-10.235,942654088,582623,United States,Health Care,Biotechnology: Pharmaceutical Preparations,true,false,0.379434
SBC,SBC Medical Group Holdings Incorporated Common Stock,4.85,-3.77,498807674,241388,United States,Health Care,Medical/Nursing Services,true,false,0.379305
SCZM,Santacruz Silver Mining Ltd. Common Shares,8.88,-7.016,825753722,576987,Canada,Basic Materials,Precious Metals,false,false,0.379226
MTC,MMTec Inc. Common Shares,6.92,14.76,689147652,103848,China,Technology,Computer Software: Prepackaged Software,false,false,0.379089
USCB,USCB Financial Holdings Inc. Class A Common Stock,22.44,-2.094,414567107,39604,United States,Finance,Major Banks,true,false,0.378955
HQ,Horizon Quantum Holdings Ltd. Class A Ordinary Shares,14.87,-5.527,802564830,218488,Singapore,Technology,EDP Services,false,false,0.378745
AMRN,Amarin Corporation plc,13.72,-0.218,289805282,59846,Ireland,Health Care,Biotechnology: Pharmaceutical Preparations,false,false,0.378735
SCCD,Sachem Capital Corp. 6.00% Notes due 2026,24.76,0.162,1172195051,1352,United States,Real Estate,Real Estate Investment Trusts,true,false,0.378613
KINS,Kingstone Companies Inc. Common Stock,18.57,-2.417,268821790,97075,United States,Finance,Property-Casualty Insurers,true,false,0.378229
WRN,Western Copper and Gold Corporation Common Stock,2.39,-5.159,540559268,1966136,Canada,Basic Materials,Metal Mining,false,false,0.378185
FORR,Forrester Research Inc. Common Stock,11.78,0.255,224279420,86580,United States,Industrials,Diversified Commercial Services,true,false,0.377969
NCMI,National CineMedia Inc. Common Stock,2.2,-0.901,206954975,709191,United States,Consumer Discretionary,Advertising,true,false,0.377899
VLN,Valens Semiconductor Ltd. Ordinary Shares,1.92,0,202161984,643635,,Technology,Semiconductors,false,false,0.377743
RTB,RTB Digital Inc. Common Stock,9.84,3.037,147193352,166133,United States,Consumer Discretionary,Professional Services,true,false,0.377619
PLX,Protalix BioTherapeutics Inc. (DE) Common Stock,2.8,-1.408,225600598,586416,Israel,Health Care,Biotechnology: Biological Products (No Diagnostic Substances),false,false,0.377549
BPRN,Princeton Bancorp Inc. Common Stock (PA),42.56,-2.43,289969835,36598,United States,Finance,Major Banks,true,false,0.377526
GAU,Galiano Gold Inc.,2.06,-5.505,538879034,2723221,Canada,Industrials,Mining & Quarrying of Nonmetallic Minerals (No Fuels),false,false,0.377502
REA,Rare Earths Americas Inc. Common Stock,10.98,-1.348,219093734,153435,,Basic Materials,Metal Mining,false,false,0.377497
IMSR,Terrestrial Energy Inc. Common Stock,4.43,-4.32,469293175,838593,United States,Industrials,Metal Fabrications,true,false,0.377364
IMXI,International Money Express Inc. Common Stock,11.43,-5.066,345318897,699543,United States,Consumer Discretionary,Business Services,true,false,0.377356
RWT,Redwood Trust Inc. Common Stock,3.72,-9.489,467278247,4756864,United States,Real Estate,Real Estate Investment Trusts,true,false,0.377189
LIEN,Chicago Atlantic BDC Inc. Common Stock,10.35,0.779,236193107,71367,United States,Finance,Finance: Consumer Services,true,false,0.377170
RDIB,Reading International Inc Class B Common Stock,17.89,8.754,409504372,39939,United States,Consumer Discretionary,Movies/Entertainment,true,false,0.376960
FF,FutureFuel Corp.  Common shares,5.19,-1.89,227650620,357933,United States,Industrials,Major Chemicals,true,false,0.376886
NB,NioCorp Developments Ltd. Common Stock,3.51,-5.898,511010538,2035456,United States,Basic Materials,Metal Mining,true,false,0.376723
LUCK,Lucky Strike Entertainment Corporation Class A Common Stock,5.28,-0.752,719811946,33002,United States,Consumer Discretionary,Services-Misc. Amusement & Recreation,true,false,0.376694
FRD,Friedman Industries Inc. Common Stock,39.41,-2.426,284256093,39098,United States,Industrials,Steel/Iron Ore,true,false,0.376175
HCKT,Hackett Group Inc (The). Common Stock,10.35,-0.957,257485986,112440,United States,Consumer Discretionary,Professional Services,true,false,0.376008
EVN,Eaton Vance Municipal Income Trust Common Stock,9.9,-3.036,392704914,119168,United States,Finance,Investment Managers,true,false,0.375964
BBCP,Concrete Pumping Holdings Inc. Common Stock,9.685,-3.343,488060273,96603,United States,Consumer Discretionary,Engineering & Construction,true,false,0.375867
RR,Richtech Robotics Inc. Class B Common Stock,1.65,-4.624,371418206,3397289,United States,Industrials,Industrial Machinery/Components,true,false,0.375776
FLWS,1-800-FLOWERS.COM Inc. Common Stock,2.82,-0.704,181001971,564536,United States,Consumer Discretionary,Other Specialty Stores,true,false,0.375663
III,Information Services Group Inc. Common Stock,5.35,0,259012022,152631,United States,Consumer Discretionary,Professional Services,true,false,0.375591
REFI,Chicago Atlantic Real Estate Finance Inc. Common Stock,10.69,-1.384,273890051,112853,United States,Real Estate,Real Estate Investment Trusts,true,false,0.375521
EDIT,Editas Medicine Inc. Common Stock,2.69,-7.877,413130294,5166569,United States,Health Care,Biotechnology: Biological Products (No Diagnostic Substances),true,false,0.375473
ARCT,Arcturus Therapeutics Holdings Inc. Common Stock,13.3,-7.51,378026818,1076942,Israel,Health Care,Biotechnology: Pharmaceutical Preparations,false,false,0.375285
AEHL,Antelope Enterprise Holdings Limited Class A Ordinary Shares,8.225,6.404,155985941,164591,China,Consumer Discretionary,Telecommunications Equipment,false,false,0.375164
UTMD,Utah Medical Products Inc. Common Stock,75.01,-2.152,238818188,23753,United States,Health Care,Medical/Dental Instruments,true,false,0.375162
SLDB,Solid Biosciences Inc. Common Stock,8.02,-10.09,859946409,1088256,United States,Health Care,Biotechnology: Biological Products (No Diagnostic Substances),true,false,0.374891
NXH,Neighborhood Intelligence Inc. Common Stock,3.35,-5.367,319917238,2785834,United States,Consumer Discretionary,Catalog/Specialty Distribution,true,false,0.374829
TISI,Team Inc. Common Stock,28.9,1.226,132454740,41778,United States,Consumer Discretionary,Other Consumer Services,true,false,0.374757
STEX,Streamex Corp. Common Stock,0.8339,2.672,97120511,1222169,United States,Finance,Finance: Consumer Services,true,false,0.374746
PAAI,Paradium.AI Inc. Common Stock,1.55,19.231,73796512,5981657,United States,Technology,EDP Services,true,false,0.374692
NGNE,Neurogene Inc. Common Stock,30.93,-7.946,618952045,276200,Canada,Health Care,Biotechnology: Pharmaceutical Preparations,false,false,0.374295
EFSI,Eagle Financial Services Inc Common Stock,45.36,-2.094,245470856,35992,United States,Finance,Major Banks,true,false,0.374276
NOAH,Noah Holdings Limited American Depositary Shares,8,-2.558,536413256,67562,China,Finance,Investment Managers,false,false,0.373899
CLNE,Clean Energy Fuels Corp. Common Stock,1.62,-3.571,357120924,915288,United States,Utilities,Natural Gas Distribution,true,false,0.373853
THM,International Tower Hill Mines Ltd. Ordinary Shares (Canada),2.81,-4.746,735201299,770568,Canada,Basic Materials,Metal Mining,false,false,0.373846
AURA,Aura Biosciences Inc. Common Stock,6.02,-6.667,624302950,1037135,United States,Health Care,Biotechnology: Biological Products (No Diagnostic Substances),true,false,0.373699
MNPR,Monopar Therapeutics Inc. Common Stock,89.38,-7.503,599933933,89350,United States,Health Care,Biotechnology: Pharmaceutical Preparations,true,false,0.373488
EXFY,Expensify Inc. Class A Common Stock,2.35,0,214288660,425516,United States,Technology,Computer Software: Prepackaged Software,true,false,0.373207
ERII,Energy Recovery Inc. Common Stock,6.8,-4.494,347105150,777829,United States,Technology,Industrial Machinery/Components,true,false,0.373139
BRAI,Braiin Limited Common Stock,5.62,-0.531,1158215841,6692,Australia,Technology,EDP Services,false,false,0.372924
XTND,Xtend AI Robotics Inc. Common Stock,3.95,-0.504,79910092,780902,,Industrials,Military/Government/Technical,false,false,0.372917
RBKB,Rhinebeck Bancorp Inc. Common Stock,12.81,-2.214,200296724,161497,United States,Finance,Banks,true,false,0.372855
PCYO,Pure Cycle Corporation Common Stock,11,-0.901,265071070,87722,United States,Utilities,Water Supply,true,false,0.372834
IVVD,Invivyd Inc. Common Stock,0.9231,-4.243,272091798,6910209,United States,Health Care,Biotechnology: Biological Products (No Diagnostic Substances),true,false,0.372830
LXEH,Lixiang Education Holding Co. Ltd. American Depositary Shares,1.59,16.058,3047501,28547589,China,Real Estate,Other Consumer Services,false,false,0.372828
ASMB,Assembly Biosciences Inc. Common Stock,23.97,-5.815,488043486,275270,United States,Health Care,Biotechnology: Pharmaceutical Preparations,true,false,0.372685
CTRN,Citi Trends Inc. Common Stock,50.56,-6.422,421642440,184327,United States,Consumer Discretionary,Clothing/Shoe/Accessory Stores,true,false,0.372671
SWRD,Stewards Inc Common Stock,2.42,11.009,510982910,350017,United States,Finance,Finance Companies,true,false,0.372631
FNKO,Funko Inc. Class A Common Stock,5.32,-5.338,297897475,1779406,United States,Consumer Discretionary,Recreational Games/Products/Toys,true,false,0.372616
API,Agora Inc. American Depositary Shares,4.33,-1.367,362745750,153876,China,Technology,Computer Software: Prepackaged Software,false,false,0.372426
TARA,Protara Therapeutics Inc.  Common Stock,3.54,-3.804,209198028,882849,United States,Health Care,Biotechnology: Biological Products (No Diagnostic Substances),true,false,0.372344
SWKHL,SWK Holdings Corporation 9.00% Senior Notes due 2027,25.09,0.04,304778040,20964,United States,Uncategorized,Uncategorized,true,false,0.372333
SAMG,Silvercrest Asset Management Group Inc. Class A Common Stock,9.8,5.15,116108117,162747,United States,Finance,Investment Managers,true,false,0.372270
OTLY,Oatly Group AB American Depositary Shares,12.12,-1.543,386776567,51594,Sweden,Consumer Staples,Packaged Foods,false,false,0.372233
TPVG,TriplePoint Venture Growth BDC Corp. Common Stock,4.92,0.204,200291837,200989,United States,Consumer Discretionary,Other Consumer Services,true,false,0.372177
QVCG,QVC Group Inc. Common Stock,15.03,-5.412,751498452,183702,United States,Consumer Discretionary,Catalog/Specialty Distribution,true,false,0.372107
TTGT,TechTarget Inc. Common Stock,3.77,-2.078,272694128,349833,United States,Telecommunications,Telecommunications Equipment,true,false,0.371700
GALT,Galectin Therapeutics Inc. Common Stock,4.05,-2.174,408441058,174144,United States,Health Care,Biotechnology: Pharmaceutical Preparations,true,false,0.371688
INVZ,Innoviz Technologies Ltd. Ordinary shares,0.4081,16.6,144752526,11277330,Israel,Consumer Discretionary,Auto Parts:O.E.M.,false,false,0.370965
ISBA,Isabella Bank Corporation Common stock,37.26,-2.563,284251808,37345,United States,Finance,Major Banks,true,false,0.370786
QNBC,QNB Corp. Common Stock,45.45,-0.22,274908370,14603,United States,Finance,Major Banks,true,false,0.370677
KYTX,Kyverna Therapeutics Inc. Common Stock,7.07,-5.859,437233149,1032201,United States,Health Care,Biotechnology: Biological Products (No Diagnostic Substances),true,false,0.370637
GBFH,GBank Financial Holdings Inc. Common Stock,18.68,-2.045,271167417,67614,United States,Finance,Major Banks,true,false,0.370422
UNCY,Unicycive Therapeutics Inc. Common Stock,4.81,-3.024,133983786,771825,United States,Health Care,Biotechnology: Pharmaceutical Preparations,true,false,0.370202
INFU,InfuSystems Holdings Inc. Common Stock,12.7,-3.127,252948199,151193,United States,Health Care,Medical/Dental Instruments,true,false,0.370053
CPZ,Calamos Long/Short Equity & Dynamic Income Trust Common Stock,12.81,-1.081,251488405,81524,United States,Finance,Trusts Except Educational Religious and Charitable,true,false,0.370033
PNNT,PennantPark Investment Corporation Common Stock,3.41,-0.872,222659681,334895,United States,Finance,Finance: Consumer Services,true,false,0.369616
ASBH,American Savings Bank N.A. Common Stock,18.25,-2.667,147044630,159122,,Uncategorized,Uncategorized,false,false,0.369356
REF,Reformation Inc. Common Stock,12.47,-8.309,736719120,506372,,Consumer Discretionary,Apparel,false,false,0.369159
MYFW,First Western Financial Inc. Common Stock,30.28,-2.038,295688106,35434,United States,Finance,Major Banks,true,false,0.369112
INO,Inovio Pharmaceuticals Inc. Common Stock,1.25,-3.101,129246898,3031137,United States,Health Care,Biotechnology: Pharmaceutical Preparations,true,false,0.369042
FRMEP,First Merchants Corporation Depository Shares,25.2,0,1582595860,46,United States,Finance,Major Banks,true,false,0.368862
ALCO,Alico Inc. Common Stock,39.42,-0.78,292439675,17469,United States,Consumer Staples,Farming/Seeds/Milling,true,false,0.368804
BDL,Flanigan's Enterprises Inc. Common Stock,43.62,2.877,81074182,22128,United States,Consumer Discretionary,Restaurants,true,false,0.368706
AGCC,Agencia Comercial Spirits Ltd Class A Ordinary Shares,14.21,1.501,529841165,5822,Taiwan,Consumer Staples,Beverages (Production/Distribution),false,false,0.368704
SABS,SAB Biotherapeutics Inc. Common Stock,3.39,-3.143,308443788,406678,United States,Health Care,Biotechnology: Biological Products (No Diagnostic Substances),true,false,0.368641
TRDA,Entrada Therapeutics Inc. Common Stock,6.5,-3.13,253088349,282773,United States,Health Care,Biotechnology: Pharmaceutical Preparations,true,false,0.368625
TREE,LendingTree Inc. Common Stock,24,-7.869,336949464,622629,United States,Finance,Finance: Consumer Services,true,false,0.368541
FVCB,FVCBankcorp Inc. Common Stock,17.68,-2.212,318844744,55369,United States,Finance,Major Banks,true,false,0.368279
FTF,Franklin Limited Duration Income Trust Common Shares of Beneficial Interest,5.41,-3.047,218593073,389754,United States,Finance,Finance/Investors Services,true,false,0.368150
PCB,PCB Bancorp Common Stock,27.16,-1.808,381451390,21937,United States,Finance,Major Banks,true,false,0.368147
ATLCZ,Atlanticus Holdings Corporation 9.25% Senior Notes due 2029,25.73,0.312,389177803,10077,United States,Finance,Finance: Consumer Services,true,false,0.368050
MRBK,Meridian Corporation Common Stock,19.14,-1.543,228321979,65560,United States,Finance,Major Banks,true,false,0.367757
FOIL,Londian Wason New Energy Tech Inc. American Depositary Shares each representing five Ordinary Shares,18.72,-5.167,1463125941,39334,,Industrials,Industrial Specialties,false,false,0.367560
STRZ,Starz Entertainment Corp. Common Shares,23.41,-8.946,400876843,623242,United States,Consumer Discretionary,Movies/Entertainment,true,false,0.367379
ADSE,ADS-TEC ENERGY PLC Ordinary Shares,10.98,-0.091,824924435,4960,Ireland,Consumer Discretionary,Industrial Specialties,false,false,0.367315
ABEO,Abeona Therapeutics Inc. Common Stock,5.53,-4.983,316227614,1190119,United States,Health Care,Biotechnology: Pharmaceutical Preparations,true,false,0.367297
KGEI,Kolibri Global Energy Inc. Common stock,6.47,-1.746,232606173,197217,United States,Energy,Oil & Gas Production,true,false,0.366994
AGNT,AGNT Inc. Common Stock,3.54,-7.572,591597497,1954164,United States,Finance,Real Estate,true,false,0.366885
PLTK,Playtika Holding Corp. Common Stock,2.2,-5.172,839120009,796290,Israel,Technology,EDP Services,false,false,0.366779
VMET,Versamet Royalties Corporation Common Stock,9.22,-6.014,1003408055,223989,Canada,Industrials,Precious Metals,false,false,0.366717
IPX,IperionX Limited American Depositary Share,19.77,-7.918,670962306,315549,United States,Basic Materials,Other Metals and Minerals,true,false,0.366592
VINP,Vinci Compass Investments Ltd. Class A Common Shares,9.33,-1.478,610388174,22813,Brazil,Finance,Investment Managers,false,false,0.366427
ANIK,Anika Therapeutics Inc. Common Stock,20.375,-2.465,272677932,61989,United States,Health Care,Medical/Dental Instruments,true,false,0.366360
ECX,ECARX Holdings Inc. Class A Ordinary shares,1.06,-3.636,403923583,940045,China,Technology,EDP Services,false,false,0.366354
ZSQR,Z Squared Inc. Common Stock,2.96,6.093,156881175,321232,United States,Finance,Finance: Consumer Services,true,false,0.366292
TECX,Tectonic Therapeutic Inc. Common Stock,24.98,-5.736,488343163,207447,United States,Health Care,Biotechnology: Biological Products (No Diagnostic Substances),true,false,0.365987
TENX,Tenax Therapeutics Inc. Common Stock,1.9,-2.062,71105442,2353062,United States,Health Care,Biotechnology: Pharmaceutical Preparations,true,false,0.365716
AMWL,American Well Corporation Class A Common Stock,13.21,0,224685693,53599,United States,Consumer Discretionary,Business Services,true,false,0.365619
AOUT,American Outdoor Brands Inc. Common Stock,16.51,-1.019,208376425,69206,United States,Consumer Discretionary,Recreational Games/Products/Toys,true,false,0.365578
OCC,Optical Cable Corporation Common Stock,14.16,0,125203060,95996,United States,Industrials,Telecommunications Equipment,true,false,0.365541
AMBR,Amber International Holding Limited American Depositary Shares,1.92,1.587,181008482,262900,Hong Kong,Finance,Finance: Consumer Services,false,false,0.365310
FGNX,FG Nexus Inc. Common Stock,8.205,1.547,41810120,299604,United States,Finance,Property-Casualty Insurers,true,false,0.365303
CHPT,ChargePoint Holdings Inc. Common Stock,9.23,-6.294,247828491,1528908,United States,Miscellaneous,Industrial Machinery/Components,true,false,0.365077
INGN,Inogen Inc Common Stock,5.09,-2.677,135080135,530341,United States,Health Care,Industrial Specialties,true,false,0.365031
SOHU,Sohu.com Limited American Depositary Shares,13.11,-0.982,341764878,35937,China,Technology,EDP Services,false,false,0.364699
KDK,Kodiak AI Inc. Common Stock,2.97,-7.188,595835965,1994740,United States,Technology,EDP Services,true,false,0.364690
DDT,Dillard's Capital Trust I,26.27,0.344,410322978,7451,United States,Consumer Discretionary,Department/Specialty Retail Stores,true,false,0.364572
FXHO,UTime Limited Class A Ordinary Shares,10.96,-0.454,298948588,44056,China,Technology,Consumer Electronics/Appliances,false,false,0.364468
OVID,Ovid Therapeutics Inc. Common Stock,2.57,-6.884,501915492,2635333,United States,Health Care,Biotechnology: Pharmaceutical Preparations,true,false,0.364434
OXSQ,Oxford Square Capital Corp. Common Stock,1.27,0.794,136788874,734179,United States,Finance,Blank Checks,true,false,0.363936
VIVO,VivoPower PLC Class A Ordinary Shares,3.86,0.26,123495122,317219,United Kingdom,Utilities,Power Generation,false,false,0.363781
CTNM,Contineum Therapeutics Inc. Class A Common Stock,12.51,-6.642,470640361,550266,United States,Health Care,Biotechnology: Pharmaceutical Preparations,true,false,0.363778
SBMT,Silver Bow Mining Corp. Common Shares,8.24,-3.4,243314840,216932,,Basic Materials,Precious Metals,false,false,0.363691
FINS,Angel Oak Financial Strategies Income Term Trust Common Shares of Beneficial Interest,11.99,-1.802,300501030,65845,,Finance,Finance/Investors Services,false,false,0.363562
PBYI,Puma Biotechnology Inc Common Stock,9.28,-5.499,479034212,475959,United States,Health Care,Biotechnology: Pharmaceutical Preparations,true,false,0.363532
EVH,Evolent Health Inc Class A Common Stock,3.62,-4.737,409274793,1013549,United States,Consumer Discretionary,Other Consumer Services,true,false,0.363462
MITT,TPG Mortgage Investment Trust Inc. Common Stock,6.19,-3.882,196863510,419383,United States,Real Estate,Real Estate Investment Trusts,true,false,0.363459
KRMD,KORU Medical Systems Inc. Common Stock (DE),3.27,-1.208,150982120,465630,United States,Health Care,Medical/Dental Instruments,true,false,0.363410
LCUT,Lifetime Brands Inc. Common Stock,8.65,-0.346,198853431,104503,United States,Consumer Discretionary,Industrial Machinery/Components,true,false,0.363340
SPOK,Spok Holdings Inc. Common Stock,10.4,-1.235,217548625,102364,United States,Telecommunications,Telecommunications Equipment,true,false,0.363181
DSC,DSC Holdings Ltd. American Depositary Shares,6.7,4.851,335485696,42624,China,Technology,Computer Software: Programming Data Processing,false,false,0.363082
AIB,AIB Data Centers Inc. Common Stock,1.46,7.353,110930020,1160033,,Finance,Investment Bankers/Brokers/Service,false,false,0.362978
CDRO,Codere Online Luxembourg S.A. Ordinary Shares,9.23,2.556,419687315,7208,Luxembourg,Consumer Discretionary,Services-Misc. Amusement & Recreation,false,false,0.362970
STRW,Strawberry Fields REIT Inc. Common Stock,13.6,-0.147,192539770,64015,United States,Real Estate,Real Estate Investment Trusts,true,false,0.362837
APC,ARKO Petroleum Corp. Class A Common Stock,16.97,-3.415,213316684,120910,United States,Energy,Oil Refining/Marketing,true,false,0.362630
AMPG,Amplitech Group Inc. Common Stock,3.38,-0.734,101548338,569516,United States,Telecommunications,Telecommunications Equipment,true,false,0.362531
RGNX,REGENXBIO Inc. Common Stock,7.5,-7.975,495098940,1113360,United States,Health Care,Biotechnology: Biological Products (No Diagnostic Substances),true,false,0.362499
SOR,Source Capital Inc. Cmn Shs of BI,45.61,0.022,380591870,5325,United States,Finance,Investment Managers,true,false,0.362469
MCI,Barings Corporate Investors Common Stock,18.73,-0.689,379501997,17396,United States,Finance,Trusts Except Educational Religious and Charitable,true,false,0.362298
CHRS,Coherus Oncology Inc. Common Stock,1.26,-3.077,194671217,1617127,United States,Health Care,Biotechnology: Biological Products (No Diagnostic Substances),true,false,0.362238
PBFS,Pioneer Bancorp Inc. Common Stock,17.45,-3.002,433487019,34123,United States,Finance,Banks,true,false,0.362081
JAKK,JAKKS Pacific Inc. Common Stock,24.42,-1.572,279487193,31696,United States,Consumer Discretionary,Recreational Games/Products/Toys,true,false,0.362046
AAPG,Ascentage Pharma Group International American Depository Shares,15.58,-1.827,1454089938,1466,China,Health Care,Biotechnology: Pharmaceutical Preparations,false,false,0.362000
CFBK,CF Bankshares Inc. Common Stock,33.91,-1.424,217550012,32090,United States,Finance,Major Banks,true,false,0.361869
SSP,E.W. Scripps Company (The) Class A Common Stock,3.02,-3.205,279860353,437305,United States,Industrials,Broadcasting,true,false,0.361843
PPT,Franklin Premier Income Trust Shares of Beneficial Interest,3.27,-1.506,325457420,169733,United States,Finance,Finance Companies,true,false,0.361645
AIIR,Air Global PLC Ordinary Shares,7.49,0,1201295649,1077,United Arab Emirates,Consumer Discretionary,Tobacco,false,false,0.361436
SMHI,SEACOR Marine Holdings Inc. Common Stock,8.83,-1.998,239582854,126049,United States,Consumer Discretionary,Marine Transportation,true,false,0.361220
QTRX,Quanterix Corporation Common Stock,3.16,-0.94,149446085,423790,United States,Industrials,Biotechnology: Laboratory Analytical Instruments,true,false,0.361104
SGU,Star Group L.P. Common Stock,12.79,-0.699,419655453,19969,United States,Consumer Discretionary,Other Specialty Stores,true,false,0.361070
SLBT,SL Science Holding Limited Ordinary Shares,1.66,-1.19,930861197,30834,Taiwan,Health Care,Biotechnology: Biological Products (No Diagnostic Substances),false,false,0.360745
PPHC,Public Policy Holding Company Inc. Common Stock,11.72,-2.577,350372787,60730,United States,Uncategorized,Uncategorized,true,false,0.360423
DCBG,Dime Commercial Bancshares Inc. 9.000% Junior Subordinated Notes,26.57,0,1040179285,614,United States,Finance,Major Banks,true,false,0.360397
MITN,TPG Mortgage Investment Trust Inc. 9.500% Senior Notes due 2029,25.43,0.022,750006583,1876,United States,Real Estate,Real Estate Investment Trusts,true,false,0.360310
OIO,OIO Group Ordinary Shares,1.865,-2.356,649061231,108150,Singapore,Utilities,Environmental Services,false,false,0.359998
NIU,Niu Technologies American Depositary Shares,2.13,1.188,167068867,254661,China,Industrials,Auto Manufacturing,false,false,0.359936
SLGB,Smart Logistics Global Limited Class A Ordinary Shares,0.3053,4.914,13738500,19788978,Hong Kong,Industrials,Integrated Freight & Logistics,false,false,0.359836
ESOA,Energy Services of America Corporation Common Stock,10.8,-0.277,201519155,68320,United States,Industrials,Water Sewer Pipeline Comm & Power Line Construction,true,false,0.359730
OPRX,OptimizeRx Corporation Common Stock,7.6,-0.262,143153228,143672,United States,Consumer Discretionary,Business Services,true,false,0.359513
GRX,The Gabelli Healthcare & Wellness Trust Common Shares of Beneficial Interest,9.8,0.823,167511135,61069,United States,Finance,Finance/Investors Services,true,false,0.359162
NWFL,Norwood Financial Corp. Common Stock,33.34,-2.884,363475147,21156,United States,Finance,Major Banks,true,false,0.359051
LCNB,LCNB Corporation Common Stock,18.53,-2.216,264144928,51603,United States,Finance,Major Banks,true,false,0.359028
CMRC,Commerce.com Inc. Series 1 Common Stock,3.24,-3.858,268463131,470725,United States,Technology,Computer Software: Prepackaged Software,true,false,0.358968
ATLCL,Atlanticus Holdings Corporation 6.125% Senior Notes due 2026,25.21,-0.04,381312569,8626,United States,Finance,Finance: Consumer Services,true,false,0.358929
SIGA,SIGA Technologies Inc. Common Stock,3.17,-2.761,227763600,435203,United States,Health Care,Biotechnology: Pharmaceutical Preparations,true,false,0.358624
BKKT,Bakkt Inc. Class A Common Stock,8.81,-9.455,397061925,1518440,United States,Finance,Finance: Consumer Services,true,false,0.358530
WHFCL,WhiteHorse Finance Inc. 7.875% Notes due 2028,25.08,0,582936647,3395,United States,Uncategorized,Uncategorized,true,false,0.358515
NODK,NI Holdings Inc. Common Stock,14.76,-1.403,301173711,36814,United States,Finance,Property-Casualty Insurers,true,false,0.358514
HQI,HireQuest Inc. Common Stock (DE),18.3,7.206,254370000,27799,United States,Consumer Discretionary,Professional Services,true,false,0.358509
TG,Tredegar Corporation Common Stock,7.01,-1.821,244958590,130855,United States,Industrials,Metal Fabrications,true,false,0.358266
CUBB,Customers Bancorp Inc 5.375% Subordinated Notes Due 2034,21.22,-0.376,671050458,3409,United States,Finance,Major Banks,true,false,0.358084
LAB,Standard BioTools Inc. Common Stock,0.742,-1.04,291293476,653431,United States,Industrials,Biotechnology: Laboratory Analytical Instruments,true,false,0.357787
ARTV,Artiva Biotherapeutics Inc. Common Stock,7.72,-4.574,377431734,407804,United States,Health Care,Biotechnology: Biological Products (No Diagnostic Substances),true,false,0.357735
ANNA,AleAnna Inc. Class A Common Stock,2.75,0.365,184069600,216182,United States,Energy,Oil & Gas Production,true,false,0.357633
SITC,SITE Centers Corp. Common Stock,2.97,-2.941,155851757,693445,United States,Real Estate,Real Estate Investment Trusts,true,false,0.357432
COOK,Traeger Inc. Common Stock,48.18,-2.43,134818432,42616,United States,Consumer Discretionary,Consumer Electronics/Appliances,true,false,0.357361
ORBS,Eightco Holdings Inc. Common Stock,1.06,-9.402,455564044,10185486,United States,Finance,Finance Companies,true,false,0.357337
PDYN,Palladyne AI Corp. Common Stock,5.44,-4.225,268401494,770282,United States,Technology,Computer Software: Prepackaged Software,true,false,0.357265
CABA,Cabaletta Bio Inc. Common Stock,2.22,-11.2,376390888,8677300,United States,Health Care,Biotechnology: Biological Products (No Diagnostic Substances),true,false,0.357206
SCCG,Sachem Capital Corp. 8.00% Notes due 2027,24.725,-0.503,1170538071,439,United States,Real Estate,Real Estate Investment Trusts,true,false,0.357171
ONCO,Onconetix Inc. Common Stock,0.91,33.216,3986275,31964208,United States,Health Care,Biotechnology: Pharmaceutical Preparations,true,false,0.357102
POWW,Outdoor Holding Company Common Stock,2.3,-2.954,266940141,496343,United States,Industrials,Ordnance And Accessories,true,false,0.357032
GENC,Gencor Industries Inc. Common Stock,17.37,-2.744,254604284,66288,United States,Industrials,Construction/Ag Equipment/Trucks,true,false,0.356957
CTGO,Contango Silver & Gold Inc. Common Stock,18.38,-7.265,614639901,250402,United States,Basic Materials,Precious Metals,true,false,0.356937
MGPI,MGP Ingredients Inc.,12.94,-4.148,277098143,292616,United States,Consumer Staples,Beverages (Production/Distribution),true,false,0.356720
MED,MEDIFAST INC Common Stock,11.95,-1.076,133609401,113872,United States,Consumer Staples,Packaged Foods,true,false,0.356663
DHX,DHI Group Inc. Common Stock,4.6,-2.335,199751274,292358,United States,Consumer Discretionary,Business Services,true,false,0.356650
NREF,NexPoint Real Estate Finance Inc. Common Stock,15.81,-3.539,297987338,73213,United States,Real Estate,Real Estate Investment Trusts,true,false,0.356554
ODTX,Odyssey Therapeutics Inc. Common Stock,20.76,-11.054,997695021,255201,United States,Health Care,Biotechnology: Biological Products (No Diagnostic Substances),true,false,0.356447
HCMA,HCM III Acquisition Corp. Class A Ordinary Share,10.3,0.097,399768750,16107,United States,Consumer Discretionary,Hotels/Resorts,true,false,0.355969
MLP,Maui Land & Pineapple Company Inc. Common Stock,16.21,-0.246,321916903,18193,United States,Finance,Real Estate,true,false,0.355853
PAL,Proficient Auto Logistics Inc. Common Stock,3.86,-2.525,108284283,641199,United States,Consumer Discretionary,Transportation Services,true,false,0.355736
MPAA,Motorcar Parts  of America Inc. Common Stock,10.56,-2.673,199934666,136090,United States,Consumer Discretionary,Auto Parts:O.E.M.,true,false,0.355576
HUMA,Humacyte Inc. Common Stock,0.5657,-2.934,157150388,3431589,United States,Health Care,Biotechnology: Biological Products (No Diagnostic Substances),true,false,0.355477
NC,NACCO Industries Inc. Common Stock,36.34,-1.116,274246896,14034,United States,Energy,Coal Mining,true,false,0.355202
JDZG,JIADE LIMITED Class A Ordinary Shares,4.14,4.02,22486340,998637,China,Real Estate,Other Consumer Services,false,false,0.355186
ELA,Envela Corporation Common Stock,12.46,-2.96,323504911,62309,United States,Consumer Discretionary,Consumer Specialties,true,false,0.355180
INSE,Inspired Entertainment Inc. Common Stock,4.51,-0.111,118876258,243310,United States,Technology,Computer Software: Prepackaged Software,true,false,0.355149
WNEB,Western New England Bancorp Inc. Common Stock,13.71,-1.65,274828905,46120,United States,Finance,Savings Institutions,true,false,0.355028
BCYC,Bicycle Therapeutics plc American Depositary Shares,3.6,-3.485,251974336,374260,United Kingdom,Health Care,Biotechnology: Pharmaceutical Preparations,false,false,0.354863
ETX,Eaton Vance Municipal Income 2028 Term Trust Common Shares of Beneficial Interest,17.49,-0.907,190377880,48897,,Finance,Investment Managers,false,false,0.354716
LZM,Lifezone Metals Limited Ordinary Shares,3.96,-3.65,356061646,214323,Isle of Man,Basic Materials,Metal Mining,false,false,0.354627
CNDT,Conduent Incorporated Common Stock,1.6,-3.03,248833280,740553,United States,Consumer Discretionary,Business Services,true,false,0.354352
BRT,BRT Apartments Corp. (MD) Common Stock,13.84,-2.052,260098954,56756,United States,Real Estate,Real Estate Investment Trusts,true,false,0.354322
PAMT,PAMT CORP Common Stock,11.76,0.427,246280942,28716,United States,Industrials,Trucking Freight/Courier Services,true,false,0.354306
GWRS,Global Water Resources Inc. Common Stock,8.08,-2.533,241796392,128740,United States,Utilities,Water Supply,true,false,0.354175
SLSR,Solaris Resources Inc. Common Shares,7.22,-6.234,1205995068,160709,,Uncategorized,Uncategorized,false,false,0.353855
NAGE,Niagen Bioscience Inc. Common Stock,3,-2.913,237378006,390910,United States,Health Care,Medicinal Chemicals and Botanical Products,true,false,0.353457
VRME,VerifyMe Inc. Common Stock,1.15,10.577,15139975,10730918,United States,Technology,EDP Services,true,false,0.353360
ZKH,ZKH Group Limited American Depositary Shares each representing thirty-five (35) Class A Ordinary Shares,2.81,-2.768,446563281,131940,Cayman Islands,Consumer Discretionary,RETAIL: Building Materials,false,false,0.353231
TACO,Berto Acquisition Corp. Ordinary Shares,10.45,-0.096,380821324,16909,United States,Finance,Blank Checks,true,false,0.353199
SCM,Stellus Capital Investment Corporation Common Stock,7.81,-1.139,222428308,88839,United States,Finance,Finance/Investors Services,true,false,0.352981
BMBL,Bumble Inc. Class A Common Stock,2.68,-5.3,353675082,1660195,United States,Technology,Computer Software: Programming Data Processing,true,false,0.352796
AFRI,Forafric Global PLC Ordinary Shares,11.04,-0.271,297680518,27800,Gibraltar,Consumer Staples,Packaged Foods,false,false,0.352645
GGT,Gabelli Multi-Media Trust Inc. (The) Common Stock,4.02,-0.985,110693719,354878,United States,Finance,Trusts Except Educational Religious and Charitable,true,false,0.352635
VPV,Invesco Pennsylvania Value Municipal Income Trust Common Stock (DE),10.75,-0.647,256167598,40519,United States,Finance,Trusts Except Educational Religious and Charitable,true,false,0.352323
GNPX,Genprex Inc. Common Stock,3.75,5.932,3073909,2497927,United States,Health Care,Biotechnology: Pharmaceutical Preparations,true,false,0.352217
ALMU,Aeluma Inc. Common Stock,13.18,-5.18,253921544,478238,United States,Technology,Semiconductors,true,false,0.352090
TNYA,Tenaya Therapeutics Inc. Common Stock,0.6613,-3.064,148283307,2920341,United States,Health Care,Biotechnology: Biological Products (No Diagnostic Substances),true,false,0.351699
BANX,ArrowMark Financial Corp. Common Stock,21.015,-0.261,149261685,37831,United States,Finance,Trusts Except Educational Religious and Charitable,true,false,0.351632
FPH,Five Point Holdings LLC Class A Common Shares,4.72,-4.065,697992014,165115,United States,Finance,Real Estate,true,false,0.351527
TRUG,TruGolf Holdings Inc. Class A Common Stock,0.455,7.16,2098668,27789234,United States,Consumer Discretionary,Recreational Games/Products/Toys,true,false,0.351511
ARVN,Arvinas Inc. Common Stock,7.83,-7.991,511973876,761422,United States,Health Care,Biotechnology: Pharmaceutical Preparations,true,false,0.351446
BYRN,Byrna Technologies Inc. Common Stock,3.62,4.323,84725209,333883,United States,Miscellaneous,Industrial Machinery/Components,true,false,0.351428
PTHS,Pelthos Therapeutics Inc. Common Stock,23.52,1.205,90045591,34933,,Health Care,Biotechnology: Biological Products (No Diagnostic Substances),false,false,0.351394
PHOE,Phoenix Asia Holdings Limited Ordinary Shares,19.81,0.304,427896000,5281,Hong Kong,Consumer Discretionary,Engineering & Construction,false,false,0.351389
AKBA,Akebia Therapeutics Inc. Common Stock,0.9326,-4.837,258429284,5390912,United States,Health Care,Biotechnology: Pharmaceutical Preparations,true,false,0.351170
SRI,Stoneridge Inc. Common Stock,7,-2.371,199660118,166704,United States,Consumer Discretionary,Auto Parts:O.E.M.,true,false,0.351124
SPRY,ARS Pharmaceuticals Inc. Common Stock,4.18,-6.696,415689894,1370368,United States,Health Care,Biotechnology: Pharmaceutical Preparations,true,false,0.351047
ORMP,Oramed Pharmaceuticals Inc. Common Stock,4.72,-0.632,196339511,134801,Israel,Health Care,Biotechnology: Pharmaceutical Preparations,false,false,0.351018
SOS,SOS Limited Class A Ordinary Shares,0.3444,-1.205,6257858,31343112,China,Finance,Investment Bankers/Brokers/Service,false,false,0.350927
EDRY,EuroDry Ltd. Common Shares,51.34,-5.067,147170782,186459,Greece,Consumer Discretionary,Marine Transportation,false,false,0.350829
KVHI,KVH Industries Inc. Common Stock,7.16,0.421,129889288,96552,United States,Consumer Discretionary,Telecommunications Equipment,true,false,0.350369
RFIL,RF Industries Ltd. Common Stock,8.37,-0.829,90795760,174955,United States,Technology,Electrical Products,true,false,0.350012
ESCA,Escalade Incorporated Common Stock,19.08,-1.953,262656692,32170,United States,Consumer Discretionary,Recreational Games/Products/Toys,true,false,0.349662
CDXS,Codexis Inc. Common Stock,1.38,-0.719,151117956,627716,United States,Industrials,Major Chemicals,true,false,0.349567
RNAC,Cartesian Therapeutics Inc. Common Stock,7.87,-2.599,238109620,117056,United States,Health Care,Biotechnology: Pharmaceutical Preparations,true,false,0.349463
BZUN,Baozun Inc. American Depositary Shares,3,0.334,174385167,159553,China,Consumer Discretionary,Catalog/Specialty Distribution,false,false,0.349424
RWAYL,Runway Growth Finance Corp. 7.50% Notes due 2027,25.115,-0.02,909580713,449,United States,Finance,Finance: Consumer Services,true,false,0.349363
CMPX,Compass Therapeutics Inc. Common Stock,1.17,-5.645,210702861,7693396,United States,Health Care,Biotechnology: Biological Products (No Diagnostic Substances),true,false,0.349181
AUUD,Auddia Inc. Common Stock,1.31,-1.504,7601996,7703830,United States,Technology,EDP Services,true,false,0.348758
FJET,Starfighters Space Inc. Common Stock,1.87,-3.608,102842556,1558209,United States,Consumer Discretionary,Air Freight/Delivery Services,true,false,0.348539
TOYO,TOYO Co. Ltd Ordinary Shares,4.34,-3.125,165672955,372535,Japan,Consumer Discretionary,Miscellaneous manufacturing industries,false,false,0.348521
FRGT,Freight Technologies Inc. Ordinary Shares,0.49,-1.05,280341,30443993,United States,Industrials,Integrated Freight & Logistics,true,false,0.348345
PRME,Prime Medicine Inc. Common Stock,3.13,-11.582,567709559,3334277,United States,Health Care,Biotechnology: Biological Products (No Diagnostic Substances),true,false,0.348224
AIBZ,Bitzero Holdings Inc. Common Shares,4.58,-3.376,284921763,191867,Canada,Consumer Discretionary,Services-Misc. Amusement & Recreation,false,false,0.348208
JLHL,Julong Holding Limited Class A Ordinary Shares,5.63,1.077,120755798,94531,China,Consumer Discretionary,Military/Government/Technical,false,false,0.348131
KELYB,Kelly Services Inc. Class B Common Stock,22.31,0,774869648,915,United States,Consumer Discretionary,Professional Services,true,false,0.348082
QNTM,Quantum Biopharma Ltd. Class B Subordinate Voting Shares,3.88,4.865,31379581,645304,Canada,Health Care,Biotechnology: Pharmaceutical Preparations,false,false,0.347649
FCNCP,First Citizens BancShares Inc. Depositary Shares,18.86,-0.737,212988243,26973,United States,Finance,Major Banks,true,false,0.347532
NSLRL,Neostellar Capital Corp. 6.00% Notes due 2026,24.99,-0.019,661565818,1413,United States,Finance,Finance: Consumer Services,true,false,0.347461
VHC,VirnetX Holding Corp Common Stock,12.65,2.016,53340407,82694,United States,Miscellaneous,Multi-Sector Companies,true,false,0.347414
TRX,TRX Gold Corporation Common Stock,1.33,-6.993,435540432,3889475,Canada,Basic Materials,Precious Metals,false,false,0.347410
ANVS,Annovis Bio Inc. Common Stock,1.27,0.794,54202405,1145530,United States,Health Care,Biotechnology: Pharmaceutical Preparations,true,false,0.347160
NATR,Nature's Sunshine Products Inc. Common Stock,12.95,-2.042,227861984,56661,United States,Health Care,Biotechnology: Pharmaceutical Preparations,true,false,0.347081
LWAY,Lifeway Foods Inc. Common Stock,22.31,-5.145,337031526,169010,United States,Consumer Staples,Packaged Foods,true,false,0.347026
EPM,Evolution Petroleum Corporation Inc. Common Stock,3.6,-1.639,144620014,319234,United States,Energy,Oil & Gas Production,true,false,0.347025
PHAT,Phathom Pharmaceuticals Inc. Common Stock,6.985,-9.987,565093024,1045252,United States,Health Care,Biotechnology: Pharmaceutical Preparations,true,false,0.346970
CVGI,Commercial Vehicle Group Inc. Common Stock,3.03,0,123117026,244194,United States,Consumer Discretionary,Auto Parts:O.E.M.,true,false,0.346838
SKYA,SkyAI Inc. Common Stock,1.81,1.685,78277986,388240,United States,Health Care,Medical/Dental Instruments,true,false,0.346522
SIF,SIFCO Industries Inc. Common Stock,21.46,-0.51,134213587,37480,United States,Industrials,Aerospace,true,false,0.346154
NEGG,Newegg Commerce Inc. Common Shares,14.43,-1.903,302646494,28639,China,Consumer Discretionary,Other Specialty Stores,false,false,0.345933
CBAT,CBAK Energy Technology Limited Ordinary Shares,1.46,13.178,129422921,1637518,China,Miscellaneous,Industrial Machinery/Components,false,false,0.345852
KULR,KULR Technology Group Inc. Common Stock,2.41,-1.23,111535576,512488,United States,Technology,Electrical Products,true,false,0.345747
FRMM,Forum Markets Incorporated Common Stock,5.14,2.187,67842593,128465,United States,Finance,Finance: Consumer Services,true,false,0.345221
CCOI,Cogent Communications Holdings Inc.,8.13,-12.675,416383934,2082522,United States,Consumer Discretionary,Telecommunications Equipment,true,false,0.345132
NEWTI,NewtekOne Inc. 8.00% Fixed Rate Senior Notes due 2028,25.225,0.699,663968717,718,United States,Finance,Major Banks,true,false,0.344977
HOFT,Hooker Furnishings Corporation Common Stock,13.34,0.755,142633908,32387,United States,Consumer Discretionary,Home Furnishings,true,false,0.344697
INDP,Indaptus Therapeutics Inc. Common Stock,3.77,-5.514,502323561,624737,United States,Health Care,Biotechnology: Pharmaceutical Preparations,true,false,0.344655
NEOV,NeoVolta Inc. Common Stock,3.17,-5.655,186596493,2852055,United States,Miscellaneous,Industrial Machinery/Components,true,false,0.344608
MDWD,MediWound Ltd. Ordinary Shares,13.65,-2.151,176225295,73155,Israel,Health Care,Medicinal Chemicals and Botanical Products,false,false,0.344548
REAX,Real REMAX Group Inc. Common Stock,15.13,-11.675,331649600,1192160,Canada,Finance,Real Estate,false,false,0.344378
GPJA,Georgia Power Company Series 2017A 5.00% Junior Subordinated Notes due October 1 2077,19.0809,-1.186,176717755,36485,United States,Utilities,Electric Utilities: Central,true,false,0.344339
NVCT,Nuvectis Pharma Inc. Common Stock,21.07,-8.391,687178371,169210,United States,Health Care,Biotechnology: Pharmaceutical Preparations,true,false,0.344232
RCEL,Avita Medical Inc. Common Stock,10.95,-4.7,338648975,237280,United States,Health Care,Medical/Dental Instruments,true,false,0.344231
PALI,Palisade Bio Inc. Common Stock,1.6,-5.325,278832893,2946006,United States,Health Care,Biotechnology: Biological Products (No Diagnostic Substances),true,false,0.343756
EARN,Ellington Credit Company Common Shares of Beneficial Interest,4.21,-1.174,158124211,182243,United States,Real Estate,Real Estate Investment Trusts,true,false,0.343578
ATOM,Atomera Incorporated Common Stock,4.31,-3.795,168193621,382840,United States,Technology,Semiconductors,true,false,0.343006
SES,SES AI Corporation Class A Common Stock,0.5232,-6.136,194257568,19157504,United States,Miscellaneous,Industrial Machinery/Components,true,false,0.342885
MTAL,Metals Acquisition Corp. II Class A Ordinary Shares,10.17,0.098,838638886,592,,Basic Materials,Metal Mining,false,false,0.342866
DOUG,Douglas Elliman Inc. Common Stock,1.54,-1.282,139971328,590576,United States,Finance,Real Estate,true,false,0.342768
SMRT,SmartRent Inc. Class A Common Stock,1.16,-2.521,222269687,686909,United States,Technology,EDP Services,true,false,0.342726
BXBL,BOXABL Inc. Common stock,3.98,-5.238,961143505,162530,United States,Consumer Discretionary,Homebuilding,true,false,0.342712
ENGN,enGene Therapeutics Inc. Common Stock,2,-2.439,134032632,669459,Canada,Health Care,Biotechnology: Biological Products (No Diagnostic Substances),false,false,0.342474
SVIA,Silvia Inc. Common Stock,4.03,-13.519,339771073,4901347,United States,Finance,Finance: Consumer Services,true,false,0.342470
WSHP,WeShop Holdings Limited Class A Ordinary Shares,5.78,-2.857,139975029,250335,Jersey,Consumer Discretionary,Other Specialty Stores,false,false,0.342444
ELVA,Electrovaya Inc. Common Shares,6.45,-4.16,322492886,307561,Canada,Miscellaneous,Industrial Machinery/Components,false,false,0.342430
GRWG,GrowGeneration Corp. Common Stock,1.61,1.899,94861923,259178,United States,Consumer Discretionary,RETAIL: Building Materials,true,false,0.342102
FIP,FTAI Infrastructure Inc. Common Stock,3.09,-5.215,365181567,932132,United States,Industrials,Railroads,true,false,0.341912
NKSH,National Bankshares Inc. Common Stock,41.49,-3.129,264317024,17193,United States,Finance,Major Banks,true,false,0.341872
SGC,Superior Group of Companies Inc. Common Stock,12.53,-0.713,199793369,35084,United States,Consumer Discretionary,Apparel,true,false,0.341455
OFLX,Omega Flex Inc. Common Stock,25.46,-3.12,257001438,28649,United States,Industrials,Industrial Specialties,true,false,0.341175
KAZR,Skyline Builders Group Holding Limited Class A Ordinary Shares,2.71,2.264,48623075,310896,Hong Kong,Consumer Discretionary,Engineering & Construction,false,false,0.340901
LND,Brasilagro Brazilian Agric Real Estate Co Sponsored ADR (Brazil),3.54,-1.939,363499392,68257,Brazil,Consumer Staples,Farming/Seeds/Milling,false,false,0.340782
ENTX,Entera Bio Ltd. Ordinary Shares,2.81,-5.705,488474302,858167,Israel,Health Care,Biotechnology: Biological Products (No Diagnostic Substances),false,false,0.340748
SMJF,SMJ International Holdings Inc. Class A Ordinary Shares,1.6,29.032,44328000,3657113,,Consumer Discretionary,RETAIL: Building Materials,false,false,0.340716
YDES,YD Bio Limited Ordinary Shares,3.23,14.539,228785248,359195,United States,Health Care,Medical Specialities,true,false,0.340262
SAZ,Saratoga Investment Corp 8.50% Notes due 2028,25.27,0.477,395933670,2719,United States,Finance,Investment Managers,true,false,0.339994
AMCI,AMC Robotics Corporation Common Stock,3.23,1.572,74956746,182605,United States,Consumer Discretionary,Home Furnishings,true,false,0.339889
OVBC,Ohio Valley Banc Corp. Common Stock,43.61,-3.518,205446754,25730,United States,Finance,Major Banks,true,false,0.339800
RGP,Resources Connection Inc. Common Stock,3.89,-2.384,134988065,310152,United States,Consumer Discretionary,Business Services,true,false,0.339470
LFCR,Lifecore Biomedical Inc. Common Stock,4.4,-2.113,166553464,205204,United States,Health Care,Biotechnology: Pharmaceutical Preparations,true,false,0.339470
YSG,Yatsen Holding Limited American Depositary Shares each representing twenty (20) Class A Ordinary Shares,2.76,1.099,259068510,44673,China,Consumer Discretionary,Package Goods/Cosmetics,false,false,0.339425
TNMG,TNL Mediagene Ordinary Shares,4.54,16.113,3453001,4452291,Taiwan,Consumer Discretionary,Advertising,false,false,0.339385
SBFG,SB Financial Group Inc. Common Stock,30.12,0.166,188340119,10694,United States,Finance,Major Banks,true,false,0.339366
UFI,Unifi Inc. New Common Stock,6.71,1.821,124731096,42065,United States,Consumer Discretionary,Textiles,true,false,0.339196
NXDT,NexPoint Diversified Real Estate Trust Common Stock,5.16,-3.008,274027099,111971,United States,Real Estate,Real Estate Investment Trusts,true,false,0.339146
NUCL,Eagle Nuclear Energy Corp. Common stock,6.22,-2.508,183986344,142950,United States,Basic Materials,Other Metals and Minerals,true,false,0.338778
BIOA,BioAge Labs Inc. Common Stock,7.89,-6.738,362126612,618485,United States,Health Care,Biotechnology: Pharmaceutical Preparations,true,false,0.338596
NEWTG,NewtekOne Inc. 8.50% Fixed Rate Senior Notes due 2029,25.13,0.079,661468141,725,United States,Finance,Major Banks,true,false,0.338496
FBYD,Falcon's Beyond Global Inc. Class A Common Stock,6.68,-4.571,810011777,71522,United States,Consumer Discretionary,Services-Misc. Amusement & Recreation,true,false,0.338052
RYDE,Ryde Group Ltd. Class A Ordinary Shares,0.77,10.775,138774256,1940896,,Consumer Discretionary,Business Services,false,false,0.338000
AAC,Ares Acquisition Corporation III Class A Ordinary Shares,10.08,-0.099,711690941,1471,,Industrials,Metal Fabrications,false,false,0.337953
DGICB,Donegal Group Inc. Class B Common Stock,19.4,8.44,720114071,1790,United States,Finance,Property-Casualty Insurers,true,false,0.337343
ATLO,Ames National Corporation Common Stock,31.09,-2.995,275370970,16831,United States,Finance,Major Banks,true,false,0.337263
SEVN,Seven Hills Realty Trust Common Stock,7.25,-2.815,164260394,145964,United States,Real Estate,Real Estate Investment Trusts,true,false,0.337143
ZENA,ZenaTech Inc. Common Stock,1.49,-3.247,128011905,1012387,Canada,Technology,Computer Software: Prepackaged Software,false,false,0.337108
PLBY,Playboy Inc. Common Stock,1.08,-1.818,129392303,888606,United States,Consumer Discretionary,Other Specialty Stores,true,false,0.336823
AP,Ampco-Pittsburgh Corporation Common Stock,8.42,-2.884,173945589,119569,United States,Industrials,Fluid Controls,true,false,0.336671
WLDS,Wearable Devices Ltd. Ordinary Share,1.64,3.797,4033975,3793584,Israel,Telecommunications,Computer Communications Equipment,false,false,0.336520
CBIO,Crescent Biopharma Inc. Common Stock,14.19,-13.686,527072509,727702,United States,Health Care,Biotechnology: Pharmaceutical Preparations,true,false,0.336484
COSM,Cosmos Health Inc. Common Stock,0.4066,14.794,40917692,13569202,United States,Health Care,Other Pharmaceuticals,true,false,0.336386
LGCY,Legacy Education Inc. Common Stock,10.31,3.1,130442512,43464,,Real Estate,Other Consumer Services,false,false,0.336329
OESX,Orion Energy Systems Inc. Common Stock,28.42,-2.135,116217508,41568,United States,Consumer Discretionary,Building Products,true,false,0.336183
EIC,Eagle Point Income Company Common Shares of Beneficial Interest,9.55,-0.105,85072431,86820,United States,Finance,Finance/Investors Services,true,false,0.336127
RICK,RCI Hospitality Holdings Inc. Common Stock,27.41,-3.452,209535745,34264,United States,Consumer Discretionary,Restaurants,true,false,0.336040
HWBK,Hawthorn Bancshares Inc. Common Stock,38.11,-1.955,262984839,9608,United States,Finance,Major Banks,true,false,0.336011
OVLY,Oak Valley Bancorp (CA) Common Stock,33.61,-2.353,282751116,11185,United States,Finance,Major Banks,true,false,0.335975
GEVO,Gevo Inc. Common Stock,1.45,-7.051,358493801,3382280,United States,Industrials,Major Chemicals,true,false,0.335774
MOBI,Mobia Medical Inc. Common Stock,9.16,-4.184,304946439,198031,United States,Health Care,Medical/Dental Instruments,true,false,0.335722
BLND,Blend Labs Inc. Class A Common Stock,1.12,-4.274,264894917,2018662,United States,Technology,Computer Software: Programming Data Processing,true,false,0.335497
ANIX,Anixa Biosciences Inc. Common Stock,2.75,-1.434,95600456,391175,United States,Health Care,Biotechnology: Pharmaceutical Preparations,true,false,0.334995
IONR,ioneer Ltd American Depositary Shares,3.21,-1.231,246739375,96050,Australia,Industrials,Mining & Quarrying of Nonmetallic Minerals (No Fuels),false,false,0.334734
TCX,Tucows Inc. Class A Common Stock,10.49,-0.663,117300355,62708,Canada,Technology,EDP Services,false,false,0.334678
DBGI,Digital Brands Group Inc. Common Stock,5.71,21.231,5330336,2740988,United States,Consumer Discretionary,Clothing/Shoe/Accessory Stores,true,false,0.334677
BRCC,BRC Inc. Class A Common Stock,8.97,-3.445,224507852,90827,United States,Consumer Staples,Beverages (Production/Distribution),true,false,0.334671
FT,Franklin Universal Trust Common Stock,7.16,-2.052,179944361,89751,United States,Finance,Trusts Except Educational Religious and Charitable,true,false,0.334577
PUSA,Aureus Greenway Holdings Inc. Common Stock,3.7,-3.141,102281253,455486,United States,Consumer Discretionary,Hotels/Resorts,true,false,0.334528
ORGO,Organogenesis Holdings Inc. Class A Common Stock,1.45,-2.027,186578095,415626,United States,Health Care,Biotechnology: Pharmaceutical Preparations,true,false,0.334429
ASUR,Asure Software Inc Common Stock,7.9,-3.305,228146691,91657,United States,Technology,EDP Services,true,false,0.334200
AIRJ,AirJoule Technologies Corporation Class A Common Stock,4.14,-5.046,311356558,626835,United States,Industrials,Industrial Machinery/Components,true,false,0.334116
KREF,KKR Real Estate Finance Trust Inc. Common Stock,6.06,-8.459,354982365,1096443,United States,Real Estate,Real Estate Investment Trusts,true,false,0.334072
QSI,Quantum-Si Incorporated Class A Common Stock,0.7587,-3.313,166067224,1476549,United States,Industrials,Industrial Machinery/Components,true,false,0.334030
TLSA,Tiziana Life Sciences Ltd. Common Shares,1.05,17.991,133622088,1581137,United Kingdom,Health Care,Biotechnology: Pharmaceutical Preparations,false,false,0.333927
VTN,Invesco Trust for Investment Grade New York Municipals Common Stock,9.51,-2.86,185311660,88079,United States,Finance,Finance Companies,true,false,0.333867
STI,Solidion Technology Inc. Common Stock,6.74,-1.749,57376077,290640,United States,Miscellaneous,Industrial Machinery/Components,true,false,0.333839
HDL,SUPER HI INTERNATIONAL HOLDING LTD. American Depositary Shares,11.745,-0.719,763776176,1053,Singapore,Consumer Discretionary,Restaurants,false,false,0.333833
BYND,Beyond Meat Inc. Common Stock,10.03,-12.858,172455479,3135687,United States,Consumer Staples,Packaged Foods,true,false,0.333661
LAKE,Lakeland Industries Inc. Common Stock,10.2,-0.244,101299729,62205,United States,Health Care,Industrial Specialties,true,false,0.333650
CAPS,Capstone Holding Corp. Common Stock,0.2038,14.174,4432650,80012743,United States,Consumer Discretionary,RETAIL: Building Materials,true,false,0.333443
OPBK,OP Bancorp Common Stock,14.88,-3.188,222197311,48131,United States,Finance,Major Banks,true,false,0.333440
TRAK,ReposiTrak Inc. Common Stock,8.18,-0.487,148659762,52300,United States,Technology,EDP Services,true,false,0.333244
EVGO,EVgo Inc. Class A Common Stock,1.36,-7.483,427741379,2979041,United States,Consumer Discretionary,Automotive Aftermarket,true,false,0.333010
BAK,Braskem SA ADR,1.54,-7.784,613850032,1654845,Brazil,Industrials,Major Chemicals,false,false,0.332912
EYPT,EyePoint Inc. Common Stock,3.72,-8.6,320709153,2022452,United States,Industrials,Biotechnology: Laboratory Analytical Instruments,true,false,0.332830
EVMN,Evommune Inc. Common Stock,8.77,-8.646,318281831,872413,United States,Health Care,Biotechnology: Pharmaceutical Preparations,true,false,0.332608
PXS,Pyxis Tankers Inc. Common Stock,6.7,0.601,68843431,107488,Greece,Consumer Discretionary,Marine Transportation,false,false,0.332443
ACOG,Alpha Cognition Inc. Common Stock,8.78,-1.899,191176633,59056,Canada,Uncategorized,Uncategorized,false,false,0.332376
FENC,Fennec Pharmaceuticals Inc. Common Stock,10.51,-4.541,368207340,141642,United States,Health Care,Biotechnology: Biological Products (No Diagnostic Substances),true,false,0.332356
EPSN,Epsilon Energy Ltd. Common Share,5.87,-3.135,177765783,155488,United States,Energy,Oil & Gas Production,true,false,0.332185
FC,Franklin Covey Company Common Stock,17.2,-2.05,194254616,30990,United States,Consumer Discretionary,Other Consumer Services,true,false,0.331905
ZTG,Zenta Group Company Limited Class A Ordinary Shares,1.73,0,41670820,844277,Macau,Consumer Discretionary,Professional Services,false,false,0.331854
HMR,Heidmar Maritime Holdings Corp. Common Stock,1.85,0,109135194,264580,Greece,Consumer Discretionary,Marine Transportation,false,false,0.331801
EIKN,Eikon Therapeutics Inc. Common Stock,8.13,-9.465,440361694,727459,United States,Health Care,Biotechnology: Biological Products (No Diagnostic Substances),true,false,0.331751
RMBI,Richmond Mutual Bancorporation Inc. Common Stock,15.04,-4.143,252056052,133694,United States,Finance,Major Banks,true,false,0.331439
DFDV,DeFi Development Corp. Common Stock,5.77,-8.121,188221958,2029786,United States,Finance,Finance: Consumer Services,true,false,0.331390
AXR,AMREP Corporation Common Stock,22.91,1.372,121992291,10660,United States,Real Estate,Homebuilding,true,false,0.331358
BLSM,BlossomHill Therapeutics Inc. Common Stock,22.34,-11.525,710074867,219683,United States,Health Care,Biotechnology: Pharmaceutical Preparations,true,false,0.331214
MNTS,Momentus Inc. Class A Common Stock,4.23,-2.759,92905186,344424,United States,Industrials,Military/Government/Technical,true,false,0.331195
RDNW,RideNow Group Inc. Class B Common Stock,6.05,-1.626,236017082,54504,United States,Technology,EDP Services,true,false,0.331129
MINE,Mayfair Gold Corp. Common Shares,2.84,-2.069,190673329,185594,,Energy,Oil & Gas Production,false,false,0.330928
JYNT,The Joint Corp. Common Stock,8.34,-0.477,117953904,61505,United States,Miscellaneous,Multi-Sector Companies,true,false,0.330885
SRBK,SR Bancorp Inc. Common stock,19.24,-1.937,152657009,33378,United States,Finance,Banks,true,false,0.330602
SVRN,SVRN Inc. Common Stock,32.55,-4.067,61057811,235541,Greece,Consumer Discretionary,Marine Transportation,false,false,0.330441
MSB,Mesabi Trust Common Stock,20.17,-2.701,264630602,19049,United States,Industrials,Precious Metals,true,false,0.330287
UIS,Unisys Corporation New Common Stock,2.37,-3.265,172810813,391753,United States,Technology,EDP Services,true,false,0.330240
SION,Sionna Therapeutics Inc. Common Stock,5.51,-8.472,249120318,1669553,United States,Health Care,Biotechnology: Pharmaceutical Preparations,true,false,0.330238
NLOP,Net Lease Office Properties Common Shares of Beneficial Interest,10.24,-3.487,151696128,109623,United States,Real Estate,Real Estate Investment Trusts,true,false,0.330120
OPXS,Optex Systems Holdings Inc. Common Stock,10.4,-0.763,72382679,100171,United States,Technology,Electronic Components,true,false,0.329967
MNSB,MainStreet Bancshares Inc. Common Stock,24.8,-1.195,176602685,16286,United States,Finance,Major Banks,true,false,0.329966
WYY,WidePoint Corporation Common Stock,11.17,-0.179,111680508,42065,United States,Technology,EDP Services,true,false,0.329625
GRO,Brazil Potash Corp. Common Shares,2.41,-1.633,149290378,237576,,Industrials,Mining & Quarrying of Nonmetallic Minerals (No Fuels),false,false,0.329571
ZUMZ,Zumiez Inc. Common Stock,13.75,-5.041,210795929,282687,United States,Consumer Discretionary,Clothing/Shoe/Accessory Stores,true,false,0.329285
CMT,Core Molding Technologies Inc Common Stock,22.94,-3.613,202996840,35618,United States,Industrials,Plastic Products,true,false,0.329268
VHI,Valhi Inc. Common Stock,16.33,-2.74,462485082,8015,United States,Basic Materials,Major Chemicals,true,false,0.329181
PEBK,Peoples Bancorp of North Carolina Inc. Common Stock,42.66,-2.714,232987163,10674,United States,Finance,Major Banks,true,false,0.329149
PBM,Psyence Biomedical Ltd. Common Shares,6.31,3.443,24068410,295293,Canada,Health Care,Biotechnology: Pharmaceutical Preparations,false,false,0.329133
BIPI,BIP Bermuda Holdings I Limited 5.125% Perpetual Subordinated Notes,16.05,0.817,152104245,13059,Bermuda,Consumer Discretionary,Marine Transportation,false,false,0.329066
HYPD,Hyperion DeFi Inc. Common Stock,3.92,-1.754,60914581,409643,United States,Health Care,Biotechnology: Pharmaceutical Preparations,true,false,0.328987
RAIN,Rain Enhancement Technologies Holdco Inc. Class A Common Stock,1.01,-0.98,11821092,4091940,United States,Technology,Industrial Machinery/Components,true,false,0.328955
FTW,Presidio Production Company Class A Common Stock,10.14,-1.458,317643764,16103,,Energy,Oil & Gas Production,false,false,0.328828
KEQU,Kewaunee Scientific Corporation Common Stock,34.03,-0.205,98528658,15345,United States,Industrials,Medical Specialities,true,false,0.328593
SMID,Smith-Midland Corporation Common Stock,24.17,-0.902,128212327,20397,United States,Industrials,Building Materials,true,false,0.328442
IMRX,Immuneering Corporation Class A Common Stock,4.38,-4.989,283374621,552774,United States,Health Care,Biotechnology: Pharmaceutical Preparations,true,false,0.328421
LE,Lands' End Inc. Common Stock,10.28,-4.015,303713903,129477,United States,Consumer Discretionary,Clothing/Shoe/Accessory Stores,true,false,0.328418
OGI,Organigram Global Inc. Common Shares,1.09,-1.802,153697082,506081,Canada,Health Care,Biotechnology: Pharmaceutical Preparations,false,false,0.328394
AHG,Akso Health Group ADS,0.7699,4.026,659576546,3868,China,Consumer Discretionary,Business Services,false,false,0.328257
RCKT,Rocket Pharmaceuticals Inc. Common Stock,3.02,-9.851,331519283,2778270,United States,Health Care,Biotechnology: Pharmaceutical Preparations,true,false,0.328156
GEGGL,Great Elm Group Inc.  7.25% Notes due 2027,24.845,0,720425173,11,United States,Technology,Computer Software: Prepackaged Software,true,false,0.328142
SIDU,Sidus Space Inc. Class A Common Stock,2.01,-5.634,203462905,2572745,United States,Telecommunications,Telecommunications Equipment,true,false,0.327786
SNTI,Senti Biosciences Holdings Inc. Common Stock,0.338,7.098,10526927,10367901,United States,Health Care,Biotechnology: Biological Products (No Diagnostic Substances),true,false,0.327566
WAFU,Wah Fu Education Group Limited Ordinary Shares,1.6,15.108,7056894,7164137,China,Real Estate,Other Consumer Services,false,false,0.327565
FNWD,Finward Bancorp Common Stock,41.66,-1.163,180512863,8425,United States,Finance,Savings Institutions,true,false,0.327474
MREO,Mereo BioPharma Group plc American Depositary Shares,0.3403,7.588,52796050,3930744,United Kingdom,Health Care,Biotechnology: Pharmaceutical Preparations,false,false,0.327419
KUST,Kustom Entertainment Inc. Common Stock,0.655,-0.411,4261993,8600521,United States,Technology,Radio And Television Broadcasting And Communications Equipment,true,false,0.327226
HTT,High Templar Tech Limited American depositary shares each representing one Class A ordinary share,2.44,-2.008,378891750,53934,China,Finance,Finance: Consumer Services,false,false,0.326983
OBIO,Orchestra BioMed Holdings Inc. Ordinary Shares,5.93,-4.662,356422941,242366,United States,Health Care,Medicinal Chemicals and Botanical Products,true,false,0.326978
FXNC,First National Corporation Common Stock,29.4,-3.48,265853293,15398,United States,Finance,Major Banks,true,false,0.326973
MNOV,Medicinova Inc Common Stock,2.8,-3.448,137819489,396380,United States,Health Care,Biotechnology: Pharmaceutical Preparations,true,false,0.326825
MRDN,Meridian Holdings Inc. Common Stock,13.42,-1.685,170024408,33010,United States,Technology,Computer Software: Prepackaged Software,true,false,0.326453
PROF,Profound Medical Corp. Common Stock,5.735,-2.632,209514427,82170,Canada,Health Care,Medical/Dental Instruments,false,false,0.326265
NTRB,Nutriband Inc. Common Stock,7.35,8.728,89344270,129755,United States,Health Care,Industrial Specialties,true,false,0.326245
TSQ,Townsquare Media Inc. Class A Common Stock,5.09,1.394,92799043,56432,United States,Consumer Discretionary,Broadcasting,true,false,0.326199
RGCO,RGC Resources Inc. Common Stock,20.65,-2.318,215163831,19930,United States,Utilities,Oil & Gas Production,true,false,0.326140
FUND,Sprott Focus Trust Inc. Common Stock,9.95,-0.995,294853892,13899,United States,Finance,Investment Managers,true,false,0.326132
CRDF,Cardiff Oncology Inc. Common Stock,1.31,-1.504,101911776,590237,United States,Health Care,Biotechnology: Biological Products (No Diagnostic Substances),true,false,0.326092
USGO,U.S. GoldMining Inc. Common stock,7.08,-1.667,99373011,117937,United States,Basic Materials,Precious Metals,true,false,0.325962
PHAR,Pharming Group N.V. ADS each representing 10 ordinary shares,10.77,-4.352,760633727,28608,Netherlands,Health Care,Biotechnology: Pharmaceutical Preparations,false,false,0.325685
BSET,Bassett Furniture Industries Incorporated Common Stock,17.6,0.114,152385534,13752,United States,Consumer Discretionary,Home Furnishings,true,false,0.325612
CARL,Carlsmed Inc. Common Stock,14.76,-4.28,402988487,61845,United States,Health Care,Medical/Dental Instruments,true,false,0.325468
MPV,Barings Participation Investors Common Stock,16.415,-0.545,174026906,16875,United States,Finance,Finance Companies,true,false,0.325459
VALN,Valneva SE American Depositary Shares,6.35,-3.642,602523681,14691,France,Health Care,Biotechnology: Biological Products (No Diagnostic Substances),false,false,0.325368
EBMT,Eagle Bancorp Montana Inc. Common Stock,21.2,-2.124,168867137,23534,United States,Finance,Major Banks,true,false,0.325245
ALTI,AlTi Global Inc. Class A Common Stock,3.04,-3.797,474068033,55762,United States,Finance,Investment Managers,true,false,0.325243
UPB,Upstream Bio Inc. Common Stock,5.19,-5.464,284261703,553003,United States,Health Care,Biotechnology: Pharmaceutical Preparations,true,false,0.325144
CURV,Torrid Holdings Inc. Common Stock,2.38,-1.653,237332255,107776,United States,Consumer Discretionary,Clothing/Shoe/Accessory Stores,true,false,0.325138
NBP,NovaBridge Biosciences American Depositary Shares,1.53,-3.774,176533989,593346,China,Health Care,Biotechnology: Pharmaceutical Preparations,false,false,0.325075
PYXS,Pyxis Oncology Inc. Common Stock,3.22,-4.024,268573921,433883,United States,Health Care,Biotechnology: Pharmaceutical Preparations,true,false,0.324631
SOTK,Sono-Tek Corporation Common Stock,4.86,2.966,76383274,38260,United States,Technology,Industrial Machinery/Components,true,false,0.324220
GLDG,GoldMining Inc. Common Shares,1.01,-2.885,216247260,455591,,Basic Materials,Precious Metals,false,false,0.323982
GREEL,Vulcan Infrastructure and Power Inc. 8.50% Senior Notes due 2026,25.3,0.066,396537450,1353,United States,Finance,Finance: Consumer Services,true,false,0.323779
XFOR,X4 Pharmaceuticals Inc. Common Stock,3.11,-9.329,308346371,2309565,United States,Health Care,Biotechnology: Biological Products (No Diagnostic Substances),true,false,0.323531
GSIT,GSI Technology Common Stock,5.625,-4.01,216183319,325090,United States,Technology,Semiconductors,true,false,0.323437
NRXS,Neuraxis Inc. Common Stock,7.31,0,91797262,58050,United States,Health Care,Biotechnology: Electromedical & Electrotherapeutic Apparatus,true,false,0.323014
VTVT,vTv Therapeutics Inc. Class A Common Stock,30.58,-1.672,120911118,18903,United States,Health Care,Biotechnology: Pharmaceutical Preparations,true,false,0.322946
AENT,Alliance Entertainment Holding Corporation Class A Common Stock,4.98,-1.386,253878557,37579,United States,Consumer Discretionary,Durable Goods,true,false,0.322661
JRSH,Jerash Holdings (US) Inc. Common Stock,5.76,0.348,73151654,87363,United States,Consumer Discretionary,Apparel,true,false,0.322490
NL,NLI Holdings Inc. Common Stock,6.94,-1.839,339357214,18050,United States,Basic Materials,Major Chemicals,true,false,0.322390
ONEW,OneWater Marine Inc. Class A Common Stock,9.94,-3.119,165656253,69679,United States,Consumer Discretionary,Auto & Home Supply Stores,true,false,0.322321
EVO,Evotec SE American Depositary Shares,1.54,-2.532,547863569,37269,Germany,Health Care,Biotechnology: Pharmaceutical Preparations,false,false,0.322208
WFF,WF Holding Limited Ordinary Shares,2.07,0.485,86774263,179718,Malaysia,Consumer Discretionary,Miscellaneous manufacturing industries,false,false,0.322192
INTG,Intergroup Corporation (The) Common Stock,36.33,-2.391,78066340,33754,United States,Real Estate,Building operators,true,false,0.321946
SAJ,Saratoga Investment Corp 8.00% Notes due 2027,25.19,0.126,394680220,1231,United States,Finance,Investment Managers,true,false,0.321942
HNVR,Hanover Bancorp Inc. Common Stock,26.15,-2.243,184499338,15906,United States,Finance,Major Banks,true,false,0.321806
RDCM,Radcom Ltd. Ordinary Shares,10.3,-2.184,171911707,42888,Israel,Technology,Computer peripheral equipment,false,false,0.321669
CAN,Canaan Inc. American Depositary Shares,0.3864,-6.168,274873041,9946547,China,Finance,Finance: Consumer Services,false,false,0.321464
QTTB,Q32 Bio Inc. Common Stock,9.56,-9.555,284596095,828955,United States,Health Care,Biotechnology: Pharmaceutical Preparations,true,false,0.321449
GNT,GAMCO Natural Resources Gold & Income Trust,8.85,-1.667,163507635,43077,United States,Finance,Finance/Investors Services,true,false,0.321279
WHF,WhiteHorse Finance Inc. Common Stock,7.1,-2.204,152482944,68712,United States,Finance,Finance Companies,true,false,0.321173
PCLA,PicoCELA Inc. American Depositary Shares,7.25,0.555,69700086,64043,Japan,Consumer Discretionary,Building Products,false,false,0.321119
HLP,Hongli Group Inc. Class A Ordinary Shares,2.035,1.75,152093356,48892,China,Industrials,Industrial Machinery/Components,false,false,0.321058
XYF,X Financial American Depositary Shares each representing six Class A Ordinary Shares,5.23,-1.507,286514253,27194,Cayman Islands,Finance,Finance: Consumer Services,false,false,0.321016
PED,Pedevco Corp. Common Stock,13.26,-1.266,176252092,23083,United States,Energy,Oil & Gas Production,true,false,0.320836
ACRE,Ares Commercial Real Estate Corporation Common Stock,4.22,-5.169,234130297,640215,United States,Real Estate,Real Estate Investment Trusts,true,false,0.320633
QUCY,Quantum Cyber N.V. Ordinary Shares,1.32,0,110970013,242531,Germany,Health Care,Biotechnology: Pharmaceutical Preparations,false,false,0.320379
MIND,MIND Technology Inc. Common Stock (DE),4.47,2.523,40628076,92480,United States,Industrials,Industrial Machinery/Components,true,false,0.320349
ALTG,Alta Equipment Group Inc. Class A Common Stock,6.01,-4.299,196327901,360802,United States,Industrials,Industrial Machinery/Components,true,false,0.320223
FOCL,EDAP TMS S.A. American Depositary Shares,4.74,11.007,177882483,143088,France,Health Care,Biotechnology: Electromedical & Electrotherapeutic Apparatus,false,false,0.320067
CODA,Coda Octopus Group Inc. Common stock,10.97,-1.703,123775618,44499,United States,Industrials,Industrial Machinery/Components,true,false,0.319431
MFI,mF International Limited Class A Ordinary Shares,9.4,-1.053,471658959,3475,Hong Kong,Technology,EDP Services,false,false,0.319401
PFX,PhenixFIN Corporation Common Stock,46.8622,2.635,90503702,2723,United States,Finance,Finance: Consumer Services,true,false,0.319190
ULBI,Ultralife Corporation Common Stock,5.9,3.509,98313287,54893,United States,Miscellaneous,Industrial Machinery/Components,true,false,0.319129
APYX,Apyx Medical Corporation Common Stock,2.95,0,124265868,86070,United States,Health Care,Medical/Dental Instruments,true,false,0.319007
OCS,Oculis Holding AG Ordinary shares,9.99,-6.723,579264536,143783,Switzerland,Health Care,Biotechnology: Pharmaceutical Preparations,false,false,0.318968
MFIN,Medallion Financial Corp. Common Stock,11.54,-4.628,264961273,145672,United States,Finance,Finance: Consumer Services,true,false,0.318941
MRLN,Merlin Inc. Common Stock,1.77,-7.813,178889978,4717265,United States,Technology,EDP Services,true,false,0.318912
SJT,San Juan Basin Royalty Trust Common Stock,3.02,-2.581,140758564,192446,United States,Energy,Oil & Gas Production,true,false,0.318764
CINT,CI&T Inc Class A Common Shares,3.04,-0.977,391824849,15704,,Technology,EDP Services,false,false,0.318534
UXIN,Uxin Limited ADS,1.09,-0.909,239778484,127292,China,Consumer Discretionary,Business Services,false,false,0.318138
ZNTL,Zentalis Pharmaceuticals Inc. Common Stock,2.87,-6.818,271698790,1453592,United States,Health Care,Biotechnology: Pharmaceutical Preparations,true,false,0.318120
USNA,USANA Health Sciences Inc. Common Stock,14.04,-5.007,259410537,145892,United States,Health Care,Medicinal Chemicals and Botanical Products,true,false,0.317927
ATCH,AtlasClear Holdings Inc. Common Stock,0.1965,2.131,29541373,2995628,,Finance,Finance: Consumer Services,false,false,0.317820
CRBU,Caribou Biosciences Inc. Common Stock,1.29,-3.731,138297692,700036,United States,Health Care,Biotechnology: Biological Products (No Diagnostic Substances),true,false,0.317753
AZUL,Azul S.A. American Depositary Shares each representing two (2) Common Shares,6.25,-5.589,1151743513,36189,,Consumer Discretionary,Air Freight/Delivery Services,false,false,0.317645
RANI,Rani Therapeutics Holdings Inc. Class A Common Stock,0.767,-1.401,106916210,648583,United States,Health Care,Biotechnology: Pharmaceutical Preparations,true,false,0.317570
SNFCA,Security National Financial Corporation Class A Common Stock,8.62,-2.045,235992231,25812,United States,Finance,Finance: Consumer Services,true,false,0.317376
PZG,Paramount Gold Nevada Corp. Common Stock,1.36,-0.73,117252918,255603,United States,Basic Materials,Metal Mining,true,false,0.317240
BHR,Braemar Hotels & Resorts Inc. Common Stock,1.76,-3.297,120875600,500037,United States,Real Estate,Real Estate Investment Trusts,true,false,0.317144
CHMI,Cherry Hill Mortgage Investment Corporation Common Stock,2.76,-3.158,101974807,361296,,Real Estate,Real Estate Investment Trusts,false,false,0.317076
LOT,Lotus Technology Inc. American Depositary Shares,0.877,-3.584,563112820,81869,China,Industrials,Auto Manufacturing,false,false,0.316977
BETR,Better Home & Finance Holding Company Class A Common Stock,12.16,-7.458,231022721,464465,United Kingdom,Finance,Finance: Consumer Services,false,false,0.316930
DAVA,Endava plc American Depositary Shares (each representing one Class A Ordinary Share),2,-5.213,108655206,2779445,United Kingdom,Technology,EDP Services,false,false,0.316483
LFVN,Lifevantage Corporation Common Stock (Delaware),6.2,-0.322,78054553,75871,United States,Health Care,Biotechnology: Pharmaceutical Preparations,true,false,0.316311
BRBI,BRBI BR Partners S.A. ADSs,11.24,0,563534777,83,Brazil,Finance,Finance: Consumer Services,false,false,0.316240
AEMD,Aethlon Medical Inc. Common Stock,6.81,3.653,10923887,301988,United States,Health Care,Medical/Dental Instruments,true,false,0.316231
BNTC,Benitec Biopharma Inc. Common Stock,9.83,-10.228,342897197,644188,United States,Health Care,Biotechnology: Pharmaceutical Preparations,true,false,0.316185
KLC,KinderCare Learning Companies Inc. Common Stock,2.2,-5.172,260737473,960090,United States,Consumer Discretionary,Other Consumer Services,true,false,0.316057
FLYX,flyExclusive Inc. Class A Common Stock,1.21,-1.626,123518915,352882,,Consumer Discretionary,Transportation Services,false,false,0.316055
TORO,Toro Corp. Common Stock,5.74,0,198370554,20320,Cyprus,Consumer Discretionary,Marine Transportation,false,false,0.315809
CLAR,Clarus Corporation Common Stock,3.5,-1.961,134008543,123690,United States,Consumer Discretionary,Recreational Games/Products/Toys,true,false,0.315640
GPUS,Hyperscale Data Inc. Common Stock,0.1727,-2.923,30560496,15446922,United States,Technology,Industrial Machinery/Components,true,false,0.315576
SKYX,SKYX Platforms Corp. Common Stock,1.24,-3.125,167934433,410911,United States,Consumer Discretionary,Building Products,true,false,0.315479
AIIO,Robo.ai Inc. Class B Ordinary Shares,1.5,-3.846,178553364,401282,United Arab Emirates,Industrials,Auto Manufacturing,false,false,0.315028
ROMA,Roma Green Finance Limited Class A Ordinary Shares,8.92,-0.889,531315973,1518,Hong Kong,Consumer Discretionary,Professional Services,false,false,0.314990
CEV,Eaton Vance California Municipal Income Trust Shares of Beneficial Interest,10.2,1.19,71742465,28801,United States,Finance,Finance/Investors Services,true,false,0.314824
BOOM,DMC Global Inc. Common Stock,5.92,-2.471,121602418,96856,United States,Industrials,Industrial Specialties,true,false,0.314776
DTI,Drilling Tools International Corporation Common Stock,2.44,0.412,86088627,122188,United States,Consumer Discretionary,Oil and Gas Field Machinery,true,false,0.314242
VALU,Value Line Inc. Common Stock,38.17,-1.37,358114681,1565,United States,Finance,Investment Managers,true,false,0.314229
MYO,Myomo Inc. Common Stock,1.64,0,64956881,296167,United States,Health Care,Industrial Specialties,true,false,0.313998
FHTX,Foghorn Therapeutics Inc. Common Stock,3.87,-8.726,229821169,1795718,United States,Health Care,Biotechnology: Pharmaceutical Preparations,true,false,0.313857
VABK,Virginia National Bankshares Corporation Common Stock,47.01,-2.063,255042507,3665,United States,Finance,Major Banks,true,false,0.313810
QTEX,QTREX Quantum Ltd. Ordinary Shares,0.77,-1.282,43092229,1576773,Israel,Health Care,Medical/Dental Instruments,false,false,0.313561
BZAI,Blaize Holdings Inc. Common Stock,0.5553,-3.409,80425231,2242154,United States,Technology,Semiconductors,true,false,0.313483
TDUP,ThredUp Inc. Class A Common Stock,2.28,-6.939,299440722,1392815,United States,Consumer Discretionary,Catalog/Specialty Distribution,true,false,0.313352
ONL,Orion Properties Inc. Common Stock,2.48,-3.502,141470891,271544,United States,Real Estate,Real Estate Investment Trusts,true,false,0.313269
DAIC,CID HoldCo Inc. Common Stock,3.33,-3.896,6535471,2432353,United States,Technology,EDP Services,true,false,0.313235
ELDN,Eledon Pharmaceuticals Inc. Common Stock,2.72,-5.882,221030333,1322993,United States,Health Care,Biotechnology: Pharmaceutical Preparations,true,false,0.313200
SSTK,Shutterstock Inc. Common Stock,4.3,-4.656,158875041,576983,United States,Technology,EDP Services,true,false,0.312940
AIFC,AI Financial Corporation Common Stock,0.5505,7.941,76979999,1013712,United States,Finance,Investment Bankers/Brokers/Service,true,false,0.312781
DVLT,Datavault AI Inc. Common Stock,0.1543,-7.216,146543124,47992515,United States,Consumer Discretionary,Business Services,true,false,0.312746
LMNR,Limoneira Co Common Stock,12.09,-4.728,219215965,158192,United States,Consumer Staples,Farming/Seeds/Milling,true,false,0.312673
CUVL,Clinuvel Pharmaceuticals Limited American Depositary Shares,5.79,-0.172,289851453,8327,Australia,Miscellaneous,Miscellaneous,false,false,0.312601
EMPD,Empery Digital Inc. Common stock,2.985,-1.809,83908681,216003,United States,Industrials,Auto Manufacturing,true,false,0.312508
EML,Eastern Company (The) Common Stock,25.58,1.147,153929134,3253,United States,Consumer Discretionary,Industrial Machinery/Components,true,false,0.312385
EVF,Eaton Vance Senior Income Trust Common Stock,4.87,0.412,85414238,55196,United States,Finance,Investment Bankers/Brokers/Service,true,false,0.312180
USIO,Usio Inc. Common Stock,2.27,-0.873,64684590,286024,United States,Finance,Investment Bankers/Brokers/Service,true,false,0.312140
SAY,Saratoga Investment Corp 8.125% Notes due 2027,25.15,0,394053495,659,United States,Finance,Investment Managers,true,false,0.311944
GMTL,Guardian Metal Resources PLC ADS,10.87,-5.066,432184700,78086,,Basic Materials,Metal Mining,false,false,0.311927
JHI,John Hancock Investors Trust Common Stock,12.3,-0.886,107557928,27041,United States,Finance,Trusts Except Educational Religious and Charitable,true,false,0.311579
COE,51Talk Online Education Group American depositary shares each representing 60 Class A ordinary shares,11.57,0.521,69504635,28580,China,Real Estate,Other Consumer Services,false,false,0.310957
PMA,PMA Graphene Technology Group Inc. Class A Ordinary Shares,1.3,-1.515,211867500,130827,Hong Kong,Consumer Discretionary,Engineering & Construction,false,false,0.310942
WRAP,Wrap Technologies Inc. Common Stock,1.475,-1.007,95250444,255970,United States,Industrials,Ordnance And Accessories,true,false,0.310893
ELLO,Ellomay Capital Ltd Ordinary Shares (Israel),21.98,5.167,302955395,1239,Israel,Utilities,Electric Utilities: Central,false,false,0.310844
CHCI,Comstock Holding Companies Inc. Class A Common Stock,19.7,-4.09,202554454,70078,United States,Finance,Real Estate,true,false,0.310758
BMM,Blue Moon Metals Inc. Common Shares,5.26,-8.918,551579385,390519,Canada,Uncategorized,Uncategorized,false,false,0.310686
OPHC,OptimumBank Holdings Inc. Common Stock,8.93,-3.25,112718657,81956,United States,Finance,Major Banks,true,false,0.310582
FOA,Finance of America Companies Inc. Class A Common Stock,14.48,-4.169,250603767,77451,United States,Finance,Finance: Consumer Services,true,false,0.310547
FATE,Fate Therapeutics Inc. Common Stock,2.43,-5.814,291163849,909711,United States,Health Care,Biotechnology: Biological Products (No Diagnostic Substances),true,false,0.310435
ACFN,Acorn Energy Inc. Common Stock,20.735,-1.637,52036929,50774,United States,Consumer Discretionary,Military/Government/Technical,true,false,0.310404
SHIM,Shimmick Corporation Common Stock,3.42,-2.286,141368515,110210,United States,Industrials,Military/Government/Technical,true,false,0.310321
ENHA,Enhanced Group Inc. Class A Common Stock,1.4,-6.04,553526487,698893,Singapore,Consumer Discretionary,Services-Misc. Amusement & Recreation,false,false,0.310216
BRLT,Brilliant Earth Group Inc. Class A Common Stock,1.43,1.418,145606597,52608,United States,Consumer Discretionary,Consumer Specialties,true,false,0.310124
RFL,Rafael Holdings Inc. Class B Common Stock,2.02,1,105039992,71374,United States,Health Care,Biotechnology: Pharmaceutical Preparations,true,false,0.309828
WHG,Westwood Holdings Group Inc Common Stock,18.64,-1.009,177884353,9008,United States,Finance,Investment Managers,true,false,0.309674
SKIL,Skillsoft Corp. Class A Common Stock,5.92,-0.337,53874628,99768,United States,Technology,Computer Software: Prepackaged Software,true,false,0.309391
SPCB,SuperCom Ltd. Ordinary Shares (Israel),9.59,-0.208,60229535,49998,Israel,Technology,Semiconductors,false,false,0.309309
ZKIN,ZK International Group Co. Ltd Ordinary Share,1.7,17.241,97430924,619814,China,Industrials,Metal Fabrications,false,false,0.309305
RGS,Regis Corporation Common Stock,27.55,2.037,68879325,6234,United States,Consumer Discretionary,Other Consumer Services,true,false,0.309270
CATX,Perspective Therapeutics Inc. Common Stock,2.62,-11.486,299077357,3161086,United States,Health Care,Biotechnology: Pharmaceutical Preparations,true,false,0.309170
ARBE,Arbe Robotics Ltd. Ordinary Shares,0.6719,-2.283,85602788,997205,Israel,Technology,EDP Services,false,false,0.309136
FINW,FinWise Bancorp Common Stock,11.39,-3.801,158123725,47694,United States,Finance,Major Banks,true,false,0.308828
AGMB,AgomAb Therapeutics NV American Depositary Shares,10.765,-6.31,530154451,98694,Belgium,Health Care,Biotechnology: Biological Products (No Diagnostic Substances),false,false,0.308824
CPIX,Cumberland Pharmaceuticals Inc. Common Stock,7.94,-3.171,118965870,76225,United States,Health Care,Biotechnology: Pharmaceutical Preparations,true,false,0.308811
AVXL,Anavex Life Sciences Corp. Common Stock,2.35,-4.858,217837579,779185,United States,Health Care,Biotechnology: Biological Products (No Diagnostic Substances),true,false,0.308558
RCON,Recon Technology Ltd. Class A Ordinary Shares,1.37,3.008,28719617,671018,China,Energy,Oilfield Services/Equipment,false,false,0.308352
GRNQ,Greenpro Capital Corp. Common Stock,11.05,8.813,20031285,176126,China,Consumer Discretionary,Professional Services,false,false,0.308161
TCRX,TScan Therapeutics Inc. Common Stock,0.364,2.593,23114971,1081202,United States,Health Care,Biotechnology: Biological Products (No Diagnostic Substances),true,false,0.307951
AYTU,Aytu BioPharma Inc.  Common Stock,2.28,2.242,24776094,187905,United States,Health Care,Biotechnology: Pharmaceutical Preparations,true,false,0.307890
INKT,MiNK Therapeutics Inc. Common Stock,12.35,1.982,63022075,14893,United States,Health Care,Biotechnology: Biological Products (No Diagnostic Substances),true,false,0.307651
OWLS,OBOOK Holdings Inc. Class A Common Shares,5.59,-0.534,211444047,16153,Taiwan,Technology,Computer Software: Prepackaged Software,false,false,0.307620
SPWR,SunPower Inc. Common Stock,0.3,-3.226,96090104,2575317,United States,Technology,Semiconductors,true,false,0.307598
CRDL,Cardiol Therapeutics Inc. Class A Common Shares,1.77,-6.349,213568988,2112342,Canada,Health Care,Biotechnology: Biological Products (No Diagnostic Substances),false,false,0.307543
GOGO,Gogo Inc. Common Stock,2.3,-6.883,311668083,1070695,United States,Consumer Discretionary,Telecommunications Equipment,true,false,0.307487
RILY,BRC Group Holdings Inc. Common Stock,5.78,-5.71,232354584,429011,United States,Finance,Investment Managers,true,false,0.307386
SCOR,comScore Inc. Common Stock,4.94,2.066,75010570,27321,United States,Consumer Discretionary,Business Services,true,false,0.307295
APLM,Apollomics Inc. Class A Ordinary Shares,23.4,-1.349,67767640,24965,United States,Health Care,Biotechnology: Pharmaceutical Preparations,true,false,0.306919
ACNT,Ascent Industries Co. Common Stock,14.7,-0.776,132438959,13283,United States,Industrials,Major Chemicals,true,false,0.306680
KLTR,Kaltura Inc. Common Stock,1.33,-2.206,202893127,145024,United States,Technology,Computer Software: Prepackaged Software,true,false,0.306244
UP,Wheels Up Experience Inc. Class A Common Stock,3.83,-1.542,138936471,63281,Singapore,Consumer Discretionary,Transportation Services,false,false,0.305877
BVFL,BV Financial Inc. Common Stock,20.8,-2.485,176188563,12741,United States,Finance,Savings Institutions,true,false,0.305834
OBAI,Our Bond Inc. Common Stock,0.25,-0.438,7493882,9177536,United States,Consumer Discretionary,Telecommunications Equipment,true,false,0.305611
SRG,Seritage Growth Properties Class A Common Stock,1.85,-0.538,104200523,125924,United States,Finance,Real Estate,true,false,0.305394
GGZ,Gabelli Global Small and Mid Cap Value Trust (The) Common Shares of Beneficial Interest,15.6,-0.826,138402685,11597,,Finance,Investment Managers,false,false,0.305318
HURC,Hurco Companies Inc. Common Stock,21.2,-2.439,137298026,16179,United States,Industrials,Industrial Machinery/Components,true,false,0.305233
YMAT,J-Star Holding Co. Ltd. Class A Ordinary Shares,1.28,-3.03,5132932,4498075,Taiwan,Consumer Discretionary,Recreational Games/Products/Toys,false,false,0.305104
PARK,Park Dental Partners Inc. Common Stock,20.18,-0.591,95961591,12536,United States,Health Care,Misc Health and Biotechnology Services,true,false,0.305070
RLMD,Relmada Therapeutics Inc. Common Stock,3.78,-10.849,403212018,1130093,United States,Health Care,Biotechnology: Pharmaceutical Preparations,true,false,0.305027
XLAB,Exascale Labs Holdings Inc. Class A Common Stock,2.75,0.182,250800000,14611,United States,Technology,Computer Software: Prepackaged Software,true,false,0.304909
HYPR,Hyperfine Inc. Class A Common Stock,0.79,-1.876,83778449,611823,United States,Health Care,Biotechnology: Electromedical & Electrotherapeutic Apparatus,true,false,0.304561
BWEN,Broadwind Inc. Common Stock,4.32,-2.041,102199851,95285,United States,Telecommunications,Metal Fabrications,true,false,0.304546
COOT,Australian Oilseeds Holdings Limited Ordinary Shares,0.4751,2.835,14285594,998587,Australia,Consumer Staples,Packaged Foods,false,false,0.304541
LDI,loanDepot Inc. Class A Common Stock,0.6728,-8.062,227510864,6935005,United States,Finance,Finance: Consumer Services,true,false,0.304503
VBIO,Valion Bio Inc. Common Stock,2.73,9.639,3509756,2109234,United States,Health Care,Biotechnology: Electromedical & Electrotherapeutic Apparatus,true,false,0.304431
BURU,Nuburu Inc. Common Stock,1.06,1.923,9818086,863347,United States,Miscellaneous,Industrial Machinery/Components,true,false,0.304411
QXL,Quantum X Labs Inc. Common Stock,5.5,-3.169,118623043,93704,Israel,Technology,Computer Software: Prepackaged Software,false,false,0.304295
ALDX,Aldeyra Therapeutics Inc. Common Stock,1.35,-3.226,81440668,633739,United States,Health Care,Biotechnology: Pharmaceutical Preparations,true,false,0.304194
PROK,ProKidney Corp. Class A Ordinary Shares,1.65,-9.836,498832381,1440864,United States,Health Care,Biotechnology: Biological Products (No Diagnostic Substances),true,false,0.303808
EUDA,EUDA Health Holdings Limited Ordinary Shares,17.33,0.26,51891652,23218,Singapore,Health Care,Medical/Nursing Services,false,false,0.303492
CMTG,Claros Mortgage Trust Inc. Common Stock,1.32,-4.348,186231152,1062412,United States,Finance,Real Estate,true,false,0.303430
NMG,Nouveau Monde Graphite Inc. Common Shares,1.35,-4.255,444361721,245853,Canada,Basic Materials,Other Metals and Minerals,false,false,0.303287
AOMR,Angel Oak Mortgage REIT Inc. Common Stock,7.58,-4.414,175968768,201146,United States,Finance,Real Estate,true,false,0.303251
AZ,A2Z Cust2Mate Solutions Corp. Common Shares,5.75,-4.326,253152185,162175,Canada,Industrials,Industrial Machinery/Components,false,false,0.303117
DMRC,Digimarc Corporation Common Stock,4.93,-3.523,110803372,126097,United States,Technology,EDP Services,true,false,0.302978
SKIN,SkinHealth Systems Inc. Class A Common Stock,0.6767,0.52,88066254,247690,United States,Health Care,Medical/Dental Instruments,true,false,0.302632
GBLI,Global Indemnity Group LLC Class A Common Stock,24.65,-3.711,360891135,4146,United States,Finance,Property-Casualty Insurers,true,false,0.302504
AGPU,Axe Compute Inc. Common Stock,11.495,-7.966,133239970,624474,United States,Health Care,Industrial Specialties,true,false,0.302304
NKLR,Terra Innovatum Global N.V. Ordinary shares,3.65,-9.653,403328314,802305,Italy,Industrials,Metal Fabrications,false,false,0.302252
AVIR,Atea Pharmaceuticals Inc. Common Stock,5.28,-6.383,423480811,232341,United States,Health Care,Biotechnology: Pharmaceutical Preparations,true,false,0.302012
CPSS,Consumer Portfolio Services Inc. Common Stock,9.34,-3.112,201321029,25835,United States,Finance,Finance: Consumer Services,true,false,0.301997
UAVS,AgEagle Aerial Systems Inc. Common Stock,0.983,-1.7,61836309,642996,United States,Industrials,Aerospace,true,false,0.301965
MRT,Marti Technologies Inc. Class A Ordinary Shares,1.98,-0.503,170364597,50285,,Consumer Discretionary,Rental/Leasing Companies,false,false,0.301695
SUNS,Sunrise Realty Trust Inc. Common Stock,7.35,-3.417,99341505,86699,United States,Real Estate,Real Estate Investment Trusts,true,false,0.301639
RVSB,Riverview Bancorp Inc Common Stock,5.91,-1.336,119149223,38272,United States,Finance,Savings Institutions,true,false,0.301362
LASE,Laser Photonics Corporation Common Stock,0.8482,-2.752,51466839,1365188,United States,Miscellaneous,Industrial Machinery/Components,true,false,0.301327
LYEL,Lyell Immunopharma Inc. Common Stock,10.53,-5.561,258039135,161502,United States,Health Care,Biotechnology: Pharmaceutical Preparations,true,false,0.300925
CITR,CitroTech Inc. Common Stock,4.59,-0.217,103520446,37466,,Industrials,Major Chemicals,false,false,0.300694
PIM,Franklin Master Intermediate Income Trust Shares of Beneficial Interest,3.01,-1.634,151262716,60375,United States,Finance,Finance Companies,true,false,0.300526
ANGI,Angi Inc. Class A Common Stock,5.05,-8.845,204809068,1127361,United States,Consumer Discretionary,Advertising,true,false,0.300498
PROV,Provident Financial Holdings Inc. Common Stock,18.36,-1.131,114455469,11890,United States,Finance,Savings Institutions,true,false,0.300308
AISP,Airship AI Holdings Inc. Class A Common Stock,1.94,-1.772,66812750,283192,United States,Technology,Computer Software: Prepackaged Software,true,false,0.300289
LXEO,Lexeo Therapeutics Inc. Common Stock,3.52,-13.514,288802818,2425411,United States,Health Care,Biotechnology: Biological Products (No Diagnostic Substances),true,false,0.300247
ATYR,aTyr Pharma Inc. Common Stock,0.3752,5.275,36802402,1198119,United States,Health Care,Biotechnology: Biological Products (No Diagnostic Substances),true,false,0.299800
RGT,Royce Global Trust Inc. Common Stock,14.505,-0.995,90902008,17735,,Finance,Trusts Except Educational Religious and Charitable,false,false,0.299729
LTRN,Lantern Pharma Inc. Common Stock,1.39,2.206,17769963,292355,United States,Health Care,Biotechnology: Pharmaceutical Preparations,true,false,0.299661
FDBC,Fidelity D & D Bancorp Inc. Common Stock,53.97,-4.139,313485177,8982,United States,Finance,Major Banks,true,false,0.299580
JRVR,James River Group Holdings Inc. Common Stock,3.59,-4.011,166034046,328415,Bermuda,Finance,Property-Casualty Insurers,false,false,0.299509
KRRO,Korro Bio Inc. Common Stock,9.83,-4.932,144753100,224734,United States,Health Care,Biotechnology: Pharmaceutical Preparations,true,false,0.299415
ZVIA,Zevia PBC Class A Common Stock,1.29,-3.731,99775567,510262,United States,Consumer Staples,Beverages (Production/Distribution),true,false,0.299406
CWD,CaliberCos Inc. Class A Common Stock,0.754,3.529,7830028,2017028,United States,Finance,Real Estate,true,false,0.299406
AEYE,AudioEye Inc. Common Stock,7.14,-2.058,89747472,54827,United States,Technology,Computer Software: Prepackaged Software,true,false,0.299383
KWY,Kingsway Corporation Common Stock,9.09,-4.316,262982790,82357,Canada,Finance,Property-Casualty Insurers,false,false,0.299334
CBFV,CB Financial Services Inc. Common Stock,37.11,-2.007,188577582,3967,United States,Finance,Major Banks,true,false,0.299098
HOWL,Werewolf Therapeutics Inc. Common Stock,0.9894,0.754,48083916,316714,United States,Health Care,Biotechnology: Pharmaceutical Preparations,true,false,0.299019
NUS,Nu Skin Enterprises Inc. Common Stock,4.61,-5.144,224399283,327317,United States,Health Care,Other Pharmaceuticals,true,false,0.298797
IXHL,Incannex Healthcare Inc. Common Stock,3.445,1.473,41217889,77251,Australia,Health Care,Biotechnology: Pharmaceutical Preparations,false,false,0.298779
BSIN,Big Sky Industrial Inc. Common Stock,1.47,-3.289,77165339,526033,United States,Energy,Oil & Gas Production,true,false,0.298656
OTLK,Outlook Therapeutics Inc. Common Stock,0.6617,-4.955,161089246,2932337,United States,Health Care,Biotechnology: Biological Products (No Diagnostic Substances),true,false,0.298551
SELF,Global Self Storage Inc. Common Stock,5.01,0.805,57221314,46225,United States,Real Estate,Real Estate Investment Trusts,true,false,0.298449
SNWV,SANUWAVE Health Inc. Common Stock,4.705,1.401,40473864,60199,United States,Health Care,Medical/Dental Instruments,true,false,0.298411
MAIA,MAIA Biotechnology Inc. Common Stock,1.32,-3.65,80301152,627048,,Health Care,Biotechnology: Pharmaceutical Preparations,false,false,0.298319
FDSB,Fifth District Bancorp Inc. Common Stock,18.15,-1.036,95027193,12953,United States,Finance,Savings Institutions,true,false,0.298037
CRT,Cross Timbers Royalty Trust Common Stock,11.83,-3.35,70980000,73062,United States,Energy,Oil & Gas Production,true,false,0.298024
SGLD,Scorpio Gold Corporation American Depositary Shares,4.01,0.25,69405922,54596,Canada,Uncategorized,Uncategorized,false,false,0.297919
XOS,Xos Inc. Common Stock,2.55,1.19,36255523,129559,United States,Consumer Discretionary,Auto Parts:O.E.M.,true,false,0.297879
KOSS,Koss Corporation Common Stock,3.95,12.857,37392430,477936,United States,Consumer Staples,Consumer Electronics/Appliances,true,false,0.297515
DH,Definitive Healthcare Corp. Class A Common Stock,1.01,13.483,146419746,420395,United States,Technology,Computer Software: Prepackaged Software,true,false,0.297383
NKTX,Nkarta Inc. Common Stock,2.76,-6.441,197684423,1091395,United States,Health Care,Biotechnology: Pharmaceutical Preparations,true,false,0.297236
CULP,Culp Inc. Common Stock,3.58,-0.556,45592460,133777,United States,Consumer Discretionary,Textiles,true,false,0.297199
ELTX,Elicio Therapeutics Inc. Common Stock,1.87,0,49147119,195263,United States,Health Care,Biotechnology: Pharmaceutical Preparations,true,false,0.297072
BRNX,BrenX Ltd. Ordinary Shares,2.38,2.146,8667958,292255,Israel,Industrials,Building Products,false,false,0.297025
BEEP,Mobile Infrastructure Corporation Common Stock,2.84,0.353,117292000,32448,United States,Finance,Real Estate,true,false,0.296846
CGTX,Cognition Therapeutics Inc. Common Stock,0.95,-3.19,90339059,563724,United States,Health Care,Biotechnology: Biological Products (No Diagnostic Substances),true,false,0.296812
KPTI,Karyopharm Therapeutics Inc. Common Stock,1.75,-3.846,39692555,957527,United States,Health Care,Biotechnology: Pharmaceutical Preparations,true,false,0.296655
MVIS,MicroVision Inc. Common Stock,1.62,-3.571,48843044,814048,United States,Technology,Industrial Machinery/Components,true,false,0.296515
BCIC,BCP Investment Corporation Common Stock,7.1,0.141,87923929,20772,United States,Finance,Finance: Consumer Services,true,false,0.296413
AFCG,Advanced Flower Capital Inc. Common Stock,3.5,0,79351717,53834,United States,Finance,Real Estate,true,false,0.296356
ADBT,Advasa Holdings Inc. Common Stock,0.12,-3.846,58447884,9793578,Japan,Technology,Computer Software: Prepackaged Software,false,false,0.296142
UPXI,Upexi Inc. Common Stock,1.17,-6.4,96059895,4789533,United States,Finance,Finance: Consumer Services,true,false,0.296074
PLG,Platinum Group Metals Ltd. Ordinary Shares (Canada),1.36,-5.556,173923752,1716313,Canada,Basic Materials,Precious Metals,false,false,0.295982
NINE,Nine Energy Service Inc. Common Stock,8.96,-1.969,124991910,24668,,Energy,Oilfield Services/Equipment,false,false,0.295946
FBDT,First Breach Inc. Common Stock,0.9146,-3.594,51012913,1370643,United States,Industrials,Ordnance And Accessories,true,false,0.295764
MDAI,Spectral AI Inc. Class A Common Stock,1.66,0,53426980,195439,United States,Health Care,Medical/Dental Instruments,true,false,0.295715
KIDZ,KIDZ AI Inc. Class B Common Stock,2.815,-5.378,2422806,9835960,United States,Real Estate,Other Consumer Services,true,false,0.295486
PODC,PodcastOne Inc. Common Stock,2.21,6.763,66858458,106766,United States,Technology,Computer Software: Programming Data Processing,true,false,0.295246
LANV,Lanvin Group Holdings Limited Ordinary Shares,1.03,3,129363791,13845,Cayman Islands,Consumer Discretionary,Apparel,false,false,0.295140
TUSK,Mammoth Energy Services Inc. Common Stock,2.92,-2.99,140532548,98813,United States,Energy,Oilfield Services/Equipment,true,false,0.295105
SKYQ,Sky Quarry Inc. Common Stock,2.54,-2.308,22436811,571583,United States,Industrials,Environmental Services,true,false,0.295091
EXOD,Exodus Movement Inc. Class A Common Stock,7.81,-4.289,235887445,95769,United States,Finance,Finance: Consumer Services,true,false,0.294840
HKD,AMTD Digital Inc. American Depositary Shares (every five of which represent two Class A Ordinary Shares),1.7,-1.163,214478751,39315,,Finance,Finance: Consumer Services,false,false,0.294728
RML,Resolution Minerals Ltd American Depositary Shares,6.24,0,69877105,32245,Australia,Uncategorized,Uncategorized,false,false,0.294422
HLLY,Holley Inc. Common Stock,2.48,-7.116,300660675,765172,United States,Consumer Discretionary,Auto Parts:O.E.M.,true,false,0.294370
AREC,American Resources Corporation Class A Common Stock,1.885,-7.143,201640848,1696139,United States,Energy,Coal Mining,true,false,0.294306
UEIC,Universal Electronics Inc. Common Stock,5.26,1.154,67775426,25077,United States,Consumer Staples,Consumer Electronics/Appliances,true,false,0.294288
DRK,DarkHorse Technologies Inc. Common Shares,2.84,-0.699,29454995,251732,Canada,Finance,Finance: Consumer Services,false,false,0.294232
RIME,Algorhythm Holdings Inc. Common Stock,0.1862,1.471,3922572,6863991,United States,Technology,EDP Services,true,false,0.294028
PXLW,Pixelworks Inc.  Common Stock,7.35,3.814,44463039,45651,United States,Technology,Computer Software: Prepackaged Software,true,false,0.294006
CTEV,Claritev Corporation Class A Common Stock,25.04,-14.975,424364474,174322,United States,Consumer Discretionary,Business Services,true,false,0.293998
SQFT,Presidio Property Trust Inc. Class A Common Stock,1.37,9.6,1965172,3456961,United States,Real Estate,Real Estate Investment Trusts,true,false,0.293738
PERF,Perfect Corp. Class A Ordinary Share,1.92,-0.518,195549448,27917,Taiwan,Technology,Computer Software: Prepackaged Software,false,false,0.293707
OPAL,OPAL Fuels Inc. Class A Common Stock,1.86,-5.102,324923400,382213,United States,Utilities,Natural Gas Distribution,true,false,0.293385
LARK,Landmark Bancorp Inc. Common Stock,30.81,-3.628,187957453,7563,United States,Finance,Major Banks,true,false,0.293384
HURA,TuHURA Biosciences Inc. Common Stock,2.05,-3.756,130639565,185527,United States,Health Care,Biotechnology: Pharmaceutical Preparations,true,false,0.293312
PROP,Prairie Operating Co. Common Stock,0.415,3.698,46811174,759861,United States,Energy,Oil & Gas Production,true,false,0.293191
TRBG,TurboGen Ltd. Ordinary Shares,3.74,4.469,95205403,27583,Israel,Utilities,Power Generation,false,false,0.293141
CCG,Cheche Group Inc. Class A Ordinary Shares,12.94,-0.462,32420212,43242,China,Finance,Specialty Insurers,false,false,0.292984
INV,Innventure Inc. Common Stock,0.8296,-5.738,70194660,6659742,United States,Finance,Blank Checks,true,false,0.292627
WYHG,Wing Yip Food Holdings Group Limited American Depositary Shares,4.1,-2.381,145889201,45698,China,Consumer Staples,Specialty Foods,false,false,0.292599
CLDI,Calidi Biotherapeutics Inc. Common Stock,1.09,-1.802,4017575,2882789,,Health Care,Biotechnology: Biological Products (No Diagnostic Substances),false,false,0.292559
CPSH,CPS Technologies Corp. Common Stock,3.87,-2.764,75031336,128233,United States,Consumer Discretionary,Building Materials,true,false,0.292203
NRXP,NRX Pharmaceuticals Inc. Common Stock,3.16,-4.819,136814624,552515,United States,Health Care,Biotechnology: Pharmaceutical Preparations,true,false,0.292085
JAGX,Jaguar Health Inc. Common Stock,8.91,-74.144,4634447,11665651,United States,Health Care,Biotechnology: Pharmaceutical Preparations,true,false,0.291993
MSGM,Motorsport Games Inc. Class A Common Stock,4.35,2.837,19961289,50588,United States,Technology,Computer Software: Prepackaged Software,true,false,0.291991
AVD,American Vanguard Corporation Common Stock ($0.10 Par Value),2.03,-2.871,59886283,346817,United States,Industrials,Agricultural Chemicals,true,false,0.291845
OLB,The OLB Group Inc. Common Stock,0.2117,-0.657,5087771,9232228,United States,Consumer Discretionary,Business Services,true,false,0.291728
AIXC,AIxCrypto Holdings Inc. Common Stock,1.66,17.73,35040747,990981,United States,Finance,Finance: Consumer Services,true,false,0.291366
SPAI,Safe Pro Group Inc. Common Stock,4.53,-0.875,92243765,38223,United States,Technology,Computer Software: Prepackaged Software,true,false,0.291265
PLYX,Polaryx Therapeutics Inc. Common Stock,2.14,-0.465,106670425,54576,United States,Health Care,Biotechnology: Pharmaceutical Preparations,true,false,0.291110
PLRZ,Polyrizon Ltd. Ordinary Shares,11.16,4.69,26807068,40070,Israel,Health Care,Medical/Dental Instruments,false,false,0.290938
CING,Cingulate Inc. Common Stock,4.98,-3.207,72418293,119530,United States,Health Care,Biotechnology: Pharmaceutical Preparations,true,false,0.290937
SUIG,Sui Group Holdings Limited Common Stock,1.47,-4.545,112900222,1193384,United States,Finance,Finance: Consumer Services,true,false,0.290885
DLTH,Duluth Holdings Inc. Class B Common Stock,4.065,-2.751,154490329,45575,United States,Consumer Discretionary,Clothing/Shoe/Accessory Stores,true,false,0.290807
GCTK,GlucoTrack Inc. Common Stock,2.03,-8.559,1620732,27578707,United States,Health Care,Medical/Dental Instruments,true,false,0.290742
AZI,Autozi Internet Technology (Global) Ltd. Class A Ordinary Shares,1.23,4.237,81610579,96927,China,Consumer Discretionary,Automotive Aftermarket,false,false,0.290726
SPWH,Sportsman's Warehouse Holdings Inc. Common Stock,1.24,0,48535417,238420,United States,Consumer Discretionary,Other Specialty Stores,true,false,0.290152
HFFG,HF Foods Group Inc. Common Stock,1.54,1.316,85628337,45189,United States,Consumer Discretionary,Food Distributors,true,false,0.290067
PLSM,Pulsenmore Ltd. Ordinary Shares,2.44,2.954,15866939,98085,Israel,Health Care,Medical/Dental Instruments,false,false,0.289851
PYPD,PolyPid Ltd. Ordinary Shares,5.27,-3.303,107043007,69135,Israel,Health Care,Medical/Dental Instruments,false,false,0.289695
IBO,Impact BioMedical Inc. Common Stock,6.63,-0.425,56644592,40754,,Health Care,Biotechnology: Pharmaceutical Preparations,false,false,0.289632
GDC,GD Culture Group Limited Common Stock,1.57,-1.875,6535125,1472780,United States,Industrials,Steel/Iron Ore,true,false,0.289595
MASK,3 E Network Technology Group Ltd Class A Ordinary Shares,0.945,4.19,3420035,1785102,China,Technology,EDP Services,false,false,0.289531
INBKZ,First Internet Bancorp 6.0% Fixed-to-Floating Rate Subordinated Notes Due 2029,25.29,1.193,220354147,250,United States,Finance,Major Banks,true,false,0.289418
TAOX,Tao Synergies Inc. Common Stock,4.325,-3.675,32365022,344088,United States,Finance,Finance: Consumer Services,true,false,0.289402
BKYI,BIO-key International Inc. Common Stock,2.49,4.622,3576497,646253,United States,Technology,Computer Software: Prepackaged Software,true,false,0.289325
UNB,Union Bankshares Inc. Common Stock,23.4,-0.426,115733311,4086,United States,Finance,Major Banks,true,false,0.289210
BGDE,Big Digital Energy Inc. Common Stock,6.15,-0.806,34835685,83565,Australia,Finance,Finance: Consumer Services,false,false,0.289196
AARD,Aardvark Therapeutics Inc. Common Stock,5.56,-3.304,121679744,54842,United States,Health Care,Biotechnology: Pharmaceutical Preparations,true,false,0.288988
LNSR,LENSAR Inc. Common Stock,7.15,-1.379,87843935,28283,United States,Health Care,Medical/Dental Instruments,true,false,0.288920
CAAS,China Automotive Systems Inc. Ordinary Share,5.08,0.197,153267166,8301,China,Consumer Discretionary,Auto Parts:O.E.M.,false,false,0.288793
HBIO,Harvard Bioscience Inc. Common Stock,8.05,1.641,36646055,23242,United States,Industrials,Biotechnology: Laboratory Analytical Instruments,true,false,0.288762
GROV,Grove Collaborative Holdings Inc. Class A Common Stock,1.05,2.941,44836098,76244,,Consumer Discretionary,Catalog/Specialty Distribution,false,false,0.288623
PLRX,Pliant Therapeutics Inc. Common Stock,1.125,-1.316,69662134,254288,United States,Health Care,Biotechnology: Pharmaceutical Preparations,true,false,0.288576
ARQ,Arq Inc. Common Stock,2.04,-1.449,89083705,97740,United States,Industrials,Major Chemicals,true,false,0.288310
STHO,Star Holdings Shares of Beneficial Interest,8.99,-0.663,108611184,12350,United States,Real Estate,Real Estate,true,false,0.288197
GRCE,Grace Therapeutics Inc. Common Stock,2.12,-0.935,44596172,193903,Canada,Health Care,Biotechnology: Pharmaceutical Preparations,false,false,0.288150
FNWB,First Northwest Bancorp Common Stock,10.05,-1.76,95591731,20140,United States,Finance,Banks,true,false,0.288139
INSG,Inseego Corp. Common Stock,4.095,-3.191,67242324,142967,United States,Telecommunications,Telecommunications Equipment,true,false,0.288090
FTLF,FitLife Brands Inc. Common Stock,9.39,0.859,88182166,7691,United States,Health Care,Medicinal Chemicals and Botanical Products,true,false,0.288054
CABO,Cable One Inc. Common Stock,15.83,-7.21,89818233,363285,United States,Telecommunications,Cable & Other Pay Television Services,true,false,0.287982
IFRX,InflaRx N.V. Common Stock,1.96,-5.769,288841713,564768,Germany,Health Care,Biotechnology: Pharmaceutical Preparations,false,false,0.287849
TZOO,Travelzoo Common Stock,5.58,-1.587,56929040,69637,United States,Consumer Discretionary,Advertising,true,false,0.287778
DOYU,DouYu International Holdings Limited ADS,4.67,-0.849,140935272,16876,China,Technology,Computer Software: Programming Data Processing,false,false,0.287716
LCTX,Lineage Cell Therapeutics Inc. Common Stock,0.9567,-8.01,241956571,2630853,United States,Health Care,Biotechnology: Biological Products (No Diagnostic Substances),true,false,0.287516
BIRD,Smartbird Inc. Class A Common Stock,2.37,0.424,27987787,158616,United States,Consumer Discretionary,Apparel,true,false,0.287430
XPOF,Xponential Fitness Inc. Class A Common Stock,3.7,-7.5,182498800,849964,United States,Consumer Discretionary,Services-Misc. Amusement & Recreation,true,false,0.287387
XXII,22nd Century Group Inc. Common Stock,2.34,29.282,1670746,2695952,United States,Health Care,Medicinal Chemicals and Botanical Products,true,false,0.287295
TTEC,TTEC Holdings Inc. Common Stock,1.23,-1.6,60634006,291592,United States,Consumer Discretionary,Professional Services,true,false,0.287123
VRXA,Veraxa Biotech AG Ordinary Shares,1.39,-1.418,196556860,43370,Switzerland,Health Care,Biotechnology: Pharmaceutical Preparations,false,false,0.287080
OPTT,Ocean Power Technologies Inc. Common Stock,2.2,3.774,19810182,222641,United States,Utilities,Electric Utilities: Central,true,false,0.286821
MNSBP,MainStreet Bancshares Inc. Depositary Shares,24.97,-0.16,177813268,1415,United States,Finance,Major Banks,true,false,0.286801
IMDX,Insight Molecular Diagnostics Inc. Common Stock,3.91,-5.556,127951950,597271,United States,Health Care,Biotechnology: In Vitro & In Vivo Diagnostic Substances,true,false,0.286667
JHS,John Hancock Income Securities Trust Common Stock,10.415,-0.998,121299183,9359,United States,Finance,Finance Companies,true,false,0.285844
INBK,First Internet Bancorp Common Stock,26.07,-5.303,227684274,42644,United States,Finance,Major Banks,true,false,0.285655
SMX,SMX (Security Matters) Public Limited Company Ordinary Shares,9.64,0.731,10494181,70210,Ireland,Technology,Industrial Machinery/Components,false,false,0.285608
PLCE,Children's Place Inc. (The) Common Stock,2.21,3.756,49143918,96611,United States,Consumer Discretionary,Clothing/Shoe/Accessory Stores,true,false,0.285587
INDO,Indonesia Energy Corporation Limited Ordinary Shares,2.86,0,44006362,92255,,Energy,Oil & Gas Production,false,false,0.285548
CHGG,Chegg Inc. Common Stock,0.7328,-2.137,81360939,377650,United States,Real Estate,Other Consumer Services,true,false,0.285318
GLU,Gabelli Global Utility Common Shares of Beneficial Ownership,18.36,-1.975,109589206,9528,United States,Finance,Finance/Investors Services,true,false,0.285232
BDTX,Black Diamond Therapeutics Inc. Common Stock,1.9,-4.04,109162119,613856,United States,Health Care,Biotechnology: Biological Products (No Diagnostic Substances),true,false,0.285167
NNVC,NanoViricides Inc. Common Stock,1.51,-1.307,38546303,316697,United States,Health Care,Biotechnology: Pharmaceutical Preparations,true,false,0.285041
SMTK,SmartKem Inc. Common Stock,1.68,-0.592,1740142,1316374,United States,Technology,Semiconductors,true,false,0.284933
SEAT,Vivid Seats Inc. Class A Common Stock,3.9,-0.51,45677412,79024,United States,Consumer Discretionary,Services-Misc. Amusement & Recreation,true,false,0.284793
POCI,Precision Optics Corporation Inc. Common stock,4.755,3.708,52042852,40847,United States,Health Care,Biotechnology: Electromedical & Electrotherapeutic Apparatus,true,false,0.284690
NGEN,NervGen Pharma Corp. Common stock,1.96,-5.085,208568761,536664,Canada,Health Care,Biotechnology: Pharmaceutical Preparations,false,false,0.284482
SIEB,Siebert Financial Corp. Common Stock,2.18,7.389,89600040,51825,United States,Finance,Investment Bankers/Brokers/Service,true,false,0.284264
OSG,Octave Specialty Group Inc. Common Stock,4.15,-5.251,186963667,315486,United States,Finance,Property-Casualty Insurers,true,false,0.284082
ATGL,Alpha Technology Group Limited Class A Ordinary Shares,5.55,0.909,91366875,9423,China,Technology,EDP Services,false,false,0.283789
BUDA,Buda Juice Inc. Common Stock,7.55,1.071,94878328,6097,,Consumer Staples,Beverages (Production/Distribution),false,false,0.283733
SSII,SS Innovations International Inc. Common Stock,3.11,-5.758,623198703,76492,India,Health Care,Medical/Dental Instruments,false,false,0.283698
CD,Chaince Digital Holdings Inc. Ordinary Shares,4.28,-7.459,470816264,178221,China,Finance,Finance: Consumer Services,false,false,0.283624
DGNX,Diginex Limited Ordinary Shares,1.47,-3.922,73691291,393922,Hong Kong,Technology,EDP Services,false,false,0.283569
BAER,Bridger Aerospace Group Holdings Inc. Common Stock,0.8788,-2.356,51696412,571637,United States,Industrials,Aerospace,true,false,0.283443
LGO,Largo Inc. Common Shares,0.725,11.796,74772150,797570,Canada,Industrials,Mining & Quarrying of Nonmetallic Minerals (No Fuels),false,false,0.283333
PRLD,Prelude Therapeutics Incorporated Common Stock,4.31,-11.134,343953020,704953,United States,Health Care,Biotechnology: Pharmaceutical Preparations,true,false,0.283278
MHH,Mastech Digital Inc Common Stock,7.3,2.098,87691841,3900,United States,Consumer Discretionary,Professional Services,true,false,0.283154
CIX,CompX International Inc. Common Stock,35.66,-7.014,439925189,20114,United States,Consumer Discretionary,Industrial Machinery/Components,true,false,0.283018
RDZN,Roadzen Inc. Ordinary Shares,1.17,-3.306,99643124,265143,United States,Finance,Specialty Insurers,true,false,0.283000
GPMT,Granite Point Mortgage Trust Inc. Common Stock,0.837,-1.251,40341865,505958,United States,Real Estate,Real Estate Investment Trusts,true,false,0.282913
ASTC,Astrotech Corporation (DE) Common Stock,7.42,6.609,15638362,75242,United States,Industrials,Biotechnology: Laboratory Analytical Instruments,true,false,0.282850
ETS,Elite Express Holding Inc. Class A Common Stock,1.59,-3.636,77459508,295798,United States,Industrials,Trucking Freight/Courier Services,true,false,0.282838
ICCC,ImmuCell Corporation Common Stock,9.99,0,90731148,7869,United States,Health Care,Biotechnology: In Vitro & In Vivo Diagnostic Substances,true,false,0.282714
NAKA,Nakamoto Inc. Common Stock,9.195,-6.839,164544001,277650,United States,Health Care,Medical/Nursing Services,true,false,0.282680
NDLS,Noodles & Company Class A Common Stock,13.08,-1.802,78043913,17604,United States,Consumer Discretionary,Restaurants,true,false,0.282644
HRTX,Heron Therapeutics Inc. Common Stock,0.291,-2.676,55247021,1718618,United States,Health Care,Biotechnology: Pharmaceutical Preparations,true,false,0.282608
GOSS,Gossamer Bio Inc. Common Stock,10.99,-5.988,67219137,455936,United States,Health Care,Biotechnology: Pharmaceutical Preparations,true,false,0.282574
FSP,Franklin Street Properties Corp. Common Stock,0.34,2.102,35363981,343820,United States,Real Estate,Real Estate Investment Trusts,true,false,0.282490
ZSTK,ZeroStack Corp. Common Stock,3.92,-3.21,85536466,87680,Canada,Health Care,Other Pharmaceuticals,false,false,0.282337
HYNE,Hoyne Bancorp Inc. Common Stock,16.44,-0.364,133113661,3181,United States,Finance,Banks,true,false,0.282264
MYSE,Myseum.AI Inc. Common Stock,1.83,-0.543,9509467,562458,United States,Telecommunications,Telecommunications Equipment,true,false,0.282184
NPWR,NET Power Inc. Class A Common Stock,1.71,-5.525,384508139,266343,United States,Energy,Industrial Machinery/Components,true,false,0.282170
VTIX,Virtuix Holdings Inc. Class A Common Stock,1.13,0.893,38387624,163180,United States,Technology,Computer peripheral equipment,true,false,0.282115
PRTS,CarParts.com Inc. Common Stock,8.34,-1.185,67265703,25955,United States,Consumer Discretionary,Auto & Home Supply Stores,true,false,0.281961
SEER,Seer Inc. Class A Common Stock,1.8,-3.226,99669627,157135,United States,Industrials,Biotechnology: Laboratory Analytical Instruments,true,false,0.281701
GNLX,Genelux Corporation Common Stock,2.515,-3.64,113792018,115797,United States,Health Care,Biotechnology: Pharmaceutical Preparations,true,false,0.281651
SFBC,Sound Financial Bancorp Inc. Common Stock,47.4,-1.599,121725238,2170,United States,Finance,Savings Institutions,true,false,0.281570
WSBK,Winchester Bancorp Inc. Common Stock,12.81,-0.775,119073767,5791,United States,Finance,Banks,true,false,0.281540
NRDY,Nerdy Inc. Class A Common Stock,8.58,-1.493,109600860,13587,United States,Real Estate,Other Consumer Services,true,false,0.281516
HERE,Here Group Limited American Depositary Shares,1.66,0.606,90278461,33166,China,Consumer Discretionary,Recreational Games/Products/Toys,false,false,0.281490
RLYB,Rallybio Corporation Common Stock,16.86,-0.355,89535013,5346,United States,Health Care,Biotechnology: Pharmaceutical Preparations,true,false,0.281477
LSBK,Lake Shore Bancorp Inc. Common Stock,18,-1.451,141368184,4269,United States,Finance,Savings Institutions,true,false,0.281449
WW,WW International Inc.  Common Stock,15.03,-8.577,150281363,279589,United States,Consumer Discretionary,Other Consumer Services,true,false,0.281441
CTW,CTW Class A Ordinary Shares,2.13,0.472,132912000,14781,Japan,Technology,EDP Services,false,false,0.281312
FLX,BingEx Limited American Depositary Shares,0.8939,5.177,65370827,119811,China,Industrials,Trucking Freight/Courier Services,false,false,0.281249
FTCI,FTC Solar Inc. Common Stock,2.54,-3.053,41964346,300422,United States,Technology,Semiconductors,true,false,0.281200
MGNX,MacroGenics Inc. Common Stock,3.8,-7.767,242060711,524602,United States,Health Care,Biotechnology: Pharmaceutical Preparations,true,false,0.280941
BMEA,Biomea Fusion Inc. Common Stock,1.44,-15.294,104376747,9301346,United States,Health Care,Biotechnology: Pharmaceutical Preparations,true,false,0.280915
NIPG,NIP Group Inc. American Depositary Shares,13.33,0.15,113592741,3609,Sweden,Consumer Discretionary,Services-Misc. Amusement & Recreation,false,false,0.280735
PEW,GrabAGun Digital Holdings Inc. Common Stock,2.16,-1.818,63749026,136287,,Consumer Discretionary,Other Specialty Stores,false,false,0.280688
GLSI,Greenwich LifeSciences Inc. Common Stock,17.51,-10.113,257015422,187152,United States,Health Care,Biotechnology: Pharmaceutical Preparations,true,false,0.280641
BCHT,Birchtech Corp. Common Stock,1.73,4.848,45509321,101643,,Industrials,Industrial Machinery/Components,false,false,0.280412
CLPR,Clipper Realty Inc. Common Stock,3.45,0,55743603,46519,United States,Real Estate,Real Estate Investment Trusts,true,false,0.280341
SUNE,SUNation Energy Inc. Common Stock,2.57,4.049,16738688,166846,United States,Consumer Discretionary,Engineering & Construction,true,false,0.280220
CLNN,Clene Inc. Common Stock,4.29,-2.055,60977978,75260,United States,Health Care,Biotechnology: Pharmaceutical Preparations,true,false,0.279967
HHS,Harte Hanks Inc. Common Stock,4.63,0.216,34513131,53855,United States,Consumer Discretionary,Advertising,true,false,0.279963
GSUN,Golden Sun Technology Group Limited Class A Ordinary Shares,0.242,1.128,2426987,4398904,China,Real Estate,Other Consumer Services,false,false,0.279794
VAI,Valor Energy Incorporated Common Stock,2.15,2.381,31298601,49172,China,Consumer Discretionary,Rental/Leasing Companies,false,false,0.279559
HSCS,HeartSciences Inc. Common Stock,4.52,-1.952,21696777,179648,United States,Health Care,Industrial Specialties,true,false,0.279494
GLBS,Globus Maritime Limited Common Stock,3.57,-3.252,77048815,102307,Greece,Consumer Discretionary,Marine Transportation,false,false,0.279326
LINK,Interlink Electronics Inc. Common Stock,5.295,-1.213,83414301,26374,United States,Technology,Computer peripheral equipment,true,false,0.279191
PTN,Palatin Technologies Inc. Common Stock,10.27,0,18273154,41219,United States,Health Care,Biotechnology: Pharmaceutical Preparations,true,false,0.279029
KLXE,KLX Energy Services Holdings Inc. Common Stock,1.47,-2,31271397,414541,United States,Energy,Oilfield Services/Equipment,true,false,0.278950
ESYN,EnerSyn Global Inc. Common Stock,2.3,0,68370720,46319,United States,Health Care,Other Pharmaceuticals,true,false,0.278883
ICG,Intchains Group Limited American Depositary Shares,1,7.689,120782902,66137,China,Technology,Semiconductors,false,false,0.278840
NRT,North European Oil Royality Trust Common Stock,8.83,0.684,81152910,6408,United States,Energy,Oil & Gas Production,true,false,0.278405
CNXU,Conexeu Sciences Inc. Common Stock,4.21,-4.318,118750199,235374,United States,Health Care,Industrial Specialties,true,false,0.278263
AERT,Aeries Technology Inc. Class A Ordinary Share,7.02,1.739,36839921,15625,United States,Consumer Discretionary,Professional Services,true,false,0.278155
PDC,Perpetuals.com Ltd American Depositary Shares,4,3.627,32456552,61721,Japan,Technology,EDP Services,false,false,0.278141
NSTS,NSTS Bancorp Inc. Common Stock,14.1457,-0.101,74309215,6910,United States,Finance,Savings Institutions,true,false,0.278139
LUNG,Pulmonx Corporation Common Stock,2,-2.913,85896538,129073,United States,Health Care,Medical/Dental Instruments,true,false,0.278116
FLNT,Fluent Inc. Common Stock,3.45,-1.429,109044447,28720,United States,Consumer Discretionary,Advertising,true,false,0.277867
BTCS,BTCS Inc. Common Stock,1.565,-5.152,82118588,1422825,United States,Finance,Finance: Consumer Services,true,false,0.277811
LIDR,AEye Inc. Class A Common Stock,1.18,-3.279,55073159,448925,United States,Consumer Discretionary,Auto Parts:O.E.M.,true,false,0.277722
SCNX,Scienture Holdings Inc. Common Stock,0.2897,1.613,11896283,1105179,United States,Health Care,Biotechnology: Pharmaceutical Preparations,true,false,0.277596
TIL,Instil Bio Inc. Common Stock,7.235,1.473,49067596,11589,United States,Health Care,Biotechnology: Biological Products (No Diagnostic Substances),true,false,0.277508
SSTI,SoundThinking Inc. Common Stock,5.68,-1.73,74770327,33736,United States,Technology,Computer Software: Prepackaged Software,true,false,0.277350
MWC,Micware Co. Ltd. American Depositary Shares,1.8,-3.226,110397582,112442,Japan,Technology,EDP Services,false,false,0.277262
CRVO,CervoMed Inc. Common Stock,2.51,-0.791,37948931,123588,United States,Health Care,Biotechnology: Pharmaceutical Preparations,true,false,0.277181
ONMD,OneMedNet Corp Class A Common Stock,0.6545,0.692,38802982,248898,United Kingdom,Health Care,Biotechnology: Commercial Physical & Biological Resarch,false,false,0.277124
NXXT,NextNRG Inc. Common Stock,0.9078,5.264,15263155,437696,United States,Consumer Discretionary,Retail-Auto Dealers and Gas Stations,true,false,0.276974
ATNM,Actinium Pharmaceuticals Inc. (Delaware) Common Stock,1.18,0.855,37100894,130430,United States,Health Care,Biotechnology: Pharmaceutical Preparations,true,false,0.276910
VIRC,Virco Manufacturing Corporation Common Stock,6.57,-1.647,103568265,16511,United States,Consumer Discretionary,Industrial Specialties,true,false,0.276838
ZEPP,Zepp Health Corporation American depositary shares each representing sixteen Class A ordinary shares,4.24,-1.395,62179519,48713,China,Technology,Computer Manufacturing,false,false,0.276723
GEOS,Geospace Technologies Corporation Common Stock (Texas),5.14,-3.745,66488999,92659,United States,Industrials,Industrial Machinery/Components,true,false,0.276593
NAAS,NaaS Technology Inc. American Depositary Shares,3.42,5.882,84005012,14997,China,Consumer Discretionary,Other Specialty Stores,false,false,0.276587
RPT,Rithm Property Trust Inc. Common stock,11.13,-1.504,86508637,11884,United States,Real Estate,Real Estate Investment Trusts,true,false,0.276544
NTWK,NetSol Technologies Inc. Common  Stock,4.46,-0.668,52968806,43730,United States,Technology,Computer Software: Prepackaged Software,true,false,0.276465
WHWK,Whitehawk Therapeutics Inc. Common Stock,3.82,-5.446,217774418,248458,United States,Health Care,Biotechnology: Pharmaceutical Preparations,true,false,0.276425
NICM,Nicola Mining Inc. American Depositary Shares,5.78,0.434,114568773,5469,Canada,Basic Materials,Metal Mining,false,false,0.276066
HGBL,Heritage Global Inc. Common Stock,1.33,0.758,46070462,87774,United States,Consumer Discretionary,Business Services,true,false,0.275745
FABC,Fabric.AI Inc. Common Stock,2.29,5.046,16038274,159709,United States,Consumer Discretionary,Telecommunications Equipment,true,false,0.275730
NTRP,NextTrip Inc. Common Stock,1.94,0,29267036,139317,United States,Consumer Discretionary,Transportation Services,true,false,0.275659
CEPL,Capstone Energy Plus Inc. Common Stock,5.48,-7.899,178711508,447495,United States,Industrials,Industrial Machinery/Components,true,false,0.275489
VRCA,Verrica Pharmaceuticals Inc. Common Stock,4.62,-2.119,79365991,41343,United States,Health Care,Biotechnology: Pharmaceutical Preparations,true,false,0.275489
GNS,Genius Group Limited Ordinary Shares,0.155,0,29751864,1686913,Singapore,Technology,Computer Software: Prepackaged Software,false,false,0.275441
CNTX,Context Therapeutics Inc. Common Stock,0.3826,-1.671,35152973,1107090,United States,Health Care,Biotechnology: Pharmaceutical Preparations,true,false,0.275402
VIOT,Viomi Technology Co. Ltd American Depositary Shares,1.3,-1.515,87518249,93633,China,Consumer Discretionary,Consumer Electronics/Appliances,false,false,0.275305
VANI,Vivani Medical Inc. Common Stock (DE),1.23,-3.15,110950128,149095,United States,Health Care,Biotechnology: Electromedical & Electrotherapeutic Apparatus,true,false,0.275233
FFAI,Faraday Future Intelligent Electric Inc. Class A Common Stock,1.39,-2.113,8516529,1004680,United States,Industrials,Auto Manufacturing,true,false,0.275204
IMCC,IM Cannabis Corp. Common Shares,2.91,-29.71,1757413,29555318,Canada,Health Care,Medicinal Chemicals and Botanical Products,false,false,0.275145
PNBK,Patriot National Bancorp Inc. Common Stock,0.9404,-3.052,111665165,185157,United States,Finance,Major Banks,true,false,0.275017
CTM,Castellum Inc. Common Stock,0.6326,-1.156,59958642,294166,,Consumer Discretionary,Professional Services,false,false,0.274967
BBOT,BridgeBio Oncology Therapeutics Inc. Common Stock,4.16,-10.73,333524951,540256,United States,Health Care,Biotechnology: Pharmaceutical Preparations,true,false,0.274443
IPSC,Century Therapeutics Inc. Common Stock,1.76,-6.878,318692565,508113,United States,Health Care,Biotechnology: Biological Products (No Diagnostic Substances),true,false,0.274246
OPTH,Optimi Health Corp. Common Shares,4.96,0,28400300,52825,Canada,Health Care,Biotechnology: Pharmaceutical Preparations,false,false,0.274219
GRSD,Grandstand Limited Ordinary Shares,1.53,-3.165,53698701,298819,Jersey,Consumer Discretionary,Services-Misc. Amusement & Recreation,false,false,0.274157
MAYS,J. W. Mays Inc. Common Stock,40.65,-0.49,81941457,1954,United States,Real Estate,Building operators,true,false,0.274092
CPOP,Pop Culture Group Co. Ltd Class A Ordinary Shares,5.17,9.766,5213873,387677,China,Consumer Discretionary,Services-Misc. Amusement & Recreation,false,false,0.274041
GDEV,GDEV Inc. Ordinary Shares,11.19,-0.71,203103972,1397,Cyprus,Technology,EDP Services,false,false,0.273987
RNTX,Rein Therapeutics Inc. Common Stock,0.7703,-3.07,66451495,441406,United States,Health Care,Biotechnology: Pharmaceutical Preparations,true,false,0.273840
HAO,Haoxi Health Technology Limited Class A Ordinary Shares,3.16,10.877,1156958,1252689,China,Consumer Discretionary,Advertising,false,false,0.273791
SWVL,Swvl Holdings Corp Class A Common Shares,3.83,-5.432,114899127,439501,United Arab Emirates,Consumer Discretionary,Business Services,false,false,0.273630
IGC,IGC Pharma Inc. Common Stock,0.2861,1.095,29578165,550388,United States,Health Care,Biotechnology: Pharmaceutical Preparations,true,false,0.273627
FGI,FGI Industries Ltd. Ordinary Shares,8.41,1.816,16241989,22399,United States,Industrials,Industrial Specialties,true,false,0.273358
XBIT,XBiotech Inc. Common Stock,2.18,0,66463254,40044,United States,Health Care,Biotechnology: Pharmaceutical Preparations,true,false,0.273188
HOVNP,Hovnanian Enterprises Inc Dep Shr Srs A Pfd,19.24,-0.568,114668284,2429,United States,Consumer Discretionary,Homebuilding,true,false,0.273060
SLE,Super League Enterprise Inc. Common Stock,5.26,-2.593,13008879,224729,United States,Technology,EDP Services,true,false,0.272960
RNXT,RenovoRx Inc. Common Stock,1.63,-4.118,73561098,765016,United States,Health Care,Biotechnology: Pharmaceutical Preparations,true,false,0.272929
ALP,Alpha Compute Corp Ordinary Shares,4.54,4.368,7036310,141128,Canada,Finance,Finance: Consumer Services,false,false,0.272722
LFMD,LifeMD Inc. Common Stock,3.05,-7.576,147012553,816607,United States,Health Care,Medical/Nursing Services,true,false,0.272658
BLNK,Blink Charging Co. Common Stock,0.5652,-3.599,81919362,534175,United States,Miscellaneous,Industrial Machinery/Components,true,false,0.272632
ZJYL,JIN MEDICAL INTERNATIONAL LTD. Class A Ordinary Shares,2.05,-1.442,160786594,19687,China,Health Care,Industrial Specialties,false,false,0.272467
AEON,AEON Biopharma Inc. Class A Common Stock,0.2639,0.725,13164068,1287786,United States,Health Care,Biotechnology: Pharmaceutical Preparations,true,false,0.272255
STRR,Star Equity Holdings Inc. Common Stock,10.325,4.293,38093086,15067,United States,Consumer Discretionary,Professional Services,true,false,0.272154
ASBP,Aspire-Lakewood Holdings Inc. Common Stock,8.33,1.585,11683300,31386,United States,Health Care,Biotechnology: Pharmaceutical Preparations,true,false,0.272131
RMSG,Real Messenger Corporation Ordinary Shares,0.317,10.299,5125468,6912174,United States,Technology,Computer Software: Programming Data Processing,true,false,0.272078
LFS,LEIFRAS Co. Ltd. American Depositary Shares,2.16,0.935,56506937,32923,Japan,Real Estate,Other Consumer Services,false,false,0.271993
IPHA,Innate Pharma S.A. ADS,1.76,-2.222,196592611,23678,France,Health Care,Biotechnology: Biological Products (No Diagnostic Substances),false,false,0.271906
NEXM,NexMetals Mining Corp. Common Shares,2.17,0.463,77356516,23053,Canada,Basic Materials,Metal Mining,false,false,0.271884
OPTU,Optimum Communications Inc. Class A common stock,1.02,-9.735,464696552,974928,United States,Telecommunications,Cable & Other Pay Television Services,true,false,0.271630
CRWS,Crown Crafts Inc Common Stock,2.59,0.388,27869143,77947,United States,Consumer Discretionary,Textiles,true,false,0.271573
MDXH,MDxHealth SA Ordinary Shares,0.6055,0.933,57775225,109136,Belgium,Health Care,Medical Specialities,false,false,0.271516
COPR,Idaho Copper Corporation Common Stock,3.13,0.643,58777031,23107,,Basic Materials,Metal Mining,false,false,0.271446
MOLN,Molecular Partners AG American Depositary Shares,4.3,0.939,161298001,290,Switzerland,Health Care,Biotechnology: Biological Products (No Diagnostic Substances),false,false,0.271429
ZEO,Zeo Energy Corporation Class A Common Stock,0.3967,-19.008,24668190,69922268,United States,Miscellaneous,Industrial Machinery/Components,true,false,0.271276
LX,LexinFintech Holdings Ltd. American Depositary Shares,0.7238,-5.841,119273753,2561107,China,Finance,Finance: Consumer Services,false,false,0.271012
IKT,Inhibikase Therapeutics Inc. Common Stock,2.15,-6.926,300002185,412357,United States,Health Care,Biotechnology: Biological Products (No Diagnostic Substances),true,false,0.270701
PMI,Picard Medical Inc. Common Stock,4.55,5.081,10640785,92476,,Health Care,Medical/Dental Instruments,false,false,0.270581
EVTL,Vertical Aerospace Ltd. Ordinary Shares,0.6825,-7.47,117201385,4309416,,Industrials,Aerospace,false,false,0.270565
PN,PN Smart Energy Limited Class A Ordinary Shares,2.825,-2.249,41680121,130748,China,Technology,Retail: Computer Software & Peripheral Equipment,false,false,0.270301
CRGO,Freightos Limited Ordinary shares,1.04,0.483,54156424,80054,Israel,Industrials,Integrated Freight & Logistics,false,false,0.270180
SCWO,374Water Inc. Common Stock,3.07,3.02,54394754,32926,United States,Consumer Discretionary,Metal Fabrications,true,false,0.270119
OMSE,OMS Energy Technologies Inc. Ordinary Shares,4.2604,-1.607,180848459,7137,Singapore,Consumer Discretionary,Oil and Gas Field Machinery,false,false,0.270078
MF,MindForge Inc. Class A Ordinary Shares,13.336,-1.215,24223510,28611,China,Technology,Computer Software: Programming Data Processing,false,false,0.269919
PHOS,First Phosphate Corp. American Depositary Shares,15.65,-5.552,296011189,30014,Canada,Industrials,Mining & Quarrying of Nonmetallic Minerals (No Fuels),false,false,0.269765
NSRX,Nasus Pharma Ltd. Ordinary Shares,3.64,1.961,42627341,14920,,Health Care,Biotechnology: Pharmaceutical Preparations,false,false,0.269683
NEPH,Nephros Inc. Common Stock,4.29,2.878,46589915,6713,United States,Health Care,Medical/Dental Instruments,true,false,0.269680
KTWO,K2 Capital Acquisition Corporation Class A Ordinary Share,10.1,0,202415716,75,Cayman Islands,Health Care,Medical/Dental Instruments,false,false,0.269215
TC,Token Cat Limited American Depositary Shares,1.94,4.865,51240873,47723,China,Consumer Discretionary,Business Services,false,false,0.269179
IDN,Intellicheck Inc. Common Stock,2.34,-3.704,47424179,226293,United States,Technology,Computer Software: Prepackaged Software,true,false,0.268887
WPRT,Westport Fuel Systems Inc Common Shares,1.98,0,37611553,79959,Canada,Industrials,Industrial Machinery/Components,false,false,0.268881
KPLT,Katapult Holdings Inc. Common Stock,7.1,-14.766,602428291,183715,United States,Consumer Discretionary,Diversified Commercial Services,true,false,0.268828
WKEY,WISeKey International Holding Ltd American Depositary Shares,5.95,-1.977,67701087,29125,Switzerland,Technology,EDP Services,false,false,0.268770
CVV,CVD Equipment Corporation Common Stock,4.43,0,30793829,43048,United States,Technology,Industrial Machinery/Components,true,false,0.268409
ACRV,Acrivon Therapeutics Inc. Common Stock,2.06,-4.186,88277926,435437,United States,Health Care,Biotechnology: Pharmaceutical Preparations,true,false,0.268391
ALXO,ALX Oncology Holdings Inc. Common Stock,1.47,-8.125,203267186,1277341,United States,Health Care,Biotechnology: Pharmaceutical Preparations,true,false,0.268312
BLNE,Beeline Holdings Inc. Common Stock,0.9657,-0.822,31798713,264659,United States,Finance,Finance: Consumer Services,true,false,0.268200
IMC,IMC Rare Earths Ltd Ordinary Shares,7.08,-11.94,744108000,101587,,Basic Materials,Metal Mining,false,false,0.268138
SYPR,Sypris Solutions Inc. Common Stock,1.77,2.312,40756786,25664,United States,Industrials,Industrial Machinery/Components,true,false,0.268091
CATO,Cato Corporation (The) Class A Common Stock,2.46,-0.405,48983395,54002,United States,Consumer Discretionary,Clothing/Shoe/Accessory Stores,true,false,0.268025
MHNC,Maiden Holdings North America Ltd. 7.75% Notes due 2043,10.2,-0.147,78967819,5241,Bermuda,Finance,Property-Casualty Insurers,false,false,0.267730
XCH,XCHG Limited American Depositary Share,3.16,3.947,13987531,102252,Germany,Miscellaneous,Industrial Machinery/Components,false,false,0.267431
EXOZ,eXoZymes Inc. Common Stock,6.38,3.069,59215070,11916,United States,Health Care,Biotechnology: Biological Products (No Diagnostic Substances),true,false,0.267321
BIVI,BioVie Inc. Class A Common Stock,1.63,0,13775371,216470,United States,Health Care,Biotechnology: Pharmaceutical Preparations,true,false,0.267235
TURB,Turbo Energy S.A. American Depositary Shares,1.04,0.971,12497826,249861,Spain,Miscellaneous,Industrial Machinery/Components,false,false,0.267142
PDSB,PDS Biotechnology Corporation Common Stock,0.8239,-9.462,59711500,9724138,United States,Health Care,Biotechnology: Pharmaceutical Preparations,true,false,0.266932
CMTL,Comtech Telecommunications Corp. Common Stock,1.44,-1.37,43144461,152745,United States,Technology,Radio And Television Broadcasting And Communications Equipment,true,false,0.266799
CSTE,Caesarstone Ltd. Ordinary Shares,2.79,-1.413,96470039,24313,Israel,Industrials,Building Materials,false,false,0.266781
HCAI,Huachen AI Parking Management Technology Holding Co. Ltd. Class A Ordinary Shares,0.5497,2.004,5999028,567032,China,Consumer Discretionary,Miscellaneous manufacturing industries,false,false,0.266728
AUXX,Gold X2 Mining Inc. Common Shares,5.53,-5.146,559551988,15583,,Uncategorized,Uncategorized,false,false,0.266644
FUSB,First US Bancshares Inc. Common Stock,16.46,-0.303,90607510,2484,United States,Finance,Major Banks,true,false,0.266616
TLYS,Tilly's Inc. Common Stock,4.13,-5.057,126325404,237874,United States,Consumer Discretionary,Clothing/Shoe/Accessory Stores,true,false,0.266552
FNGR,FingerMotion Inc. Common Stock,0.139,0,10453444,3064344,United States,Technology,Computer Software: Prepackaged Software,true,false,0.266054
AGIG,Abundia Global Impact Group Inc. Common stock,1.28,4.918,56512411,52705,United States,Energy,Oil & Gas Production,true,false,0.265848
RNA,Atrium Therapeutics Inc. Common Stock,8.33,-9.653,142490006,434545,United States,Health Care,Biotechnology: Pharmaceutical Preparations,true,false,0.265809
INCR,Intercure Ltd. Ordinary Shares,5.47,1.484,64796039,5257,Israel,Health Care,Biotechnology: Pharmaceutical Preparations,false,false,0.265802
KXIN,Kaixin Holdings Ordinary Shares,1.6,-3.614,64054214,201531,China,Consumer Discretionary,Retail-Auto Dealers and Gas Stations,false,false,0.265731
HUHU,HUHUTECH International Group Inc. Ordinary Shares,5.9,-3.516,150413119,14762,China,Telecommunications,Metal Fabrications,false,false,0.265698
LOAN,Manhattan Bridge Capital Inc,3.9,0.257,44559485,25081,United States,Real Estate,Real Estate Investment Trusts,true,false,0.265588
KYNB,Kyntra Bio Inc. Common Stock,7.25,-0.412,29356149,29106,United States,Health Care,Biotechnology: Pharmaceutical Preparations,true,false,0.265552
SCNI,Scinai Immunotherapeutics Ltd. American Depositary Shares,1.98,3.665,992665,517382,Israel,Health Care,Biotechnology: Biological Products (No Diagnostic Substances),false,false,0.265469
WETH,Wetouch Technology Inc. Common Stock,1.04,0.971,13916795,213276,China,Technology,Computer peripheral equipment,false,false,0.265418
VERU,Veru Inc. Common Stock,2.46,-1.6,41943787,94886,United States,Health Care,Biotechnology: Pharmaceutical Preparations,true,false,0.265072
SRZN,Surrozen Inc. Common Stock,16.16,-8.182,189937497,115546,United States,Health Care,Biotechnology: Biological Products (No Diagnostic Substances),true,false,0.264939
CVM,Cel-Sci Corporation Common Stock,1.68,-1.176,29549498,171401,United States,Health Care,Biotechnology: Biological Products (No Diagnostic Substances),true,false,0.264934
BDMD,Baird Medical Investment Holdings Ltd Ordinary Share,0.79,-0.013,33344923,187901,China,Health Care,Medical/Dental Instruments,false,false,0.264901
NFE,New Fortress Energy Inc. Class A Common Stock,6.4,-21.472,104458336,1390335,United States,Utilities,Oil/Gas Transmission,true,false,0.264731
AKA,a.k.a. Brands Holding Corp. Common Stock,10.89,-1,119692633,3045,,Consumer Discretionary,Catalog/Specialty Distribution,false,false,0.264579
DEFT,Defi Technologies Inc. Common Stock,0.534,-7.676,207241782,2703140,Canada,Finance,Finance: Consumer Services,false,false,0.264376
QCLS,Q/C Technologies Inc. Common Stock,0.8794,-1.479,7202144,1034611,United States,Health Care,Biotechnology: In Vitro & In Vivo Diagnostic Substances,true,false,0.264138
NDRA,ENDRA Life Sciences Inc. Common Stock,6.5,4.334,9748947,56783,United States,Health Care,Biotechnology: Electromedical & Electrotherapeutic Apparatus,true,false,0.264136
CLST,Catalyst Bancorp Inc. Common Stock,18.04,-0.055,72769590,2754,United States,Finance,Savings Institutions,true,false,0.264087
JAGU,Jaguar Uranium Corp. Class A Common Shares,1.55,-0.641,31300354,127866,Canada,Basic Materials,Metal Mining,false,false,0.263937
RSSS,Research Solutions Inc Common Stock,2.12,0.952,71576858,13225,United States,Technology,EDP Services,true,false,0.263874
HODO,House of Doge Inc. Common Stock,0.1753,3.178,15628518,1532565,United States,Finance,Finance: Consumer Services,true,false,0.263780
RYOJ,rYojbaba Co. Ltd. Common Shares,3.71,1.09,42850500,17275,Japan,Consumer Discretionary,Professional Services,false,false,0.263725
SKYE,Skye Bioscience Inc. Common Stock,1.8,5.263,7969819,217865,United States,Health Care,Biotechnology: Pharmaceutical Preparations,true,false,0.263698
XTNT,Xtant Medical Holdings Inc. Common Stock,0.375,5.932,52607985,170187,United States,Health Care,Medical/Dental Instruments,true,false,0.263613
EONR,EON Resources Inc. Class A Common Stock,0.5116,0.314,25563805,306884,,Energy,Oil & Gas Production,false,false,0.263526
INVE,INVE Technologies Inc. Common Stock,2.4,-3.614,58165807,135744,United States,Technology,Computer peripheral equipment,true,false,0.263279
CHAI,Core AI Holdings Inc. Common Shares,0.3049,5.32,7886801,1280810,Canada,Telecommunications,Telecommunications Equipment,false,false,0.263268
FNUC,Frontier Nuclear and Minerals Inc. Common Shares,1.51,-2.581,54207559,157657,Canada,Basic Materials,Other Metals and Minerals,false,false,0.263258
SGA,Saga Communications Inc. Class A Common Stock (FL),8.69,-2.36,55250916,24130,United States,Consumer Discretionary,Broadcasting,true,false,0.263148
CIGL,Concorde International Group Ltd Class A Ordinary Shares,0.4209,0.167,95538183,54230,Singapore,Consumer Discretionary,Diversified Commercial Services,false,false,0.263050
TLPH,Talphera Inc. Common Stock,1.16,-0.855,60210723,81353,United States,Health Care,Biotechnology: Pharmaceutical Preparations,true,false,0.262940
DTSS,Datasea Intelligent Technology Ltd. Class A Ordinary Shares,0.9034,0.177,13031437,336574,China,Technology,Computer Software: Prepackaged Software,false,false,0.262808
HAIN,Hain Celestial Group Inc. (The) Common Stock,0.55,-2.013,50051248,364847,United States,Consumer Staples,Packaged Foods,true,false,0.262487
SAIH,SAIHEAT Limited Class A Ordinary Shares,29.74,10.148,53840106,8847,Singapore,Technology,EDP Services,false,false,0.262419
VNTG,Vantage Corp Class A Ordinary Shares,0.7224,-0.578,22149427,335611,Singapore,Industrials,Integrated Freight & Logistics,false,false,0.262407
GIBO,GIBO Holdings Limited Class A Ordinary Shares,32.2,-2.128,83871501,2955,Hong Kong,Technology,Computer Software: Prepackaged Software,false,false,0.262214
TPET,Trio Petroleum Corp. Common Stock,1.76,3.529,9370076,212195,,Energy,Oil & Gas Production,false,false,0.262034
PEPG,PepGen Inc. Common Stock,2.72,-8.725,188385886,717240,United States,Health Care,Biotechnology: Pharmaceutical Preparations,true,false,0.261936
AIAI,AIAI Holdings Corporation Class A Common Stock,3.27,-6.571,231665400,266386,United States,Technology,EDP Services,true,false,0.261742
MNDR,Mobile-health Network Solutions Class A Ordinary Shares,1.39,0,1660406,656628,Singapore,Technology,Computer Software: Prepackaged Software,false,false,0.261646
CNVS,Cineverse Corp. Class A Common Stock,2.04,-1.923,48493629,95674,United States,Consumer Discretionary,Consumer Electronics/Video Chains,true,false,0.261613
VYGR,Voyager Therapeutics Inc. Common Stock,2.87,-8.599,176843511,690933,United States,Health Care,Biotechnology: Biological Products (No Diagnostic Substances),true,false,0.261468
QMLS,QumulusAI Inc. Common Stock,7.12,-11.663,238224627,414702,United States,Technology,EDP Services,true,false,0.261243
COYA,Coya Therapeutics Inc. Common Stock,5.04,-4.906,118227559,158623,United States,Health Care,Biotechnology: Pharmaceutical Preparations,true,false,0.261102
RKDA,Arcadia Biosciences Inc. Common Stock,0.426,-4.911,1026324,25504284,United States,Energy,Oil & Gas Production,true,false,0.261022
SAFX,XCF Global Inc. Class A Common Stock,0.4253,-7.261,176625770,3307252,United States,Industrials,Major Chemicals,true,false,0.261012
MGYR,Magyar Bancorp Inc. Common Stock,19.23,-0.259,124137015,700,United States,Finance,Savings Institutions,true,false,0.260904
ONCY,Oncolytics Biotech Inc. Common Stock,0.6765,-5.159,86260857,1891106,Canada,Health Care,Biotechnology: Pharmaceutical Preparations,false,false,0.260562
ASRV,AmeriServ Financial Inc. Common Stock,4.7,3.753,79802555,6059,United States,Finance,Major Banks,true,false,0.260548
BGIN,Bgin Blockchain Limited Class A Ordinary Shares,1.885,-1.309,213261249,1942,China,Finance,Finance: Consumer Services,false,false,0.260368
VIDA,VIDA Global Inc. Class A Common Stock,1.84,1.099,26832595,50460,,Technology,Computer Software: Prepackaged Software,false,false,0.260362
CPBI,Central Plains Bancshares Inc. Common Stock,20.15,0.75,84070555,784,United States,Finance,Savings Institutions,true,false,0.260164
BCTX,BriaCell Therapeutics Corp. Common Shares,4.01,-1.956,34886146,65896,Canada,Health Care,Biotechnology: Pharmaceutical Preparations,false,false,0.260114
LSF,Laird Superfood Inc. Common Stock,3.59,0.56,40182454,21129,,Consumer Staples,Packaged Foods,false,false,0.260104
TTRX,Turn Therapeutics Inc. Common Stock,13.51,-11.642,402436420,101589,United States,Health Care,Biotechnology: Pharmaceutical Preparations,true,false,0.259978
DTCX,Datacentrex Inc. Common Stock,2.02,-2.415,81090125,51735,United States,Technology,EDP Services,true,false,0.259962
EVAX,Evaxion A/S American Depositary Share,3.2801,0.309,29591366,35215,Denmark,Health Care,Biotechnology: Biological Products (No Diagnostic Substances),false,false,0.259461
LUD,Luda Technology Group Limited Ordinary Shares,4.175,0,94730750,4660,Hong Kong,Industrials,Steel/Iron Ore,false,false,0.259378
TPCS,TechPrecision Corporation Common stock,5.29,-0.377,53604951,14502,United States,Industrials,Metal Fabrications,true,false,0.259263
DIBS,1stdibs.com Inc. Common Stock,4.02,-4.739,135133478,135969,United States,Consumer Discretionary,Catalog/Specialty Distribution,true,false,0.259253
GTEC,Greenland Technologies Holding Corporation Class A Ordinary Shares,1.18,-1.667,31322182,213420,China,Industrials,Industrial Machinery/Components,false,false,0.259225
KZIA,Kazia Therapeutics Limited American Depositary Shares,9.6,-12.088,149269229,531024,Australia,Health Care,Biotechnology: Pharmaceutical Preparations,false,false,0.259178
HOVR,New Horizon Aircraft Ltd. Class A Ordinary Share,1.69,-4.52,113439460,348353,United States,Industrials,Aerospace,true,false,0.259036
TOON,Kartoon Studios Inc. Common Stock,0.5801,0.363,36084601,149565,United States,Consumer Discretionary,Movies/Entertainment,true,false,0.258951
NMRA,Neumora Therapeutics Inc. Common Stock,0.7313,-6.063,137408280,1692187,United States,Health Care,Biotechnology: Biological Products (No Diagnostic Substances),true,false,0.258830
RPID,Rapid Micro Biosystems Inc. Class A Common Stock,1.11,-2.632,55677107,173823,United States,Industrials,Biotechnology: Laboratory Analytical Instruments,true,false,0.258726
MRKR,Marker Therapeutics Inc. Common Stock,1.24,1.639,20674677,64911,United States,Health Care,Biotechnology: Pharmaceutical Preparations,true,false,0.258452
TP,Ticketplus Ltd. Ordinary Shares,8.23,-2.024,105161919,6367,,Consumer Discretionary,Services-Misc. Amusement & Recreation,false,false,0.258433
OKYO,OKYO Pharma Limited Ordinary Shares,1.32,-2.222,69272976,85224,Guernsey,Health Care,Biotechnology: Biological Products (No Diagnostic Substances),false,false,0.258147
AKTX,Akari Therapeutics plc ADS,9.66,-3.881,18807846,86426,United Kingdom,Health Care,Biotechnology: Pharmaceutical Preparations,false,false,0.258142
LENZ,LENZ Therapeutics Inc. Common Stock,3.76,-8.959,118140490,765665,United States,Health Care,Biotechnology: Biological Products (No Diagnostic Substances),true,false,0.258127
GYGY,Game Your Game Inc. Common Stock,0.795,-4.309,11441640,4397415,United States,Technology,Computer Software: Prepackaged Software,true,false,0.258091
XBP,XBP Global Holdings Inc. Common Stock,3.265,0.772,46221247,15248,United States,Technology,EDP Services,true,false,0.258048
WKHS,Workhorse Group Inc. Common Stock,3.02,-0.33,33004327,43206,United States,Industrials,Auto Manufacturing,true,false,0.258008
CPHI,China Pharma Holdings Inc. Common Stock,0.7199,7.448,30971539,223186,China,Health Care,Biotechnology: Pharmaceutical Preparations,false,false,0.257977
YRD,Yiren Digital Ltd. American Depositary Shares each representing two ordinary shares,1,-0.99,87488461,40884,China,Finance,Finance: Consumer Services,false,false,0.257928
PAAC,Proem Acquisition Corp I Ordinary Shares,10.07,0,145682690,24,United States,Finance,Investment Managers,true,false,0.257901
OFS,OFS Capital Corporation Common Stock,3.56,-2.732,47697158,66788,United States,Finance,Finance/Investors Services,true,false,0.257842
IMUX,Immunic Inc. Common Stock,9.37,-13.561,127848656,662427,United States,Health Care,Biotechnology: Pharmaceutical Preparations,true,false,0.257496
JFIN,Jiayin Group Inc. American Depositary Shares,1.55,-1.274,81110796,34020,China,Finance,Finance: Consumer Services,false,false,0.257483
CGEN,Compugen Ltd. Ordinary Shares,2.34,-6.024,221328048,288338,Israel,Health Care,Biotechnology: Biological Products (No Diagnostic Substances),false,false,0.257434
CPHC,Canterbury Park Holding Corporation 'New' Common Stock,15.78,0.831,81793957,816,United States,Consumer Discretionary,Services-Misc. Amusement & Recreation,true,false,0.257401
SOAR,Volato Group Inc. Class A Common Stock,0.1834,-0.434,9836338,2015151,,Consumer Discretionary,Transportation Services,false,false,0.257272
OCCI,OFS Credit Company Inc. Common Stock,2.34,-1.266,27182633,97726,United States,Finance,Trusts Except Educational Religious and Charitable,true,false,0.257244
BMHL,Bluemount Holdings Limited Class B Ordinary Shares,5.53,0,141126413,80,Hong Kong,Finance,Finance: Consumer Services,false,false,0.257143
AIRG,Airgain Inc. Common Stock,5.24,-1.689,68645226,15942,United States,Technology,Radio And Television Broadcasting And Communications Equipment,true,false,0.257026
GTBP,GT Biopharma Inc. Common Stock,7.1,-1.114,12811091,53738,United States,Health Care,Biotechnology: Pharmaceutical Preparations,true,false,0.256897
MERC,Mercer International Inc. Common Stock,0.3227,0.093,21626719,458046,Canada,Basic Materials,Paper,false,false,0.256859
MGX,Metagenomi Therapeutics Inc. Common Stock,1.13,-0.877,42688129,100346,United States,Health Care,Biotechnology: Biological Products (No Diagnostic Substances),true,false,0.256797
NXTS,Nexentis Technologies Inc. Common Stock,1.455,3.191,2114600,473594,Israel,Industrials,Agricultural Chemicals,false,false,0.256762
DFLI,Dragonfly Energy Holdings Corp. Common Stock (NV),0.8875,2,13293688,113464,United States,Miscellaneous,Industrial Machinery/Components,true,false,0.256472
ISPR,Ispire Technology Inc. Common Stock,1.325,6.426,76524674,18419,United States,Health Care,Medicinal Chemicals and Botanical Products,true,false,0.256443
TRVG,trivago N.V. American Depositary Shares,5.26,-17.035,371459485,331209,Germany,Technology,EDP Services,false,false,0.256427
PRQR,ProQR Therapeutics N.V. Ordinary Shares,1.7,-10.526,239906509,1137001,Netherlands,Health Care,Biotechnology: Pharmaceutical Preparations,false,false,0.256398
CBUS,Cibus Inc. Class A Common Stock,1.54,-3.145,117700605,46377,United States,Industrials,Agricultural Chemicals,true,false,0.256336
DCGO,DocGo Inc. Common Stock,0.3622,1.088,35831855,149370,United States,Health Care,Medical/Nursing Services,true,false,0.256241
IPST,IP Strategy Holdings Inc. Common Stock,2.86,1.06,2063713,161680,United States,Consumer Staples,Beverages (Production/Distribution),true,false,0.256066
ROLR,High Roller Technologies Inc. Common Stock,6.01,-2.751,66286171,23950,,Consumer Discretionary,Services-Misc. Amusement & Recreation,false,false,0.256059
ROC,Rank One Computing Corporation Common stock,4.18,-1.647,79754931,14872,United States,Technology,Computer Software: Prepackaged Software,true,false,0.255879
GECC,Great Elm Capital Corp. Common Stock,5.3,-1.852,73615675,14621,United States,Finance,Finance: Consumer Services,true,false,0.255767
YDDL,One and One Green Technologies. Inc Class A Ordinary Shares,1.46,-2.013,81808666,48722,Philippines,Consumer Discretionary,Industrial Specialties,false,false,0.255731
SNT,Senstar Technologies Corporation Common Shares,1.5375,3.188,35872416,54757,Canada,Telecommunications,Telecommunications Equipment,false,false,0.255688
ELWT,Elauwit Connection Inc. Common Stock,7.125,-1.588,47166047,18895,United States,Consumer Discretionary,Telecommunications Equipment,true,false,0.255310
OWLT,Owlet Inc. Class A Common Stock,5.21,-5.787,152244937,166348,United States,Industrials,Industrial Machinery/Components,true,false,0.255298
GENK,GEN Restaurant Group Inc. Class A Common Stock,1.695,0.893,55875028,16765,United States,Consumer Discretionary,Restaurants,true,false,0.255183
MLGO,MicroAlgo Inc. Class A Ordinary Shares,3.41,-1.445,42411742,41695,United States,Technology,EDP Services,true,false,0.255173
ENLV,Enlivex Ltd. Ordinary Shares,0.64,-0.99,11190696,594244,Israel,Health Care,Biotechnology: Pharmaceutical Preparations,false,false,0.255116
SLNG,Stabilis Solutions Inc. Common Stock,5.24,-1.689,97444617,7879,United States,Utilities,Oil/Gas Transmission,true,false,0.255114
ARKR,Ark Restaurants Corp. Common Stock,4.74,4.865,17093184,30503,United States,Consumer Discretionary,Restaurants,true,false,0.255042
IPWR,Ideal Power Inc. Common Stock,4.06,-4.695,66724699,273894,United States,Technology,Semiconductors,true,false,0.254961
PMN,ProMIS Neurosciences Inc. Common Shares (ON),12.94,-4.713,116041947,43693,Canada,Health Care,Biotechnology: Pharmaceutical Preparations,false,false,0.254894
LVWR,LiveWire Group Inc. Common Stock,1.36,-6.207,279360942,314592,United States,Consumer Discretionary,Motor Vehicles,true,false,0.254845
GDHG,Golden Heaven Group Holdings Ltd. Class A Ordinary Shares,1.15,-0.862,75314535,37852,China,Consumer Discretionary,Services-Misc. Amusement & Recreation,false,false,0.254701
MSC,Studio City International Holdings Limited American depositary shares each representing four  Class A ordinary shares,0.7991,-3.989,168383247,67920,,Consumer Discretionary,Hotels/Resorts,false,false,0.254524
ACR,ACRES Commercial Realty Corp. Common Stock,11.87,-4.351,88769344,48884,United States,Real Estate,Real Estate Investment Trusts,true,false,0.254471
FBIO,Fortress Biotech Inc. Common Stock,2.34,-4.49,78041324,331826,United States,Health Care,Biotechnology: Pharmaceutical Preparations,true,false,0.253992
BFRI,Biofrontera Inc. Common Stock,1.15,-1.709,17080213,288945,United States,Health Care,Biotechnology: Pharmaceutical Preparations,true,false,0.253890
SANG,Sangoma Technologies Corporation Common Shares,3.525,0.074,117307735,838,Canada,Technology,Computer Software: Programming Data Processing,false,false,0.253850
BBGI,Beasley Broadcast Group Inc. Class A Common Stock,16.6,-1.833,30755667,13450,United States,Consumer Discretionary,Broadcasting,true,false,0.253835
BEBE,TGE Value Creative Solutions Corp Class A Ordinary Shares,10.04,0,129214800,12,,Consumer Discretionary,Diversified Commercial Services,false,false,0.253788
CIA,Citizens Inc. Class A Common Stock ($1.00 Par),3.53,-4.852,178770171,97844,United States,Finance,Life Insurance,true,false,0.253733
PHUN,Phunware Inc. Common Stock,1.98,-1,40516097,56979,Greece,Technology,EDP Services,false,false,0.253696
CELZ,Creative Medical Technology Holdings Inc. Common Stock,0.9738,3.596,6419832,366935,United States,Health Care,Biotechnology: Biological Products (No Diagnostic Substances),true,false,0.253673
UPC,Universe Pharmaceuticals Inc. Class A Ordinary Shares,4.6905,0.547,23566901,20244,China,Health Care,Biotechnology: Pharmaceutical Preparations,false,false,0.253541
CVU,CPI Aerostructures Inc. Common Stock,5.1,-0.391,67573643,7312,United States,Industrials,Military/Government/Technical,true,false,0.253140
ZYBT,Zhengye Biotechnology Holding Limited Class A Ordinary Shares,1.37,7.031,64926185,28508,China,Health Care,Biotechnology: Pharmaceutical Preparations,false,false,0.253114
FURY,Fury Gold Mines Limited Common Shares,0.561,-3.674,106664161,157383,,Basic Materials,Precious Metals,false,false,0.252962
PTLE,PTL LTD Class A Ordinary Shares,7.2,1.408,45224078,3645,Singapore,Energy,Oil Refining/Marketing,false,false,0.252847
GGR,Gogoro Inc. Ordinary Shares,2.97,4.211,61228085,9937,Taiwan,Industrials,Auto Manufacturing,false,false,0.252842
NUWE,Nuwellis Inc. Common Stock,0.849,2.747,3096527,223342,United States,Health Care,Biotechnology: Electromedical & Electrotherapeutic Apparatus,true,false,0.252831
NVX,NOVONIX Limited American Depository Shares,2.8013,-1.709,60291901,30829,Australia,Miscellaneous,Industrial Machinery/Components,false,false,0.252814
PBHC,Pathfinder Bancorp Inc. Common Stock (MD),18.29,5.723,89591004,322,United States,Finance,Major Banks,true,false,0.252802
EHLD,Euroholdings Ltd. Common Stock,11.925,6.473,33588134,6414,Greece,Consumer Discretionary,Marine Transportation,false,false,0.252722
BESS,Bimergen Energy Corporation Common Stock,2.8,0,19873204,50097,,Utilities,Electric Utilities: Central,false,false,0.252712
FEMY,Femasys Inc. Common Stock,2.58,0.781,21607570,34133,United States,Health Care,Medical/Dental Instruments,true,false,0.252710
COCH,Envoy Medical Inc. Class A Common Stock,0.722,0.923,55734498,33574,United States,Health Care,Industrial Specialties,true,false,0.252668
ENVB,Enveric Biosciences Inc. Common Stock,1.565,1.623,7004758,114952,United States,Health Care,Biotechnology: Pharmaceutical Preparations,true,false,0.252620
TWAV,TaoWeave Inc. Common Stock,1.59,5.298,6164778,200824,United States,Technology,Computer Software: Programming Data Processing,true,false,0.252457
IQST,iQSTEL Inc. Common Stock,1.03,3.052,11243335,217275,United States,Telecommunications,Telecommunications Equipment,true,false,0.252433
MATH,Metalpha Technology Holding Limited Ordinary Shares,1,0,47537986,52755,China,Finance,Finance: Consumer Services,false,false,0.252337
PETS,PetMed Express Inc. Common Stock,1.55,-1.274,33602317,95000,United States,Consumer Staples,Retail-Drug Stores and Proprietary Stores,true,false,0.252306
GEG,Great Elm Group Inc. Common Stock,2.17,0.93,67475911,6375,United States,Technology,Computer Software: Prepackaged Software,true,false,0.252262
LUCD,Lucid Diagnostics Inc. Common Stock,0.8389,-6.016,170501366,945102,United States,Health Care,Medical/Dental Instruments,true,false,0.252129
MXCT,MaxCyte Inc. Common Stock,1.19,-4.032,122815385,251794,United States,Health Care,Biotechnology: Commercial Physical & Biological Resarch,true,false,0.252099
HIT,Health In Tech Inc. Class A Common Stock,0.8825,4.24,57717838,35986,United States,Finance,Specialty Insurers,true,false,0.252081
YI,111 Inc. American Depositary Shares,3.71,4.507,32636736,19473,China,Consumer Staples,Retail-Drug Stores and Proprietary Stores,false,false,0.251900
EP,Empire Petroleum Corporation Common Stock,2.17,-2.691,90277080,31898,United States,Energy,Oil & Gas Production,true,false,0.251830
DERM,Journey Medical Corporation Common Stock,6.5,-10.345,183458568,342394,United States,Health Care,Biotechnology: Pharmaceutical Preparations,true,false,0.251702
SPHL,Springview Holdings Ltd Class A Ordinary Shares,2.306,4.818,28276126,35698,Singapore,Consumer Discretionary,Homebuilding,false,false,0.251691
JXG,JX Luxventure Group Inc. Common Stock,7.5,13.122,90449078,15702,China,Industrials,Office Equipment/Supplies/Services,false,false,0.251625
FSI,Flexible Solutions International Inc. Common Stock (CDA),5.82,-2.185,74335938,12826,Canada,Industrials,Major Chemicals,false,false,0.251567
BTTC,Black Titan Corporation Ordinary Shares,0.549,-2.969,7520588,1740040,Malaysia,Health Care,Biotechnology: Biological Products (No Diagnostic Substances),false,false,0.251498
BARK,BARK Inc. Class A Common Stock,8.23,-4.302,74345351,78490,United States,Consumer Discretionary,Other Specialty Stores,true,false,0.251167
ACET,Adicet Bio Inc. Common Stock,8.49,-7.162,79479050,263263,United States,Health Care,Biotechnology: Pharmaceutical Preparations,true,false,0.251018
ALGS,Aligos Therapeutics Inc. Common Stock,5.56,-2.113,34719742,35088,United States,Health Care,Biotechnology: Biological Products (No Diagnostic Substances),true,false,0.251012
YOUL,Youlife Group Inc. American Depositary Shares,0.472,4.726,65943594,45739,China,Real Estate,Other Consumer Services,false,false,0.250941
DSY,Big Tree Cloud Holdings Limited Class A Ordinary Shares,3.66,2.521,17391852,11495,China,Consumer Discretionary,Containers/Packaging,false,false,0.250770
WKSP,Worksport Ltd. Common Stock,0.4443,2.185,6797049,296699,Canada,Consumer Discretionary,Auto Parts:O.E.M.,false,false,0.250686
SRTS,Sensus Healthcare Inc. Common Stock,3.03,-2.258,49880039,45684,United States,Health Care,Medical/Dental Instruments,true,false,0.250473
CCLD,CareCloud Inc. Common Stock,2.06,-4.186,87537350,220187,United States,Technology,Computer Software: Prepackaged Software,true,false,0.250385
RYM,RYTHM Inc. Common Stock,23.01,-1.96,50622000,5003,United States,Consumer Staples,Farming/Seeds/Milling,true,false,0.250342
BRTX,BioRestorative Therapies Inc. Common Stock (NV),2.6,1.961,3590933,85232,United States,Health Care,Managed Health Care,true,false,0.250152
VRA,Vera Bradley Inc. Common Stock,4.04,-5.828,115902203,253122,United States,Consumer Discretionary,Apparel,true,false,0.250126
DWSN,Dawson Geophysical Company Common Stock,2.97,-3.571,92235185,29305,United States,Energy,Oil & Gas Production,true,false,0.249835
MLCI,Mount Logan Capital Inc. Common Stock,3.33,1.991,37258597,5970,United States,Finance,Investment Managers,true,false,0.249781
JL,J-Long Group Limited Class A Ordinary Shares,4.68,2.407,16685141,9565,Hong Kong,Consumer Discretionary,Clothing/Shoe/Accessory Stores,false,false,0.249761
SRXH,SRX Global Inc. Common Stock,1.7,-4.494,34451165,880478,,Consumer Staples,Beverages (Production/Distribution),false,false,0.249668
JVA,Coffee Holding Co. Inc. Common Stock,4.04,-2.415,23062740,75161,United States,Consumer Staples,Packaged Foods,true,false,0.249578
APRE,Aprea Therapeutics Inc. Common stock,0.78,6.499,9821086,282123,United States,Health Care,Biotechnology: Pharmaceutical Preparations,true,false,0.249578
PRHI,Presurance Holdings Inc. Common Stock,7.64,0.526,28620143,9309,United States,Finance,Property-Casualty Insurers,true,false,0.249410
BGM,BGM Group Ltd. Class A Ordinary Shares,0.255,-1.124,102158956,71242,China,Health Care,Biotechnology: Pharmaceutical Preparations,false,false,0.249409
MIST,Milestone Pharmaceuticals Inc. Common Shares,0.862,-6.406,107317259,1529148,Canada,Health Care,Biotechnology: Pharmaceutical Preparations,false,false,0.249329
TEAD,Teads Holding Co. Common Stock,0.4513,-0.617,44256808,157647,United States,Technology,Computer Software: Programming Data Processing,true,false,0.249309
BYFC,Broadway Financial Corporation Class A Common Stock,11.8914,-0.905,110334890,1069,United States,Finance,Savings Institutions,true,false,0.249293
CHOW,ChowChow Cloud International Holdings Limited Ordinary Shares,0.655,4.8,23245950,127001,,Technology,Computer Software: Prepackaged Software,false,false,0.249284
AIFU,AIFU Inc. Class A Ordinary Share,10.17,18.947,62806930,19000,China,Finance,Specialty Insurers,false,false,0.249226
BCDA,BioCardia Inc. Common Stock,1.05,0,15895721,141362,United States,Health Care,Biotechnology: Biological Products (No Diagnostic Substances),true,false,0.249110
MB,MasterBeef Group Ordinary Shares,4.08,0,69992400,4768,Hong Kong,Consumer Discretionary,Restaurants,false,false,0.248922
PHIO,Phio Pharmaceuticals Corp. Common Stock,1.02,2,11849595,75159,United States,Health Care,Biotechnology: Pharmaceutical Preparations,true,false,0.248892
LITB,LightInTheBox Holding Co. Ltd. American Depositary Shares each representing twelve ordinary shares,3.11,1.634,61349670,1391,China,Consumer Discretionary,Catalog/Specialty Distribution,false,false,0.248876
NAUT,Nautilus Biotechnology Inc. Common Stock,0.9539,-4.553,121388757,386717,United States,Industrials,Biotechnology: Laboratory Analytical Instruments,true,false,0.248515
MSLE,Satellos Bioscience Inc. Common Stock,8.41,-5.186,178430252,42995,Canada,Health Care,Biotechnology: Pharmaceutical Preparations,false,false,0.248295
LONA,LeonaBio Inc. Common Stock,5.89,-2.645,55493595,21405,United States,Health Care,Biotechnology: Biological Products (No Diagnostic Substances),true,false,0.248257
CHR,Cheer Holding Inc. Class A Ordinary Share,1.57,0,3682361,272572,China,Technology,EDP Services,false,false,0.248157
NCEW,New Century Logistics (BVI) Limited Ordinary Shares,17,-1.278,54400000,4105,Hong Kong,Industrials,Integrated Freight & Logistics,false,false,0.248127
SOGP,Sound Group Inc. American Depositary Shares,11.71,0,48879250,3537,China,Technology,Computer Software: Programming Data Processing,false,false,0.247978
UCL,uCloudlink Group Inc. American Depositary Shares,0.3571,-1.625,13602742,896805,Hong Kong,Consumer Discretionary,Telecommunications Equipment,false,false,0.247840
CJMB,Callan JMB Inc. Common Stock,2.12,5.473,12195020,68172,United States,Consumer Discretionary,Business Services,true,false,0.247827
SLSN,Solesence Inc. Common Stock,0.82,1.737,57930577,5152,United States,Consumer Discretionary,Package Goods/Cosmetics,true,false,0.247822
BTMD,Biote Corp. Class A Common Stock,1.3,-1.515,46705708,69111,United States,Health Care,Medicinal Chemicals and Botanical Products,true,false,0.247680
FSEA,First Seacoast Bancorp Inc. Common Stock,17.18,-0.058,80822022,738,United States,Finance,Savings Institutions,true,false,0.247645
GRDX,GridAI Technologies Corp. Common Stock,3.86,-0.771,27526135,30456,United States,Health Care,Biotechnology: Pharmaceutical Preparations,true,false,0.247413
CMCM,Cheetah Mobile Inc. American Depositary Shares each representing fifty (50) Class A Ordinary Shares,2.65,-0.376,82615971,5495,China,Technology,Computer Software: Prepackaged Software,false,false,0.247404
TAOP,Taoping Inc. Ordinary Shares,0.6371,4.255,6086078,443279,Hong Kong,Technology,Computer Software: Prepackaged Software,false,false,0.247386
GRI,GRI Bio Inc. Common Stock,2.15,4.878,4700147,146261,United States,Health Care,Biotechnology: Pharmaceutical Preparations,true,false,0.247322
SNSC,SunScout Holding Limited Class A Ordinary Shares,1.26,3.279,48006000,29284,,Technology,Semiconductors,false,false,0.246760
RC,Ready Capital Corporation Common Stock,1.46,-12.048,241178848,1441075,United States,Real Estate,Real Estate Investment Trusts,true,false,0.246717
DWTX,Dogwood Therapeutics Inc. Common Stock,1.51,0,51328755,23700,United States,Health Care,Biotechnology: Pharmaceutical Preparations,true,false,0.246695
ILLU,Illumination Acquisition Corp I Class A Ordinary Shares,9.98,0,102442145,7,United States,Finance,Blank Checks,true,false,0.246639
ALPS,ALPS Group Inc Ordinary Share,0.4,0.025,66560126,46886,Malaysia,Health Care,Medical/Nursing Services,false,false,0.246364
RAYA,Erayak Power Solution Group Inc. Class A Ordinary Shares,1.91,4.945,2014496,218632,China,Consumer Discretionary,Metal Fabrications,false,false,0.246276
HNNA,Hennessy Advisors Inc. Common Stock,10.37,-1.05,81968732,2284,United States,Finance,Investment Managers,true,false,0.246254
ZJK,ZJK Industrial Co. Ltd. Class A Ordinary Shares,2.09,-1.878,134433500,5965,China,Industrials,Metal Fabrications,false,false,0.246123
CENN,Cenntro Inc. Common Stock,4.51,-0.221,79269799,2999,New Zealand,Industrials,Auto Manufacturing,false,false,0.245962
OFAL,OFA Group Class A Ordinary Shares,0.59,-0.673,15607554,307132,Hong Kong,Consumer Discretionary,Military/Government/Technical,false,false,0.245844
TXMD,TherapeuticsMD Inc. Common Stock,2.17,0.463,25116366,29936,United States,Health Care,Biotechnology: Pharmaceutical Preparations,true,false,0.245631
MGRX,Mangoceuticals Inc. Common Stock,0.4489,4.129,9681616,408363,United States,Health Care,Misc Health and Biotechnology Services,true,false,0.245549
BSBK,Bogota Financial Corp. Common Stock,9.125,-0.793,116446981,437,United States,Finance,Banks,true,false,0.245476
HTLM,HomesToLife Ltd Ordinary Shares,1.78,-1.657,159643750,745,Singapore,Consumer Discretionary,Other Specialty Stores,false,false,0.245394
RUBI,Rubico Inc. Common Stock,1.15,0.877,2548113,278458,Greece,Consumer Discretionary,Marine Transportation,false,false,0.245130
DYAI,Dyadic International Inc. Common Stock,0.4149,3.725,16622430,251329,United States,Health Care,Biotechnology: Biological Products (No Diagnostic Substances),true,false,0.245063
CNTN,Canton Strategic Holdings Inc. Common Stock,2.24,-8.571,178486249,535353,United States,Health Care,Biotechnology: Pharmaceutical Preparations,true,false,0.244835
BHM,Bluerock Homes Trust Inc. Class A Common Stock,8.6316,5.263,35458854,4850,,Real Estate,Real Estate Investment Trusts,false,false,0.244474
QTI,QT Imaging Holdings Inc. Common Stock,2.58,-0.769,37762232,27790,United States,Health Care,Biotechnology: Electromedical & Electrotherapeutic Apparatus,true,false,0.244186
EDSA,Edesa Biotech Inc. Common Shares,3.97,-2.457,53609780,25474,United States,Health Care,Biotechnology: Pharmaceutical Preparations,true,false,0.244139
AIFA,All In FutureTech Alliance Inc. Common Stock,3.53,8.951,22663715,54389,United States,Consumer Discretionary,Services-Misc. Amusement & Recreation,true,false,0.244106
MMLP,Martin Midstream Partners L.P. Limited Partnership,2.2152,-0.664,86669004,5473,United States,Energy,Oil Refining/Marketing,true,false,0.243973
AMTX,Aemetis Inc. (DE) Common Stock,1.9,-10.165,137122229,1173560,United States,Industrials,Major Chemicals,true,false,0.243949
GMHS,Gamehaus Holdings Inc. Class A Ordinary Shares,0.7494,1.517,42566782,18549,China,Technology,EDP Services,false,false,0.243822
BOSC,B.O.S. Better Online Solutions Common Stock,4.73,0,33345601,11411,Israel,Telecommunications,Computer Communications Equipment,false,false,0.243813
RENX,RenX Enterprises Corp. Common Stock,1.81,3.429,4789638,162380,United States,Utilities,Environmental Services,true,false,0.243603
TOVX,Theriva Biologics Inc. Common Stock,0.2347,1.69,10771009,327787,United States,Health Care,Biotechnology: Pharmaceutical Preparations,true,false,0.243487
TELO,Telomir Pharmaceuticals Inc. Common Stock,1.22,-2.4,83905446,34656,United States,Health Care,Biotechnology: Pharmaceutical Preparations,true,false,0.243183
ATRA,Atara Biotherapeutics Inc. Common Stock,8.56,-4.143,85922798,40480,United States,Health Care,Biotechnology: Biological Products (No Diagnostic Substances),true,false,0.243173
BAFN,BayFirst Financial Corp. Common Stock,8.31,-7.461,224060993,71132,United States,Finance,Major Banks,true,false,0.243131
MCRP,Micropolis AI Robotics Ordinary Shares,0.8285,-0.181,28905078,86382,,Consumer Discretionary,Auto Parts:O.E.M.,false,false,0.243123
AXIL,AXIL Brands Inc. Common Stock,6.175,-1.042,42130055,11254,,Consumer Discretionary,Package Goods/Cosmetics,false,false,0.243076
SQNS,Sequans Communications S.A. American Depositary Shares (each representing one hundred (100) Ordinary Shares),2.97,-2.303,44483665,37419,France,Technology,Semiconductors,false,false,0.242979
BZFD,BuzzFeed Inc. Class A Common Stock,1.03,-5.505,87585775,852965,United States,Consumer Discretionary,Telecommunications Equipment,true,false,0.242904
CODX,Co-Diagnostics Inc. Common Stock,1.1,1.852,7711328,85330,United States,Health Care,Medical/Dental Instruments,true,false,0.242647
DOMH,Dominari Holdings Inc. Common Stock,2.45,-4.669,59396933,329157,United States,Finance,Investment Bankers/Brokers/Service,true,false,0.242621
LGCL,Lucas GC Limited Class A Ordinary Shares,3.16,14.079,1081741,578681,China,Technology,Computer Software: Programming Data Processing,false,false,0.242590
GHG,GreenTree Hospitality Group Ltd. American depositary shares each representing one Class A ordinary share,1,-1.961,100897325,20681,,Consumer Discretionary,Hotels/Resorts,false,false,0.242358
INTZ,Intrusion Inc. Common Stock,0.76,1.198,18625284,65817,United States,Telecommunications,Computer Communications Equipment,true,false,0.242327
ACON,Aclarion Inc. Common Stock,2.94,11.787,8474171,309157,United States,Health Care,Medical Specialities,true,false,0.242309
MBOT,Microbot Medical Inc. Common Stock,1.31,-5.072,87985889,461025,Israel,Health Care,Medical/Dental Instruments,false,false,0.242258
BIOX,Bioceres Crop Solutions Corp. Ordinary Shares,0.392,8.919,25015829,414011,Argentina,Industrials,Agricultural Chemicals,false,false,0.242134
DXR,Daxor Corporation Common Stock,10.815,-3.695,63140393,11375,United States,Health Care,Medical/Dental Instruments,true,false,0.242027
LRHC,La Rosa Holdings Corp. Common Stock,2.67,9.877,1520936,436270,United States,Finance,Real Estate,true,false,0.242024
ECOR,electroCore Inc. Common Stock,11.42,-7.079,102961407,113329,United States,Health Care,Biotechnology: Electromedical & Electrotherapeutic Apparatus,true,false,0.242011
XHG,XChange TEC.INC American Depositary Shares,2.28,-2.146,117529271,7118,China,Finance,Specialty Insurers,false,false,0.241978
SXTC,China SXT Pharmaceuticals Inc. Class A Ordinary Shares,2.51,1.619,3316905,75247,China,Health Care,Biotechnology: Pharmaceutical Preparations,false,false,0.241959
TACT,TransAct Technologies Incorporated Common Stock,5.01,-1.957,51725600,15244,United States,Technology,Computer peripheral equipment,true,false,0.241870
CLGN,CollPlant Biotechnologies Ltd Ordinary Shares,4.04,4.935,7638917,44308,Israel,Health Care,Industrial Specialties,false,false,0.241742
OKUR,OnKure Therapeutics Inc. Class A Common Stock,2.94,-5.161,119059148,149749,United States,Health Care,Biotechnology: Pharmaceutical Preparations,true,false,0.241661
NA,Nano Labs Ltd Class A Ordinary Shares,2.31,-2.119,53624548,33068,China,Technology,Semiconductors,false,false,0.241659
CVRX,CVRx Inc. Common Stock,2.72,-5.882,72465144,482046,United States,Health Care,Medical/Dental Instruments,true,false,0.241263
HUIZ,Huize Holding Limited American Depositary Shares,1.43,2.143,14451689,28277,China,Finance,Specialty Insurers,false,false,0.241235
TREO,Tactical Resources Corp. Common Shares,3.98,0,54175895,5737,Canada,Basic Materials,Metal Mining,false,false,0.241200
COHN,Cohen & Company Inc.,10.25,0.985,33096943,2637,United States,Finance,Investment Bankers/Brokers/Service,true,false,0.241025
CREX,Creative Realities Inc. Common Stock,2.54,-2.308,34357325,55806,United States,Technology,EDP Services,true,false,0.241014
QNRX,Quoin Pharmaceuticals Ltd. American Depositary Shares,6.75,-3.709,32428087,39419,Israel,Health Care,Biotechnology: Pharmaceutical Preparations,false,false,0.240889
NYXH,Nyxoah SA Ordinary Shares,1.33,-5,133096844,257781,Belgium,Health Care,Medical/Dental Instruments,false,false,0.240845
DTIL,Precision BioSciences Inc. Common Stock,6.36,-11.544,175545883,355980,United States,Health Care,Biotechnology: Biological Products (No Diagnostic Substances),true,false,0.240776
DSWL,Deswell Industries Inc. Common Shares,3.14,-1.258,49879650,16708,Macau,Industrials,Plastic Products,false,false,0.240713
MBBC,Marathon Bancorp Inc. Common Stock,15.155,-0.099,45615080,2063,United States,Finance,Banks,true,false,0.240656
BGSF,BGSF Inc. Common Stock,4.96,-0.8,52971634,7506,United States,Consumer Discretionary,Professional Services,true,false,0.240416
BOF,BranchOut Food Inc. Common Stock,3.64,-1.087,59185330,9283,United States,Consumer Staples,Packaged Foods,true,false,0.240268
BLUW,Blue Water Acquisition Corp. III Class A Ordinary Shares,10.3601,0.001,75058925,521,United States,Uncategorized,Uncategorized,true,false,0.240257
TMCR,The Metals Royalty Company Inc. Common Stock,4.42,-5.353,278676328,31597,Canada,Basic Materials,Precious Metals,false,false,0.240060
HFBL,Home Federal Bancorp Inc. of Louisiana Common Stock,25,-1.068,76347225,740,United States,Finance,Savings Institutions,true,false,0.239903
DIT,AMCON Distributing Company Common Stock,67.56,0,65940452,168,United States,Consumer Discretionary,Food Distributors,true,false,0.239771
LPCN,Lipocine Inc. Common Stock,2.12,-1.852,17477816,90869,United States,Health Care,Biotechnology: Pharmaceutical Preparations,true,false,0.239677
TGHL,The GrowHub Limited Class A Ordinary Shares,0.8257,-0.542,20890053,111881,Singapore,Technology,EDP Services,false,false,0.239645
BOXL,Boxlight Corporation Class A Common Stock,4.93,2.282,4163602,21948,United States,Real Estate,Other Consumer Services,true,false,0.239611
WSTN,Westin Acquisition Corp Class A Ordinary Share,10.185,0,82040175,6,Singapore,Technology,EDP Services,false,false,0.239423
LFWD,Lifeward Ltd. Ordinary Shares,7.01,1.009,19852432,6419,Israel,Health Care,Industrial Specialties,false,false,0.239218
IH,iHuman Inc. American depositary shares each representing five Class A ordinary shares,1.18,3.509,60313177,9960,United States,Real Estate,Other Consumer Services,true,false,0.239215
RCT,RedCloud Holdings plc Ordinary Shares,0.194,2.105,13265839,208907,United Kingdom,Technology,Computer Software: Programming Data Processing,false,false,0.239164
BDRX,Biodexa Pharmaceuticals plc American Depositary Shs,0.6894,1.233,709438,374490,United Kingdom,Health Care,Biotechnology: Pharmaceutical Preparations,false,false,0.239138
AIRT,Air T Inc. Common Stock,29.38,-6.819,78789756,48943,United States,Consumer Discretionary,Air Freight/Delivery Services,true,false,0.239004
IVF,INVO Fertility Inc. Common Stock,1.02,2.051,2557108,147522,United States,Health Care,Medical/Dental Instruments,true,false,0.238965
SPRO,Spero Therapeutics Inc. Common Stock,1.26,-7.353,73375882,1403232,United States,Health Care,Biotechnology: Pharmaceutical Preparations,true,false,0.238618
CRE,Cre8 Enterprise Limited Class A Ordinary Shares,2.91,-1.356,5860696,129315,Hong Kong,Consumer Discretionary,Publishing,false,false,0.238582
NYC,American Strategic Investment Co. Class A Common Stock,6.25,3.306,19772700,11291,,Real Estate,Real Estate Investment Trusts,false,false,0.238554
FLYE,Fly-E Group Inc. Common Stock,1.53,13.333,2497551,929600,United States,Industrials,Aerospace,true,false,0.238212
MNTK,Montauk Renewables Inc. Common Stock,2.275,-12.5,323826091,531308,United States,Utilities,Natural Gas Distribution,true,false,0.237916
VATE,INNOVATE Corp. Common Stock,7.68,-6.112,104769531,110076,United States,Industrials,Metal Fabrications,true,false,0.237604
AQMS,Aqua Metals Inc. Common Stock,2.5049,1,8926289,38980,United States,Industrials,Metal Fabrications,true,false,0.237599
AGRZ,Agroz Inc. Class A Ordinary Shares,0.2425,1.337,4952695,553896,Malaysia,Consumer Staples,Farming/Seeds/Milling,false,false,0.237531
XPL,Solitario Resources Corp. Common Stock,0.6402,-2.468,60616993,91755,United States,Basic Materials,Precious Metals,true,false,0.237461
NNOX,NANO-X IMAGING LTD Ordinary Shares,0.6978,-4.659,54839152,1050409,Israel,Health Care,Medical Electronics,false,false,0.237402
NTIC,Northern Technologies International Corporation Common Stock,7.86,-1.132,74642011,2141,United States,Industrials,Industrial Specialties,true,false,0.237377
DFNS,T3 Defense Inc. Common Stock,7.87,-5.749,22353130,333116,United States,Consumer Discretionary,Professional Services,true,false,0.237258
UUU,Universal Safety Products Inc. Common Stock,5.05,6.992,15293738,20133,United States,Technology,Electronic Components,true,false,0.237181
CRMT,America's Car-Mart Inc Common Stock,1.67,-1.765,13925258,125400,United States,Consumer Discretionary,Retail-Auto Dealers and Gas Stations,true,false,0.236850
RMCO,Royalty Management Holding Corporation Class A Common Stock,2.62,0,39752495,11072,United States,Miscellaneous,Multi-Sector Companies,true,false,0.236847
NOMA,NOMADAR Corp. Class A Common Stock,1.56,0.645,23842305,25047,United States,Consumer Discretionary,Services-Misc. Amusement & Recreation,true,false,0.236812
NPT,Texxon Holding Limited Ordinary shares,2.98,0,66111300,2159,China,Consumer Discretionary,Specialty Chemicals,false,false,0.236724
JZXN,Jiuzi Holdings Inc. Ordinary Shares,1.1,-2.655,56664035,64777,China,Consumer Discretionary,Retail-Auto Dealers and Gas Stations,false,false,0.236681
SRL,Scully Royalty Ltd.,5.23,-1.876,79633816,4551,Canada,Industrials,Precious Metals,false,false,0.236505
KLRS,Kalaris Therapeutics Inc. Common Stock,3.12,-3.704,74271541,24133,United States,Health Care,Biotechnology: Biological Products (No Diagnostic Substances),true,false,0.236497
ZOOZ,ZOOZ Strategy Ltd. Ordinary Shares,7.62,-3.053,61033213,9771,Israel,Technology,Industrial Machinery/Components,false,false,0.236278
OMEX,Odyssey Marine Exploration Inc. Common Stock,0.7248,-3.553,42539519,215695,United States,Consumer Discretionary,Marine Transportation,true,false,0.236264
HKIT,Hitek Global Inc. Class A Ordinary Share,2.78,13.008,24997371,112175,China,Technology,Computer Software: Prepackaged Software,false,false,0.236236
KNDI,Kandi Technologies Group Inc. Ordinary Shares,0.553,-1.426,55529697,67503,China,Industrials,Auto Manufacturing,false,false,0.236173
METCB,Ramaco Resources Inc. Class B Common Stock,4.72,-8.171,300585053,73007,United States,Energy,Coal Mining,true,false,0.236056
SNGX,Soligenix Inc. Common Stock,0.3851,0.026,8381886,377809,United States,Health Care,Biotechnology: Pharmaceutical Preparations,true,false,0.236031
SLQT,SelectQuote Inc. Common Stock,0.4329,-4.563,77602434,945317,United States,Finance,Specialty Insurers,true,false,0.235762
IZEA,IZEA Worldwide Inc. Common Stock,2.57,-1.908,44759855,25887,United States,Consumer Discretionary,Advertising,true,false,0.235537
AMTD,AMTD IDEA Group American Depositary Shares each representing six (6) Class A Ordinary Shares,0.7198,-0.028,68888858,4442,,Finance,Finance: Consumer Services,false,false,0.235536
FEAM,5E Advanced Materials Inc. Common Stock,2.64,-10.204,109949059,829496,United States,Industrials,Mining & Quarrying of Nonmetallic Minerals (No Fuels),true,false,0.235501
SILO,Silo Pharma Inc. Common Stock,1.77,2.907,3103253,45355,United States,Health Care,Biotechnology: Pharmaceutical Preparations,true,false,0.235443
AAME,Atlantic American Corporation Common Stock,1.39,2.206,28352147,4960,United States,Finance,Life Insurance,true,false,0.235095
EEIQ,EpicQuest Education Group International Limited Common Stock,3.95,0.765,6504161,32062,United States,Real Estate,Other Consumer Services,true,false,0.235050
ARAI,Arrive AI Inc. Common Stock,0.2427,-2.881,12590356,1365646,United States,Consumer Discretionary,Diversified Commercial Services,true,false,0.234688
VENU,Venu Holding Corporation Common Stock,1.47,-5.769,86537928,525594,United States,Consumer Discretionary,Services-Misc. Amusement & Recreation,true,false,0.234409
QNCX,Quince Therapeutics Inc. Common Stock,30.15,-3.828,30664449,7605,United States,Health Care,Biotechnology: Biological Products (No Diagnostic Substances),true,false,0.234387
HPAI,Helport AI Limited Ordinary Shares,0.2989,2.785,11252661,81623,Singapore,Technology,Computer Software: Prepackaged Software,false,false,0.234373
YIBO,Planet Image International Limited Class A Ordinary Shares,1.17,0,69304039,1157,China,Technology,Computer peripheral equipment,false,false,0.234358
APVO,Aptevo Therapeutics Inc. Common Stock,1.89,2.162,3405723,54324,United States,Health Care,Biotechnology: Pharmaceutical Preparations,true,false,0.233894
GELS,Gelteq Limited Ordinary Shares,0.6009,-1.492,6436275,531825,Australia,Health Care,Biotechnology: Pharmaceutical Preparations,false,false,0.233875
AUBN,Auburn National Bancorporation Inc. Common Stock,26.282,-2.334,91574162,658,United States,Finance,Major Banks,true,false,0.233773
BJDX,Bluejay Diagnostics Inc. Common Stock,0.9688,-3.12,4328648,744224,United States,Health Care,Medical/Dental Instruments,true,false,0.233756
ADAG,Adagene Inc. American Depositary Shares,2.97,-8.05,196173234,208030,China,Health Care,Biotechnology: Pharmaceutical Preparations,false,false,0.233649
ABVC,ABVC BioPharma Inc. Common Stock,1.14,-1.724,30385976,75371,United States,Health Care,Biotechnology: Pharmaceutical Preparations,true,false,0.233305
GWAV,Greenwave Technology Solutions Inc. Common Stock,2.64,2.326,7873758,17415,United States,Industrials,Metal Fabrications,true,false,0.233262
WALD,Waldencast plc Class A Ordinary Share,1.02,-4.673,131172931,193930,United States,Consumer Discretionary,Package Goods/Cosmetics,true,false,0.233247
SACH,Sachem Capital Corp. Common Shares,0.9136,-3.107,43811352,114761,United States,Real Estate,Real Estate Investment Trusts,true,false,0.233125
ANTA,Antalpha Platform Holding Company Class A Ordinary Shares,3.1,-3.125,116560000,5828,Singapore,Finance,Investment Bankers/Brokers/Service,false,false,0.233121
HTCO,High-Trend International Group Class A Ordinary Shares,2.36,7.273,15942565,36856,Singapore,Consumer Discretionary,Marine Transportation,false,false,0.232931
BODI,The Beachbody Company Inc. Class A Common Stock,4.9,-1.606,35578812,13980,United States,Consumer Discretionary,Other Consumer Services,true,false,0.232862
STXS,Stereotaxis Inc. Common Stock,1.32,-5.714,132266875,316596,United States,Health Care,Biotechnology: Electromedical & Electrotherapeutic Apparatus,true,false,0.232838
SORA,AsiaStrategy Ordinary Shares,2.24,3.226,55695360,3092,Hong Kong,Industrials,Other Specialty Stores,false,false,0.232726
ZDGE,Zedge Inc. Class B Common Stock,3.03,-1.303,47525786,12210,,Technology,Computer Software: Prepackaged Software,false,false,0.232357
NVNI,Nvni Group Limited Ordinary Shares,0.9374,0.785,10960205,75492,Cayman Islands,Technology,Computer Software: Prepackaged Software,false,false,0.232304
ANPA,Rich Sparkle Holdings Limited Ordinary Shares,1.97,0,29750457,17167,Hong Kong,Consumer Discretionary,Other Consumer Services,false,false,0.232101
BYAH,Park Ha Biological Technology Co. Ltd. Class A Ordinary Shares,2.64,4.762,9043391,37733,China,Consumer Discretionary,Package Goods/Cosmetics,false,false,0.232014
LRE,Lead Real Estate Co. Ltd American Depositary Shares,1.09,2.83,14869671,11304,Japan,Consumer Discretionary,Homebuilding,false,false,0.232011
MNDO,MIND C.T.I. Ltd. Ordinary Shares,1.02,4.071,20588869,42752,Israel,Technology,EDP Services,false,false,0.231994
TLF,Tandy Leather Factory Inc. Common Stock,2.61,0.772,21381316,11890,United States,Consumer Discretionary,Apparel,true,false,0.231832
AACG,ATA Creativity Global American Depositary Shares,0.825,3.125,56482817,7089,China,Real Estate,Other Consumer Services,false,false,0.231816
SSBI,Summit State Bank Common Stock,12.3386,-3.605,82337082,3667,United States,Finance,Major Banks,true,false,0.231804
JOB,GEE Group Inc. Common Stock,0.2352,0.085,25841585,155948,United States,Consumer Discretionary,Diversified Commercial Services,true,false,0.231605
DKI,DarkIris Inc. Class A Ordinary Shares,2.58,1.575,5359834,32861,Hong Kong,Technology,Computer Software: Prepackaged Software,false,false,0.231555
ORKT,Orangekloud Technology Inc. Class A Ordinary Shares,1.06,3.922,6190156,134793,Singapore,Technology,Computer Software: Prepackaged Software,false,false,0.231431
NXPL,NextPlat Corp Common Stock,9.1,-2.778,24690320,16616,United States,Telecommunications,Telecommunications Equipment,true,false,0.231429
BRIA,BrilliA Inc Class A Ordinary Shares,1.41,0.714,43181250,4465,,Consumer Discretionary,Apparel,false,false,0.230923
GMEX,GMEX ROBOTICS CORPORATION Class A Ordinary Shares,0.4275,-0.697,386649,917917,Australia,Consumer Discretionary,Recreational Games/Products/Toys,false,false,0.230859
MGIH,Millennium Group International Holdings Limited Ordinary Shares,1.575,4.305,17718750,28769,Hong Kong,Consumer Discretionary,Publishing,false,false,0.230641
HSDT,Solana Company Class A Common Stock (DE),2.88,-11.927,174121065,647326,United States,Health Care,Biotechnology: Electromedical & Electrotherapeutic Apparatus,true,false,0.230496
EFOI,Energy Focus Inc. Common Stock,2.65,-1.119,16878438,36081,United States,Consumer Discretionary,Building Products,true,false,0.230452
MWYN,Marwynn Holdings Inc. Common stock,1.06,0.952,21406492,23434,United States,Consumer Discretionary,Food Distributors,true,false,0.230195
SEV,Aptera Motors Corp. Class B Common Stock,1.96,-5.314,79464525,272008,United States,Industrials,Auto Manufacturing,true,false,0.230129
VTSI,VirTra Inc. Common Stock,2.88,0,32600517,9038,United States,Consumer Discretionary,Miscellaneous manufacturing industries,true,false,0.230069
BMR,Beamr Imaging Ltd. Ordinary Share,1.35,0.746,20965303,20213,Israel,Technology,Computer Software: Prepackaged Software,false,false,0.229841
ELTK,Eltek Ltd. Ordinary Shares,8.1777,-0.996,54952729,2326,Israel,Technology,Electrical Products,false,false,0.229740
AKAN,Akanda Corp. Common Shares,3.11,-3.715,1682016,342675,United Kingdom,Health Care,Medicinal Chemicals and Botanical Products,false,false,0.229669
AUC,ATIF Holdings Limited Ordinary Shares,8.77,-4.674,194065875,11511,United States,Consumer Discretionary,Professional Services,true,false,0.229644
YTRA,Yatra Online Inc. Ordinary Shares,1.04,-0.952,66530137,9181,India,Consumer Discretionary,Transportation Services,false,false,0.229580
RAVE,Rave Restaurant Group Inc. Common Stock,2.75,-2.482,39081807,27774,United States,Consumer Discretionary,Food Distributors,true,false,0.229531
CKX,CKX Lands Inc. Common Stock,10.955,-0.182,22492028,4018,United States,Energy,Oil & Gas Production,true,false,0.229430
KTTA,Pasithea Therapeutics Corp. Common Stock,0.5127,-0.272,17131587,114008,United States,Health Care,Biotechnology: Pharmaceutical Preparations,true,false,0.229396
NRSN,NeuroSense Therapeutics Ltd. Ordinary Shares,7.4,3.064,14037075,8765,Israel,Health Care,Biotechnology: Pharmaceutical Preparations,false,false,0.229191
SWAG,Stran & Company Inc. Common Stock,1.54,1.987,28704967,1346,United States,Consumer Discretionary,Advertising,true,false,0.229163
LNZA,LanzaTech Global Inc. Common Stock,5.89,-5,77095170,72946,United States,Industrials,Major Chemicals,true,false,0.229002
ARAY,Accuray Incorporated Common Stock,0.2255,-1.957,26933564,389332,United States,Health Care,Medical/Dental Instruments,true,false,0.228977
IMA,ImageneBio Inc. Common Stock,4.84,-0.206,54941047,1483,United States,Health Care,Biotechnology: Biological Products (No Diagnostic Substances),true,false,0.228905
ELAB,PMGC Holdings Inc. Common Stock,4.53,6.338,3667393,40046,United States,Health Care,Biotechnology: Pharmaceutical Preparations,true,false,0.228861
SNAL,Snail Inc. Class A Common Stock,2.66,0.758,23822457,8205,United States,Technology,Computer Software: Prepackaged Software,true,false,0.228825
FIEE,FiEE Inc Common Stock,3.88,-0.257,33090960,7025,United States,Utilities,Telecommunications Equipment,true,false,0.228789
REED,Reed's Inc. Common Stock,0.6274,-0.397,7439136,231766,,Consumer Staples,Beverages (Production/Distribution),false,false,0.228769
CELU,Celularity Inc. Class A Common Stock,1.15,-2.542,33287855,77132,United States,Health Care,Biotechnology: Pharmaceutical Preparations,true,false,0.228646
OSTX,OS Therapies Incorporated Common Stock,1.65,-6.78,76676804,654512,,Health Care,Biotechnology: Pharmaceutical Preparations,false,false,0.228630
CLPS,CLPS Incorporation Common Stock,1.01,0.498,30040887,18878,China,Technology,Computer Software: Prepackaged Software,false,false,0.228616
BIYA,Baiya International Group Inc Class A Ordinary Shares,2.07,-0.957,13208157,50777,China,Consumer Discretionary,Diversified Commercial Services,false,false,0.228166
GXAI,Gaxos.ai Inc. Common Stock,0.5811,0.172,6422485,207951,United States,Technology,Computer Software: Prepackaged Software,true,false,0.228142
INTS,Intensity Therapeutics Inc. Common stock,4.1,2.244,13386004,4121,United States,Health Care,Biotechnology: Biological Products (No Diagnostic Substances),true,false,0.227947
FCUV,Focus Universal Inc. Common Stock,4.82,3.433,4733298,31068,United States,Industrials,Industrial Machinery/Components,true,false,0.227913
BBLG,Bone Biologics Corp Common Stock,0.5063,4.413,1395392,448682,United States,Health Care,Industrial Specialties,true,false,0.227889
ECBK,ECB Bancorp Inc. Common Stock,20.05,-4.976,175190925,7003,United States,Finance,Banks,true,false,0.227864
ACXP,Acurx Pharmaceuticals Inc. Common Stock,1.37,0.735,7616385,58705,United States,Health Care,Biotechnology: Pharmaceutical Preparations,true,false,0.227822
MDIA,Mediaco Holding Inc. Class A Common Stock,1.1,-1.786,92421844,1970,United States,Consumer Discretionary,Broadcasting,true,false,0.227733
NWGL,CL Workshop Group Limited American Depositary Shares,1.41,11.905,40682963,98259,China,Basic Materials,Forest Products,false,false,0.227719
AZIO,Azio AI Holdings Inc. Common Stock,1.3,-3.704,22370202,156599,United States,Consumer Discretionary,Auto Parts:O.E.M.,true,false,0.227526
ITOC,iTonic Holdings Ltd Class A Ordinary Shares,0.3229,0.749,37795445,18681,China,Health Care,Biotechnology: Electromedical & Electrotherapeutic Apparatus,false,false,0.227505
GROW,U.S. Global Investors Inc. Class A Common Stock,2.97,-1.329,36525642,14166,United States,Finance,Investment Managers,true,false,0.227381
APWC,Asia Pacific Wire & Cable Corporation Ltd. Ordinary Shares (Bermuda),1.33,0,54839164,2182,Taiwan,Industrials,Telecommunications Equipment,false,false,0.227201
MGLD,The Marygold Companies Inc. Common Stock,0.96,0,41003760,13953,,Finance,Finance: Consumer Services,false,false,0.227198
GSIW,Garden Stage Limited Class A Ordinary Shares,14.3,-6.84,153187306,30252,Hong Kong,Finance,Investment Bankers/Brokers/Service,false,false,0.227009
IMNN,Imunon Inc. Common Stock,1.47,-2.649,8248762,216429,United States,Health Care,Biotechnology: Pharmaceutical Preparations,true,false,0.226908
STKS,The ONE Group Hospitality Inc. Common Stock,1.64,0,51969999,3015,United States,Consumer Discretionary,Restaurants,true,false,0.226905
GETY,Getty Images Holdings Inc. Class A Common Stock,0.2197,-8.573,91134044,5979553,United States,Consumer Discretionary,Business Services,true,false,0.226892
LGL,LGL Group Inc. (The) Common Stock,6.95,-4.138,87661386,25376,United States,Technology,Industrial Machinery/Components,true,false,0.226864
SPRC,SciSparc Ltd. Ordinary Shares,5.01,9.628,2910675,106969,Israel,Health Care,Biotechnology: Pharmaceutical Preparations,false,false,0.226843
ALZN,Alzamend Neuro Inc. Common Stock,1.94,0,9361903,45871,United States,Health Care,Biotechnology: Pharmaceutical Preparations,true,false,0.226665
INUV,Inuvo Inc.,0.596,4.323,9823915,124636,United States,Consumer Discretionary,Advertising,true,false,0.226600
CXAI,CXApp Inc. Class A Common Stock,2.5,-0.794,5843515,74967,United States,Technology,EDP Services,true,false,0.226478
SERA,Sera Prognostics Inc. Class A Common Stock,2.06,-3.286,81265900,13911,United States,Health Care,Medical Specialities,true,false,0.226473
MLSS,Milestone Scientific Inc. Common Stock,0.416,4.733,37708072,24853,United States,Health Care,Industrial Specialties,true,false,0.226470
MNY,MoneyHero Limited Class A Ordinary Shares,0.709,0.51,31503152,19956,Singapore,Consumer Discretionary,Business Services,false,false,0.226450
CTRM,Castor Maritime Inc. Common Shares,2.13,-1.843,20580814,43513,Cyprus,Consumer Discretionary,Marine Transportation,false,false,0.226425
TVGN,Tevogen Inc. Common Stock,7.81,0,50855127,608,United States,Health Care,Biotechnology: Biological Products (No Diagnostic Substances),true,false,0.225972
CAMP,CAMP4 Therapeutics Corporation Common Stock,3.72,-10.361,233441904,192938,United States,Health Care,Biotechnology: Pharmaceutical Preparations,true,false,0.225971
ASPS,Altisource Portfolio Solutions S.A. Common Stock,5.49,-2.313,62696931,4875,Luxembourg,Consumer Discretionary,Other Consumer Services,false,false,0.225875
LBGJ,Li Bang International Corporation Class A Ordinary Shares,2.15,4.878,1477534,91812,China,Industrials,Industrial Machinery/Components,false,false,0.225871
COCP,Cocrystal Pharma Inc. Common Stock,1.19,0,22923208,26059,United States,Health Care,Biotechnology: Pharmaceutical Preparations,true,false,0.225668
XLO,Xilio Therapeutics Inc. Common Stock,8.94,-1.106,58826532,1281,United States,Health Care,Biotechnology: Pharmaceutical Preparations,true,false,0.225536
TANH,Tantech Holdings Ltd. Class A Common Shares,14.45,-3.987,9647499,30349,China,Industrials,Major Chemicals,false,false,0.225521
TGEN,Tecogen Inc. Common Stock,3.15,-5.12,95091639,99957,United States,Industrials,Industrial Machinery/Components,true,false,0.225520
LSE,Leishen Energy Holding Co. Ltd. Class A Ordinary Shares,5.5,11.775,93637500,5619,China,Consumer Discretionary,Oil and Gas Field Machinery,false,false,0.225488
MAMO,Massimo Group Common Stock,0.946,0.307,39392339,8133,United States,Consumer Discretionary,Industrial Specialties,true,false,0.225443
BRID,Bridgford Foods Corporation Common Stock,5.895,0,53507925,337,United States,Consumer Staples,Specialty Foods,true,false,0.225361
MHLA,Maiden Holdings Ltd. 6.625% Notes due 2046,8.96,-3.03,69367809,3542,Bermuda,Finance,Property-Casualty Insurers,false,false,0.225093
GANX,Gain Therapeutics Inc. Common Stock,1.84,-5.641,80304259,292886,United States,Health Care,Biotechnology: Pharmaceutical Preparations,true,false,0.224992
UCAR,U Power Limited Class A Ordinary Shares,4.6,5.747,8164715,15593,China,Miscellaneous,Industrial Machinery/Components,false,false,0.224894
BSEM,BioStem Technologies Inc. Common Stock,3.8,-4.523,67827990,84039,United States,Health Care,Biotechnology: Biological Products (No Diagnostic Substances),true,false,0.224773
ELUT,Elutia Inc. Class A Common Stock,0.8683,7.171,38456338,19736,United States,Health Care,Biotechnology: Biological Products (No Diagnostic Substances),true,false,0.224589
PBK,PowerBank Corporation Common Stock,0.2642,-2.725,12405983,780993,Canada,Utilities,Power Generation,false,false,0.224559
RKTO,Rocket One Inc. Common Stock,0.7521,-3.75,18725471,284522,United States,Health Care,Biotechnology: Pharmaceutical Preparations,true,false,0.224397
NMTC,NeuroOne Medical Technologies Corporation Common Stock,1.34,-2.899,12201722,168253,United States,Health Care,Medical/Dental Instruments,true,false,0.224337
STEM,Stem Inc. Class A Common Stock,3.82,-5.211,36774162,256897,United States,Technology,EDP Services,true,false,0.224261
TMDE,TMD Energy Limited Ordinary Shares,0.7001,-0.2,16497857,67333,,Energy,Oil Refining/Marketing,false,false,0.224234
FBLG,FibroBiologics Inc. Common Stock,1.33,-0.746,8855397,87341,United States,Health Care,Biotechnology: Pharmaceutical Preparations,true,false,0.224143
RYET,Ruanyun Edai Technology Inc. Ordinary shares,0.8673,5.511,32332947,12124,China,Technology,Computer Software: Prepackaged Software,false,false,0.223845
MYSZ,My Size Inc. Common Stock,1.88,11.905,1573436,524631,Israel,Technology,Computer Software: Prepackaged Software,false,false,0.223794
AIM,AIM ImmunoTech Inc. Common Stock,0.21,-2.597,7456676,1444490,,Health Care,Biotechnology: Biological Products (No Diagnostic Substances),false,false,0.223470
CAST,FreeCast Inc. Class A Common Stock,1.31,-5.755,62331191,597701,United States,Technology,EDP Services,true,false,0.223371
YXT,YXT.COM GROUP HOLDING LIMITED American Depository Shares,2.38,0.422,15732433,14361,China,Technology,Computer Software: Prepackaged Software,false,false,0.223223
VTAK,Catheter Precision Inc. Common Stock,0.1586,4.617,3008967,961492,,Health Care,Medical/Dental Instruments,false,false,0.223172
RADX,Radiopharm Theranostics Limited American Depositary Shares,1.625,-1.515,23495059,35683,Australia,Health Care,Biotechnology: Pharmaceutical Preparations,false,false,0.222848
SJ,Scienjoy Holding Corporation Class A Ordinary Shares,0.68,5.459,28874682,18963,China,Technology,EDP Services,false,false,0.222772
OMH,Ohmyhome Limited Class A Ordinary Shares,2.5,4.167,4221723,50132,Singapore,Finance,Real Estate,false,false,0.222700
EDTK,Skillful Craftsman Education Technology Limited Ordinary Share,1.05,1.942,17009424,5598,China,Real Estate,Other Consumer Services,false,false,0.222588
OPAD,Offerpad Solutions Inc. Class A Common Stock,3.41,-1.729,16479674,26849,United States,Finance,Real Estate,true,false,0.222384
AMZE,Amaze Holdings Inc. Common Stock,0.1368,-2.006,2848746,2797001,,Consumer Discretionary,Catalog/Specialty Distribution,false,false,0.222189
PFXNZ,PhenixFIN Corporation  5.25% Notes due 2028,24.1999,0,48493429,55,United States,Finance,Finance: Consumer Services,true,false,0.222081
APT,Alpha Pro Tech Ltd. Common Stock,5.11,-3.403,52153774,11131,Canada,Health Care,Industrial Specialties,false,false,0.222075
MOBX,Mobix Labs Inc. Class A Common Stock,0.8002,-4.191,14365226,1192083,United States,Technology,Semiconductors,true,false,0.221952
WETO,Wetour Robotics Limited Ordinary Shares,1.45,-12.121,1562811,15541502,China,Industrials,Other Transportation,false,false,0.221850
VRM,Vroom Inc. Common Stock,9.35,-1.682,48941201,2497,United States,Consumer Discretionary,Retail-Auto Dealers and Gas Stations,true,false,0.221793
LUCY,Innovative Eyewear Inc. Common Stock,0.922,-1.8,7937679,200621,United States,Health Care,Ophthalmic Goods,true,false,0.221711
AWRE,Aware Inc. Common Stock,1.16,-0.855,25302659,30161,United States,Technology,Computer Software: Prepackaged Software,true,false,0.221624
YSXT,YSX Tech. Co. Ltd Class A Ordinary Shares,1.4,3.321,44635500,914,China,Consumer Discretionary,Automotive Aftermarket,false,false,0.221567
ICU,SeaStar Medical Holding Corporation Common Stock,3.53,0,15556149,11559,United States,Health Care,Medical/Dental Instruments,true,false,0.221406
MDCX,Medicus Pharma Ltd. Common Stock,0.1594,-2.805,9590786,1500074,Canada,Health Care,Biotechnology: Pharmaceutical Preparations,false,false,0.221333
MI,NFT Limited Class A Ordinary Share,2.41,1.261,1230857,47088,,Finance,Finance: Consumer Services,false,false,0.221289
RGNT,Regentis Biomaterials Ltd. Ordinary Shares,2.1,0.478,14750234,15148,Israel,Health Care,Industrial Specialties,false,false,0.221095
WIMI,WiMi Hologram Cloud Inc. Class B Ordinary Shares,0.885,-2.747,16270773,159348,China,Technology,Computer Software: Prepackaged Software,false,false,0.221040
CCHH,CCH Holdings Ltd Class A Ordinary Shares,1.035,3.5,20509277,23031,Malaysia,Consumer Discretionary,Restaurants,false,false,0.220894
VIVK,Vivakor Inc. Common Stock,0.5315,-2.78,4349597,735486,United States,Utilities,Environmental Services,true,false,0.220845
RMTI,Rockwell Medical Inc. Common Stock,8.57,-3.219,34541085,9548,United States,Health Care,Biotechnology: Pharmaceutical Preparations,true,false,0.220575
AHMA,Ambitions Enterprise Management Co. L.L.C Class A Ordinary Shares,1.32,-2.941,39237000,45518,United Arab Emirates,Consumer Discretionary,Services-Misc. Amusement & Recreation,false,false,0.220299
XBIO,Xenetic Biosciences Inc. Common Stock,2.52,-1.946,5904816,91408,United States,Health Care,Biotechnology: Pharmaceutical Preparations,true,false,0.220266
PSHG,Performance Shipping Inc. Common Shares,1.8,-1.099,22376624,24639,Greece,Consumer Discretionary,Marine Transportation,false,false,0.220185
KFFB,Kentucky First Federal Bancorp Common Stock,5.5731,0,45068071,146,United States,Finance,Savings Institutions,true,false,0.220086
STKE,Sol Strategies Inc. Common Shares,1.53,-6.135,60414925,580355,Canada,Uncategorized,Uncategorized,false,false,0.219928
RBNE,Robin Energy Ltd. Common Stock,2.37,-1.25,3157544,105774,Cyprus,Consumer Discretionary,Marine Transportation,false,false,0.219819
AUID,authID Inc. Common Stock,0.4102,0.049,6858683,200609,United States,Technology,Computer Software: Prepackaged Software,true,false,0.219778
PASG,Passage Bio Inc. Common Stock,5,1.01,16089050,3449,United States,Health Care,Biotechnology: Biological Products (No Diagnostic Substances),true,false,0.219712
USBC,USBC Inc. Common Stock,0.4985,-5.766,193489998,321862,United States,Finance,Finance: Consumer Services,true,false,0.219626
NEUP,Neuphoria Therapeutics Inc. Common Stock,3.68,-1.473,19913709,15487,United States,Health Care,Biotechnology: Pharmaceutical Preparations,true,false,0.219508
GTIM,Good Times Restaurants Inc. Common Stock,1.505,-0.331,15889633,27577,United States,Consumer Discretionary,Restaurants,true,false,0.219157
DRIO,DarioHealth Corp. Common Stock,6.74,-2.177,66048502,1896,Israel,Health Care,Medical/Dental Instruments,false,false,0.219092
IPW,iPower Inc. Common Stock,1.24,3.333,1444906,139556,United States,Consumer Discretionary,RETAIL: Building Materials,true,false,0.219087
TGL,Treasure Global Inc. Common Stock,2.04,-2.392,3987857,165973,United States,Consumer Discretionary,Business Services,true,false,0.219023
REKR,Rekor Systems Inc. Common Stock,0.4289,-6.882,59032293,2503892,United States,Telecommunications,Telecommunications Equipment,true,false,0.219015
HTOO,Fusion Fuel Green PLC Class A Ordinary Shares,2.23,12.06,16761258,90766,Ireland,Technology,Industrial Machinery/Components,false,false,0.218973
JCSE,JE Cleantech Holdings Limited Class A Ordinary Shares,1.445,2.482,7590180,12261,Singapore,Consumer Discretionary,Miscellaneous manufacturing industries,false,false,0.218964
BRAG,Bragg Gaming Group Inc. Common Shares,1.42,0,44110034,297,Canada,Technology,Office Equipment/Supplies/Services,false,false,0.218954
NSPR,InspireMD Inc. Common Stock,0.751,-1.041,34913328,29639,Israel,Health Care,Medical/Dental Instruments,false,false,0.218793
JG,Aurora Mobile Limited American Depositary Shares,6.35,-1.703,37856052,4611,China,Technology,Computer Software: Programming Data Processing,false,false,0.218666
WATR,Air Water Ventures Limited Ordinary Shares,1.8,-3.743,56951017,26364,United Arab Emirates,Consumer Staples,Beverages (Production/Distribution),false,false,0.218551
LIVE,Live Ventures Incorporated Common Stock,7.93,3.188,24358232,1949,United States,Consumer Discretionary,Other Specialty Stores,true,false,0.218537
REBN,Reborn Coffee Inc. Common Stock,1.09,16.602,9395933,317464,United States,Consumer Discretionary,Restaurants,true,false,0.218283
MIMI,Mint Incorporation Limited Class A Ordinary Shares,0.7829,-3.358,12442333,258659,Hong Kong,Consumer Discretionary,Business Services,false,false,0.218236
ORIO,Orion Digital Corp. Common Shares,1.03,-1.435,24494430,41689,Canada,Finance,Finance: Consumer Services,false,false,0.218212
MODD,Modular Medical Inc. Common Stock,2.22,0,18094827,11309,United States,Health Care,Medical/Dental Instruments,true,false,0.217968
EXYN,Exyn Technologies Inc. Common Stock,2.51,-3.089,19964432,45049,United States,Technology,Computer Software: Prepackaged Software,true,false,0.217950
BLRX,BioLineRx Ltd. American Depositary Shares,2.56,5.35,12413417,12670,Israel,Health Care,Biotechnology: Pharmaceutical Preparations,false,false,0.217878
AIRS,AirSculpt Technologies Inc. Common Stock,2.16,-14.625,155725651,730181,United States,Health Care,Medical/Nursing Services,true,false,0.217852
PFAI,Pinnacle Food Group Limited Class A Common Shares,3,4.65,35209740,534,Canada,Consumer Staples,Farming/Seeds/Milling,false,false,0.217821
PPBT,Purple Biotech Ltd. American Depositary Shares,1.485,1.712,2415897,47241,Israel,Health Care,Biotechnology: Pharmaceutical Preparations,false,false,0.217626
GIFT,Giftify Inc. Common Stock,0.68,-0.147,24089120,26335,United States,Consumer Discretionary,Catalog/Specialty Distribution,true,false,0.217499
WBX,Wallbox N.V. Class A Ordinary Shares,2.83,-3.741,67611810,11688,Spain,Consumer Discretionary,Industrial Specialties,false,false,0.217477
NERV,Minerva Neurosciences Inc Common Stock,3.49,-8.399,166638981,130465,United States,Health Care,Biotechnology: Pharmaceutical Preparations,true,false,0.217444
GOVX,GeoVax Labs Inc. Common Stock,0.378,4.046,3818885,277724,United States,Health Care,Biotechnology: Pharmaceutical Preparations,true,false,0.217441
IHT,InnSuites Hospitality Trust Shares of Beneficial Interest,1.43,0,16051134,21305,United States,Real Estate,Real Estate Investment Trusts,true,false,0.217383
NIXX,Nixxy Inc. Common Stock,0.3608,-2.486,10430309,475396,United States,Technology,EDP Services,true,false,0.217352
NTIP,Network-1 Technologies Inc. Common Stock,1.56,-0.637,35666562,8571,United States,Miscellaneous,Multi-Sector Companies,true,false,0.217255
AMBO,Ambow Education Holding Ltd. American Depository Shares (each representing twenty (20) Class A Ordinary Shares),2.1401,1.667,6121375,16053,China,Real Estate,Other Consumer Services,false,false,0.217037
AUST,Austin Gold Corp. Common Shares,1.12,-0.885,15336161,46412,,Basic Materials,Precious Metals,false,false,0.217006
TWG,Top Wealth Group Holding Limited Class A Ordinary Shares,0.2696,-7.067,16916470,9233702,France,Consumer Staples,Packaged Foods,false,false,0.216915
BRN,Barnwell Industries Inc. Common Stock,0.99,2.041,14289967,3235,United States,Energy,Oil & Gas Production,true,false,0.216815
DAIO,Data I/O Corporation Common Stock,2.86,-0.694,29731493,6765,United States,Industrials,Electrical Products,true,false,0.216554
ADVB,Advanced Biomed Inc. Common Stock,6.32,-0.94,10441481,12357,Taiwan,Health Care,Medical Specialities,false,false,0.216501
DLXY,Delixy Holdings Limited Class A Ordinary Shares,0.503,-3.269,8224050,520778,Singapore,Energy,Oil Refining/Marketing,false,false,0.216498
VS,Versus Systems Inc. Common Stock,1.11,1.37,6896037,30960,Canada,Technology,EDP Services,false,false,0.216425
CMND,Clearmind Medicine Inc. Common Shares,0.85,8.807,1823429,373678,Canada,Health Care,Biotechnology: Pharmaceutical Preparations,false,false,0.216342
BNAI,Brand Engagement Network Inc. Common Stock,6.49,-6.753,48695664,180771,United States,Technology,EDP Services,true,false,0.216289
THRY,Thryv Holdings Inc. Common Stock,1.84,-7.071,81767964,367628,United States,Consumer Discretionary,Advertising,true,false,0.215840
DUKR,DUKE Robotics Corp. Common Stock,5.33,-1.113,18260463,8129,Israel,Industrials,Aerospace,false,false,0.215828
ONEG,OneConstruction Group Limited Ordinary Shares,1.02,0,16320000,25428,Hong Kong,Consumer Discretionary,Homebuilding,false,false,0.215700
CNCK,Coincheck Group N.V. Ordinary Shares,1.68,-6.667,322220595,43895,Netherlands,Finance,Finance: Consumer Services,false,false,0.215697
SMSI,Smith Micro Software Inc. Common Stock,2.67,0,14924980,11050,United States,Technology,Computer Software: Prepackaged Software,true,false,0.215378
DLPN,Dolphin Entertainment Inc. Common Stock,1.1,1.852,14328106,3564,United States,Consumer Discretionary,Other Consumer Services,true,false,0.215184
LZMH,LZ Technology Holdings Limited Class B Ordinary Shares,1.2,1.695,10774200,11288,China,Technology,EDP Services,false,false,0.215181
IZM,ICZOOM Group Inc. Class A Ordinary Shares,1.27,4.098,3052600,84963,China,Consumer Discretionary,Consumer Electronics/Video Chains,false,false,0.215004
GIPR,Generation Income Properties Inc. Common Stock,0.5281,-7.318,3756111,11370914,United States,Real Estate,Real Estate Investment Trusts,true,false,0.214782
TDTH,Trident Digital Tech Holdings Ltd Class B Ordinary Shares,1.87,7.781,16150724,23413,Singapore,Consumer Discretionary,Business Services,false,false,0.214759
AEC,Anfield Energy Inc. Common Shares,3.67,-4.178,73216412,39020,Canada,Basic Materials,Metal Mining,false,false,0.214655
PRFX,PRF Technologies Ltd. Ordinary Shares,1,7.469,3041830,164337,Israel,Health Care,Biotechnology: Pharmaceutical Preparations,false,false,0.214649
CIIT,Tianci International Inc. Common Stock,2.615,3.77,2529727,43987,Hong Kong,Telecommunications,Computer Communications Equipment,false,false,0.214638
HIHO,Highway Holdings Limited Common Stock,0.935,2.725,4325942,21848,Hong Kong,Industrials,Metal Fabrications,false,false,0.214324
ADIL,Adial Pharmaceuticals Inc Common Stock,4.04,-3.81,10608596,60947,United States,Health Care,Biotechnology: Pharmaceutical Preparations,true,false,0.214279
ATTT,Atlas Trinity Tech Limited Ordinary Shares,2.8,-1.408,16449280,18731,Hong Kong,Consumer Discretionary,Consumer Electronics/Appliances,false,false,0.214182
POLA,Polar Power Inc. Common Stock,1.32,-1.493,5688301,114652,United States,Miscellaneous,Industrial Machinery/Components,true,false,0.214112
FENG,Phoenix New Media Limited American Depositary Shares each representing 48 Class A ordinary shares.,1.45,1.399,17415625,1061,China,Industrials,Broadcasting,false,false,0.214061
CISS,C3is Inc. Common Stock,1.1,-3.509,1636767,507916,Greece,Consumer Discretionary,Marine Transportation,false,false,0.213866
TGE,The Generation Essentials Group Class A Ordinary Shares,0.8629,-0.782,42062585,6097,,Consumer Discretionary,Newspapers/Magazines,false,false,0.213740
SCAG,Scage Future American Depositary Shares,0.2436,-1.377,17687714,185117,China,Consumer Discretionary,Construction/Ag Equipment/Trucks,false,false,0.213668
EQ,Equillium Inc. Common Stock,1.75,-9.326,110964144,504615,United States,Health Care,Biotechnology: Pharmaceutical Preparations,true,false,0.213592
CCM,Concord Medical Services Holdings Limited American Depositary Shares (Each represents thirty (30) Class A ordinary shares),3.85,3.774,16715634,4500,China,Health Care,Medical/Nursing Services,false,false,0.213415
CYN,Cyngn Inc. Common Stock,0.7698,-0.876,11815107,70949,United States,Technology,EDP Services,true,false,0.213302
ANGH,Anghami Inc. Ordinary Shares,3.8945,-0.519,35302895,1617,United Arab Emirates,Consumer Discretionary,Telecommunications Equipment,false,false,0.213258
RVP,Retractable Technologies Inc. Common Stock,0.6947,-0.043,20797344,21006,United States,Health Care,Medical/Dental Instruments,true,false,0.213212
JUNS,Jupiter Neurosciences Inc. Common Stock,2.97,-0.336,3916007,37541,United States,Health Care,Biotechnology: Pharmaceutical Preparations,true,false,0.213112
BQ,Boqii Holding Limited Class A Ordinary Shares,0.848,3.289,6681913,68313,,Consumer Discretionary,Other Specialty Stores,false,false,0.213000
GAUZ,Gauzy Ltd. Ordinary Shares,6.67,4.056,7666378,7164,Israel,Miscellaneous,Industrial Machinery/Components,false,false,0.212940
FATN,FatPipe Inc. Common Stock,5.25,-4.372,74174457,28899,United States,Technology,Computer Software: Prepackaged Software,true,false,0.212906
MMA,Mixed Martial Arts Group Limited Ordinary Shares,0.4334,-1.073,11477967,139972,,Consumer Discretionary,Other Consumer Services,false,false,0.212708
DLHC,DLH Holdings Corp.,3.85,-3.023,55798185,6040,United States,Consumer Discretionary,Professional Services,true,false,0.212705
RDI,Reading International Inc Class A Common Stock,1.93,-3.5,44177945,23975,United States,Consumer Discretionary,Movies/Entertainment,true,false,0.212445
GFAI,Guardforce AI Co. Limited Ordinary Shares,0.3365,-0.942,10563858,190801,Singapore,Consumer Discretionary,Diversified Commercial Services,false,false,0.212428
LOOP,Loop Industries Inc. Common Stock,0.4751,-0.731,22985514,41598,Canada,Industrials,Major Chemicals,false,false,0.212308
FLNA,Filana Therapeutics Inc. Common Stock,0.8701,-15.524,42032700,5466955,United States,Health Care,Biotechnology: Pharmaceutical Preparations,true,false,0.212277
STG,Sunlands Technology Group American Depositary Shares representing Class A ordinary shares,2.91,-0.683,38973618,1498,,Real Estate,Other Consumer Services,false,false,0.212274
BHST,BioHarvest Sciences Inc. Common Stock,1.46,-3.311,33095049,41317,Canada,Uncategorized,Uncategorized,false,false,0.212273
LIQT,LiqTech International Inc. Common Stock,0.6902,3.015,22740600,13396,Denmark,Technology,Industrial Machinery/Components,false,false,0.212236
XTIA,XTI Aerospace Inc. Common Stock,0.9585,-4.627,36880961,431661,United States,Technology,EDP Services,true,false,0.212227
LEXX,Lexaria Bioscience Corp. Common Stock,3.235,0.466,6814485,14388,Canada,Health Care,Biotechnology: Pharmaceutical Preparations,false,false,0.212218
VRAX,Virax Biolabs Group Limited Ordinary Shares,2.55,2,3429719,14378,United Kingdom,Health Care,Biotechnology: In Vitro & In Vivo Diagnostic Substances,false,false,0.211824
RNAZ,TransCode Therapeutics Inc. Common Stock,1.68,-5.085,28443642,425731,United States,Health Care,Biotechnology: Pharmaceutical Preparations,true,false,0.211485
LSTA,Lisata Therapeutics Inc. Common Stock,1.435,-3.041,15503835,77246,United States,Health Care,Biotechnology: Pharmaceutical Preparations,true,false,0.211449
VSME,VS Media Holdings Limited Class A Ordinary Shares,0.8307,2.341,2285076,41565,Singapore,Consumer Discretionary,Advertising,false,false,0.211417
SINT,SiNtx Technologies Inc. Common Stock,1.78,-2.732,11862871,66173,United States,Health Care,Medical/Dental Instruments,true,false,0.211263
GNSS,Genasys Inc. Common Stock,1.5,-4.459,68313014,115424,United States,Consumer Staples,Consumer Electronics/Appliances,true,false,0.211236
TOMZ,TOMI Environmental Solutions Inc. Common Stock,1.4437,-1.116,14137528,32138,United States,Industrials,Major Chemicals,true,false,0.211044
LICN,Lichen International Limited Class A Ordinary Shares,1.04,0,17094298,15363,China,Consumer Discretionary,Professional Services,false,false,0.210954
INM,InMed Pharmaceuticals Inc. Common Shares,1.38,-0.719,7581354,53684,Canada,Health Care,Biotechnology: Pharmaceutical Preparations,false,false,0.210913
CDIO,Cardio Diagnostics Holdings Inc. Common stock,1.92,0,5682180,34679,United States,Health Care,Biotechnology: In Vitro & In Vivo Diagnostic Substances,true,false,0.210812
XWEL,XWELL Inc. Common Stock,0.9025,1.12,7751813,27908,United States,Consumer Discretionary,Other Consumer Services,true,false,0.210675
DFSC,DEFSEC Technologies Inc. Common Stock,1.17,-1.681,7685812,92898,Canada,Technology,Computer Software: Prepackaged Software,false,false,0.210365
KRSA,Korsana Biosciences Inc. Common Stock,32.3,-7.662,21601077,66341,United States,Health Care,Biotechnology: Pharmaceutical Preparations,true,false,0.210356
BEEM,Beam Global Common Stock,1.225,-4.297,27725811,330301,United States,Miscellaneous,Industrial Machinery/Components,true,false,0.210348
BNR,Burning Rock Biotech Limited American Depositary Shares,15.075,-8.359,158986121,24104,China,Health Care,Medical Specialities,false,false,0.210332
PFSA,Profusa Inc. Common Stock,2.05,-5.53,1241576,1856576,United States,Health Care,Medical/Dental Instruments,true,false,0.210311
IBIO,iBio Inc. Common Stock,1.245,-6.391,80062534,363835,United States,Health Care,Biotechnology: Pharmaceutical Preparations,true,false,0.210301
HOLO,MicroCloud Hologram Inc. Ordinary Shares,1.7,-4.494,38951012,195878,United States,Technology,Computer Software: Programming Data Processing,true,false,0.210024
SLND,Southland Holdings Inc. Common Stock,0.6102,-2.524,33216394,55380,United States,Industrials,Military/Government/Technical,true,false,0.209767
QH,Quhuo Limited Class A Ordinary Shares,3.9661,-0.349,10910317,9739,China,Consumer Discretionary,Business Services,false,false,0.209676
INLX,Intellinetics Inc. Common Stock,5.31,0,23868418,1099,,Technology,Computer Software: Prepackaged Software,false,false,0.209657
BMGL,Basel Medical Group Ltd Ordinary Shares,4.09,-2.387,6470834,41144,Singapore,Health Care,Medical/Nursing Services,false,false,0.209382
CHNR,China Natural Resources Inc. Common Stock,3.81,1.061,4698572,10655,Hong Kong,Basic Materials,Precious Metals,false,false,0.209354
GUTS,Fractyl Health Inc. Common Stock,0.4856,-12.188,77297734,4726597,United States,Health Care,Medical/Dental Instruments,true,false,0.209333
INMB,INmune Bio Inc. Common stock,2,-7.407,55507578,487567,United States,Health Care,Biotechnology: Biological Products (No Diagnostic Substances),true,false,0.209283
SPRU,Spruce Power Holding Corporation Class A Common Stock,1.92,-4.478,36964197,175228,United States,Utilities,Electric Utilities: Central,true,false,0.209227
PMVP,PMV Pharmaceuticals Inc. Common Stock,1.37,-9.272,103456142,574281,United States,Health Care,Biotechnology: Pharmaceutical Preparations,true,false,0.209146
WFCF,Where Food Comes From Inc. Common Stock,11.37,-2.821,56618768,1225,United States,Technology,Computer Software: Prepackaged Software,true,false,0.209076
SCYX,SCYNEXIS Inc. Common Stock,4.635,-4.63,46116438,65740,United States,Health Care,Biotechnology: Pharmaceutical Preparations,true,false,0.208993
ATHR,Aether Holdings Inc. Common Stock,3.62,-2.162,44301774,4113,United States,Technology,Computer Software: Prepackaged Software,true,false,0.208944
SUGP,SU Group Holdings Limited Class A Ordinary Shares,0.4795,-1.52,1115556,471120,Hong Kong,Consumer Discretionary,Diversified Commercial Services,false,false,0.208635
MYPS,PLAYSTUDIOS Inc.  Class A Common Stock,0.44,-4.555,52853408,539299,United States,Technology,Computer Software: Prepackaged Software,true,false,0.208325
EDVA,Endovia Health Sciences Inc. Common Stock,0.2051,-11.058,1315208,66589715,,Consumer Staples,Beverages (Production/Distribution),false,false,0.208114
CDTG,CDT Environmental Technology Investment Holdings Limited ordinary shares,1.21,-2.419,3655410,194796,China,Industrials,Miscellaneous,false,false,0.208087
NMAD,Nomad Power Solutions Inc. Common Stock,3.525,-7.723,56756265,278472,United States,Health Care,Biotechnology: Pharmaceutical Preparations,true,false,0.208052
BNGO,Bionano Genomics Inc. Common Stock,1.7,-6.593,20020900,914298,United States,Industrials,Biotechnology: Laboratory Analytical Instruments,true,false,0.207853
AZTR,Azitra Inc Common Stock,0.1655,-2.989,10029919,849465,,Health Care,Biotechnology: Pharmaceutical Preparations,false,false,0.207834
ATOS,Atossa Therapeutics Inc. Common Stock,2.18,-3.54,21754870,37199,United States,Health Care,Biotechnology: Pharmaceutical Preparations,true,false,0.207663
ARTW,Art's-Way Manufacturing Co. Inc. Common Stock,3.17,-0.627,16488394,7219,United States,Industrials,Industrial Machinery/Components,true,false,0.207661
FUFU,BitFuFu Inc. Class A Ordinary Shares,1.38,-6.122,229981965,58859,Singapore,Finance,Finance: Consumer Services,false,false,0.207399
AMIX,Autonomix Medical Inc. Common Stock,3.98,-3.632,7800553,55337,United States,Health Care,Medical/Dental Instruments,true,false,0.207324
GIXI,Gix Internet Ltd. Ordinary Shares,5.13,-0.195,12785761,4831,Israel,Technology,Computer Software: Prepackaged Software,false,false,0.207261
NXB,NextBoat Inc. Common Stcok,2.1,-2.778,52800080,7079,,Industrials,Marine Transportation,false,false,0.207242
CVKD,Cadrenal Therapeutics Inc. Common Stock,1.32,17.857,4709221,271113,United States,Health Care,Biotechnology: Pharmaceutical Preparations,true,false,0.207187
NSYS,Nortech Systems Incorporated Common Stock,11.32,-1.351,32304631,1155,United States,Technology,Industrial Machinery/Components,true,false,0.207161
SKK,SKK Holdings Limited Class A Ordinary Shares,4.15,3.234,13240973,4318,Singapore,Industrials,Water Sewer Pipeline Comm & Power Line Construction,false,false,0.207098
GNLN,Greenlane Holdings Inc. Class A Common Stock,2.71,5.859,1882214,27670,United States,Consumer Discretionary,Durable Goods,true,false,0.206809
KBSX,FST Corp. Ordinary Shares,1.375,11.789,61553254,17377,Taiwan,Consumer Discretionary,Recreational Games/Products/Toys,false,false,0.206755
ABOS,Acumen Pharmaceuticals Inc. Common Stock,2.305,-13.019,166691342,471453,United States,Health Care,Biotechnology: Biological Products (No Diagnostic Substances),true,false,0.206598
SMXT,Solarmax Technology Inc. Common Stock,2.44,6.55,11571005,8736,United States,Consumer Discretionary,Engineering & Construction,true,false,0.206592
EZRA,Reliance Global Group Inc. Common Stock,2.69,0,4519028,22548,United States,Finance,Specialty Insurers,true,false,0.206167
RETO,ReTo Eco-Solutions Inc. Class A Shares,0.1586,-9.886,7696538,38336547,China,Industrials,Industrial Machinery/Components,false,false,0.206098
ONFO,Onfolio Holdings Inc. Common Stock,0.815,-0.135,2036887,120513,United States,Technology,EDP Services,true,false,0.206058
DUO,Fangdd Network Group Ltd. Class A Ordinary Shares,0.5894,-3.913,22720435,144390,China,Finance,Real Estate,false,false,0.205957
IDAI,T Stamp Inc. Class A Common Stock,2.94,-2,16579516,15452,United States,Technology,Computer Software: Prepackaged Software,true,false,0.205938
ICMB,Investcorp Credit Management BDC Inc. Common Stock,0.8701,0.881,12557694,8373,United States,Finance,Finance: Consumer Services,true,false,0.205897
CHGA,Change Agents Corporation Common Stock,2.22,7.246,2486880,47840,United States,Technology,EDP Services,true,false,0.205782
FEDU,Four Seasons Education (Cayman) Inc. American Depositary Shares each ADS representing 10 ordinary shares,10.2226,0,23117776,136,,Real Estate,Other Consumer Services,false,false,0.205676
JFU,9F Inc. American Depositary Shares,2.76,7.602,32494399,981,China,Finance,Finance: Consumer Services,false,false,0.205660
UFG,Uni-Fuels Holdings Limited Class A Ordinary Shares,0.5018,-3.071,16290937,158742,Singapore,Energy,Oil Refining/Marketing,false,false,0.205631
AVX,Avax One Technology Ltd. Common Shares,4.1,-7.029,30329270,319898,Canada,Finance,Finance: Consumer Services,false,false,0.205217
IVDA,Iveda Solutions Inc. Common Stock,0.31,-0.257,3880898,245213,United States,Technology,Computer Software: Prepackaged Software,true,false,0.205100
CVR,Chicago Rivet & Machine Co. Common Stock,10.099,0.19,9756967,2395,United States,Industrials,Industrial Machinery/Components,true,false,0.204989
MYND,Mynd.ai Inc. American Depositary Shares,0.3555,4.559,16759907,12364,,Technology,Computer peripheral equipment,false,false,0.204852
CLRO,ClearOne Inc. Common Stock,4.22,-1.402,11290239,11490,United States,Utilities,Telecommunications Equipment,true,false,0.204743
CNSY,Cerenome Inc. Common Stock,1.95,-3.941,14799769,66325,United States,Health Care,Medical/Dental Instruments,true,false,0.204702
LHAI,Linkhome Holdings Inc. Common stock,1.07,-2.727,17687100,52401,United States,Finance,Real Estate,true,false,0.204625
AIMD,Ainos Inc. Common Stock,1.395,-1.064,11918982,27124,United States,Technology,Computer peripheral equipment,true,false,0.204561
TRAW,Traws Pharma Inc. Common Stock,0.5036,0.72,7739464,41434,United States,Health Care,Biotechnology: Pharmaceutical Preparations,true,false,0.204250
CDLX,Cardlytics Inc. Common Stock,3.44,-3.911,20257183,25114,United States,Technology,Computer Software: Programming Data Processing,true,false,0.204204
TYGO,Tigo Energy Inc. Common Stock,0.89,-8.727,68328603,1035976,United States,Technology,Semiconductors,true,false,0.204109
HXHX,Haoxin Holdings Limited Class A Ordinary Shares,0.3965,0.814,5836480,69098,China,Industrials,Trucking Freight/Courier Services,false,false,0.203998
ZBAO,Zhibao Technology Inc. Class A Ordinary Shares,0.097,-11.009,45209888,24720431,China,Finance,Specialty Insurers,false,false,0.203926
NTHI,NeOnc Technologies Holdings Inc. Common Stock,3.22,-6.667,95846826,95974,United States,Health Care,Biotechnology: Pharmaceutical Preparations,true,false,0.203664
MWG,Multi Ways Holdings Limited Class A Ordinary Shares,1.29,2.381,6633211,1474,,Consumer Discretionary,Miscellaneous manufacturing industries,false,false,0.203559
GMM,Global Mofy AI Limited Class A Ordinary Shares,1.94,-1.523,18916954,13041,China,Technology,Computer Software: Programming Data Processing,false,false,0.203533
PPSI,Pioneer Power Solutions Inc. Common Stock,3.24,-4.985,35961622,120704,United States,Miscellaneous,Industrial Machinery/Components,true,false,0.203523
FLD,Fold Holdings Inc. Class A Common Stock,0.5592,-3.967,30682424,107217,United States,Finance,Finance: Consumer Services,true,false,0.203367
GAIA,Gaia Inc. Class A Common Stock,1.24,-3.876,31527983,43391,United States,Consumer Discretionary,Movies/Entertainment,true,false,0.203306
LCFY,Locafy Limited Ordinary Share,2.61,6.531,4775520,17428,Australia,Technology,Computer Software: Programming Data Processing,false,false,0.203118
BRLS,Borealis Foods Inc. Class A Common Shares,1.3,-0.763,27902298,3474,Canada,Consumer Staples,Packaged Foods,false,false,0.203028
HIND,Vyome Holdings Inc. Common Stock,2.01,3.077,14107241,5473,United States,Health Care,Biotechnology: Pharmaceutical Preparations,true,false,0.203024
CLLS,Cellectis S.A. American Depositary Shares,1.44,-7.692,144759277,169811,France,Health Care,Biotechnology: Pharmaceutical Preparations,false,false,0.202965
BOLD,Boundless Bio Inc. Common Stock,2.7,-6.25,61419560,170132,United States,Health Care,Biotechnology: Pharmaceutical Preparations,true,false,0.202947
EHTH,eHealth Inc. Common Stock,0.844,-4.189,27035560,350109,United States,Finance,Specialty Insurers,true,false,0.202814
JYD,Jayud Global Logistics Limited Class A Ordinary Shares,1.03,0,8547867,25924,China,Industrials,Integrated Freight & Logistics,false,false,0.202718
DOGZ,Dogness (International) Corporation Class A Common Stock,0.9,-1.099,15858592,27563,China,Consumer Discretionary,Miscellaneous manufacturing industries,false,false,0.202603
ELPW,Elong Power Holding Limited Class A Ordinary Shares,2.67,4.706,2488678,23024,China,Miscellaneous,Industrial Machinery/Components,false,false,0.202477
PAVS,Paranovus Entertainment Technology Ltd. Class A Ordinary Shares,4.19,3.202,3643783,13660,China,Technology,EDP Services,false,false,0.202340
MEGL,Magic Empire Global Limited Class A Ordinary Shares,1.1201,-3.44,72878242,2189,Hong Kong,Finance,Finance: Consumer Services,false,false,0.202204
MTEN,Mingteng International Corporation Inc. Class A Ordinary Shares,1.01,-3.81,7726364,190158,China,Industrials,Building Products,false,false,0.202155
PETZ,TDH Holdings Inc. Common Shares,1.34,-0.741,13833179,16616,China,Finance,Real Estate,false,false,0.202153
ENSC,Ensysce Biosciences Inc. Common Stock,0.4145,-3.38,8064841,367725,United States,Health Care,Biotechnology: Pharmaceutical Preparations,true,false,0.202046
LIMN,Liminatus Pharma Inc. Class A Common Stock,4.03,-0.983,5413128,17713,United States,Health Care,Biotechnology: Biological Products (No Diagnostic Substances),true,false,0.201844
PASW,Ping An Biomedical Co. Ltd. Class A Ordinary Shares,0.1274,-2.151,15867670,346096,Hong Kong,Consumer Discretionary,Apparel,false,false,0.201841
ARL,American Realty Investors Inc. Common Stock,14.36,-9.629,231943337,15923,United States,Finance,Real Estate,true,false,0.201784
CSAI,Cloudastructure Inc. Class A Common Stock,3.47,-0.287,3010128,22031,United States,Technology,Computer Software: Programming Data Processing,true,false,0.201674
APUS,Apimeds Pharmaceuticals US Inc. Common Stock,2.29,23.784,3455880,152535,,Health Care,Biotechnology: Pharmaceutical Preparations,false,false,0.201668
BTBD,BT Brands Inc. Common Stock,1.84,3.955,11379892,7204,United States,Consumer Discretionary,Restaurants,true,false,0.201630
UONE,Urban One Inc. Class A Common Stock,4.31,-1.822,19890495,5917,United States,Consumer Discretionary,Broadcasting,true,false,0.201611
LEE,Lee Enterprises Incorporated Common Stock,6.79,-7.619,151362979,31278,United States,Consumer Discretionary,Newspapers/Magazines,true,false,0.201560
WWR,Westwater Resources Inc. Common Stock,0.53,-6.228,68139361,718546,United States,Basic Materials,Metal Mining,true,false,0.201474
MOGU,MOGU Inc. American Depositary Shares (each  representing 25 Class A Ordinary Shares),1.9753,6.199,16164459,476,,Consumer Discretionary,Business Services,false,false,0.201307
QRHC,Quest Resource Holding Corporation Common Stock,1.38,-1.779,29108141,10174,United States,Utilities,Environmental Services,true,false,0.201273
PWCM,PowerCompute Inc. Common Stock,1.1,-2.655,2663619,200294,United States,Finance,Finance: Consumer Services,true,false,0.201098
GURE,Gulf Resources Inc. (NV) Common Stock,3.6,-2.965,6528712,40274,China,Industrials,Major Chemicals,false,false,0.201068
RVSN,Rail Vision Ltd. Ordinary Share,3.75,-0.266,8220698,8172,Israel,Industrials,Railroads,false,false,0.201021
SFWL,Shengfeng Development Limited Class A Ordinary Shares,8.48,-3.909,46638592,3183,China,Industrials,Trucking Freight/Courier Services,false,false,0.200730
ACCS,ACCESS Newswire Inc. Common Stock,4.85,-1.623,18562424,4740,United States,Consumer Discretionary,Professional Services,true,false,0.200666
GLE,Global Engine Group Holding Limited Class A Ordinary Shares,0.5364,3.134,9816120,33534,Hong Kong,Technology,EDP Services,false,false,0.200517
KTCC,Key Tronic Corporation Common Stock,2.24,-3.863,24324763,26778,United States,Technology,Electrical Products,true,false,0.200489
CNTY,Century Casinos Inc. Common Stock,1.11,-3.896,31232838,43290,United States,Consumer Discretionary,Hotels/Resorts,true,false,0.200399
IPM,Intelligent Protection Management Corp. Common Stock,1.8035,-0.227,16295937,3917,United States,Technology,Computer Software: Programming Data Processing,true,false,0.200362
POM,POMDOCTOR LIMITED American Depositary Shares,0.8001,0.138,5964948,41155,China,Consumer Discretionary,Other Specialty Stores,false,false,0.200263
FRTT,Fort Technology Inc. Common Shares,0.9108,-1.011,13700784,26442,Canada,Industrials,Agricultural Chemicals,false,false,0.200203
GCL,GCL Global Holdings Ltd Ordinary Shares,0.6553,-4.725,85277749,133362,Singapore,Technology,Computer Software: Prepackaged Software,false,false,0.200106
ZNB,Zeta Network Group Class A Ordinary Shares,1.38,0,5071572,29489,United States,Real Estate,Other Consumer Services,true,false,0.200022
AHT,Ashford Hospitality Trust Inc Common Stock,2.56,-3.759,16562724,31614,United States,Real Estate,Real Estate Investment Trusts,true,false,0.199943
VCIG,VCI Global Limited Ordinary Share,1.64,0.613,2077053,29900,Malaysia,Consumer Discretionary,Diversified Commercial Services,false,false,0.199787
BLIV,BeLive Holdings Ordinary Share,2.315,7.674,25152017,798,Singapore,Technology,EDP Services,false,false,0.199302
PRSO,Peraso Inc. Common Stock,0.4938,-1.279,7438838,109914,United States,Technology,Semiconductors,true,false,0.199296
MSN,Emerson Radio Corporation Common Stock,0.4506,-3.18,9481819,242432,United States,Consumer Staples,Consumer Electronics/Appliances,true,false,0.199282
ARMP,Armata Pharmaceuticals Inc. Common Stock,3.64,-13.333,135342404,287081,United States,Health Care,Biotechnology: Biological Products (No Diagnostic Substances),true,false,0.199179
FUSE,Fusemachines Inc. Common stock,0.5825,-1.254,16883938,30277,United States,Technology,EDP Services,true,false,0.199153
GLXG,Galaxy Payroll Group Limited Class A Ordinary Shares,1.04,4.491,6199976,24704,Hong Kong,Industrials,Diversified Commercial Services,false,false,0.199052
MOB,Mobilicom Limited Ordinary Shares,5.05,-6.998,63798524,94912,Israel,Industrials,Aerospace,false,false,0.198997
UPLD,Upland Software Inc. Common Stock,3.54,-4.324,10468456,162372,United States,Technology,Computer Software: Prepackaged Software,true,false,0.198918
ATLX,Atlas Lithium Corporation Common Stock,2.75,-10.131,82774464,330914,United States,Industrials,Mining & Quarrying of Nonmetallic Minerals (No Fuels),true,false,0.198857
EQS,Equus Total Return Inc. Common Stock,0.9799,3.147,13685965,6116,United States,Finance,Finance/Investors Services,true,false,0.198833
ABLV,Able View Global Inc. Class B Ordinary Shares,0.9699,-3.97,53558679,19301,China,Consumer Discretionary,Other Consumer Services,false,false,0.198793
SNES,SenesTech Inc. Common Stock,0.7794,-0.205,4227109,63595,United States,Industrials,Agricultural Chemicals,true,false,0.198756
INLF,INLIF LIMITED Class A Ordinary Shares,2.91,3.929,3172767,16360,China,Industrials,Industrial Machinery/Components,false,false,0.198573
PULM,Pulmatrix Inc. Common Stock,1.685,-0.882,6154100,29675,United States,Health Care,Biotechnology: Pharmaceutical Preparations,true,false,0.198183
RDHL,Redhill Biopharma Ltd. American Depositary Shares,0.5431,0.388,3302548,80299,Israel,Health Care,Biotechnology: Pharmaceutical Preparations,false,false,0.198163
MTEK,Maris-Tech Ltd. Ordinary Shares,0.9924,-1.743,9624916,51691,Israel,Telecommunications,Telecommunications Equipment,false,false,0.198116
BYSI,BeyondSpring Inc. Ordinary Shares,0.7266,-1.851,29877661,13392,United States,Health Care,Biotechnology: Pharmaceutical Preparations,true,false,0.198049
SGLY,Singularity Future Technology Ltd. Common Stock,1.04,-2.804,5619940,129492,United States,Industrials,Integrated Freight & Logistics,true,false,0.197936
TOUR,Tuniu Corporation American Depositary Shares,5.065,-3.524,55024929,1981,China,Consumer Discretionary,Transportation Services,false,false,0.197772
NCTY,The9 Limited American Depository Shares,3.66,-5.67,55899791,87269,China,Finance,Finance: Consumer Services,false,false,0.197330
ATXG,Addentax Group Corp. Common Stock,3.44,1.475,4052231,4550,China,Consumer Discretionary,Professional Services,false,false,0.197179
KNRX,KNOREX LTD. Class A Ordinary Shares,0.3198,5.894,9729312,22324,,Technology,Computer Software: Programming Data Processing,false,false,0.196948
JCTC,Jewett-Cameron Trading Company Common Shares,2.9,-1.024,10208328,10164,United States,Consumer Discretionary,RETAIL: Building Materials,true,false,0.196842
HCAT,Health Catalyst Inc Common Stock,1.72,-8.995,129440975,197969,United States,Technology,Computer Software: Programming Data Processing,true,false,0.196687
RMCF,Rocky Mountain Chocolate Factory Inc. Common Stock,0.85,0,8023649,21992,United States,Consumer Staples,Specialty Foods,true,false,0.196457
TOPP,Toppoint Holdings Inc. Common Stock,0.142,0.567,3507400,234487,,Industrials,Trucking Freight/Courier Services,false,false,0.196230
GYRO,Gyrodyne LLC Common Stock,5.02,-0.594,11040526,3552,United States,Real Estate,Building operators,true,false,0.196028
CANG,Cango Inc. Class A Ordinary Shares,2.01,-9.459,82454154,330217,China,Finance,Finance: Consumer Services,false,false,0.195973
FMFC,Kandal M Venture Limited Class A Ordinary Shares,0.203,0,4323900,182208,Cambodia,Consumer Discretionary,Apparel,false,false,0.195929
CETY,Clean Energy Technologies Inc. Common Stock,1.01,0,12287767,6095,United States,Utilities,Oil/Gas Transmission,true,false,0.195850
HYFT,MindWalk Holdings Corp. Common Stock,1.39,-6.081,65485219,229941,Canada,Health Care,Biotechnology: Pharmaceutical Preparations,false,false,0.195524
VWAV,VisionWave Holdings Inc. Common Stock,5.72,-7.89,13577970,344846,United States,Technology,Computer Software: Prepackaged Software,true,false,0.195519
ATER,Aterian Inc. Common Stock,0.635,-3.378,11408988,128596,United States,Consumer Discretionary,Home Furnishings,true,false,0.195510
MXC,Mexco Energy Corporation Common Stock,10.64,-2.653,21769440,2460,United States,Energy,Oil & Gas Production,true,false,0.195506
NXL,Nexalin Technology Inc. Common Stock,4.812,3.931,3991073,7008,United States,Health Care,Biotechnology: Electromedical & Electrotherapeutic Apparatus,true,false,0.195495
UTSI,UTStarcom Holdings Corp. Ordinary Shares,2.34,-3.306,22216217,16377,China,Telecommunications,Telecommunications Equipment,false,false,0.195427
YYAI,AiRWA Inc. Common Stock,0.7379,-2.908,3380997,244923,United States,Technology,Computer Software: Programming Data Processing,true,false,0.195362
NEXR,Nexera Technologies Ltd Ordinary Shares,1.49,-3.871,830621,229521,Israel,Consumer Discretionary,Other Specialty Stores,false,false,0.195303
CGTL,Creative Global Technology Holdings Limited Class A Ordinary Shares,3.78,3.279,6498784,5673,China,Technology,Retail: Computer Software & Peripheral Equipment,false,false,0.195296
GIGM,GigaMedia Limited Ordinary Shares,1.3797,0,15248769,439,Taiwan,Technology,Computer Software: Programming Data Processing,false,false,0.194992
PSQH,PSQ Holdings Inc. Class A Common Stock,5.26,-3.486,19604904,8987,,Consumer Discretionary,Advertising,false,false,0.194947
VIVS,VivoSim Labs Inc. Common Stock,0.2291,-2.635,3799966,624877,United States,Health Care,Biotechnology: Biological Products (No Diagnostic Substances),true,false,0.194880
IRIX,IRIDEX Corporation Common Stock,0.634,-0.236,11136154,17541,United States,Health Care,Biotechnology: Electromedical & Electrotherapeutic Apparatus,true,false,0.194772
OCG,Oriental Culture Holding LTD Ordinary Shares,1.56,-1.67,3023767,67200,China,Consumer Discretionary,Other Consumer Services,false,false,0.194730
TLIH,Ten-League International Holdings Limited Ordinary Shares,5.75,-0.519,16907501,379,Singapore,Consumer Discretionary,Industrial Specialties,false,false,0.194716
GDTC,CytoMed Therapeutics Limited Ordinary Shares,0.91,0,10763876,9676,Singapore,Health Care,Biotechnology: Pharmaceutical Preparations,false,false,0.194590
EDUC,Educational Development Corporation Common Stock,1.3,0,11082453,5665,United States,Consumer Discretionary,Consumer Specialties,true,false,0.194452
FKWL,Franklin Wireless Corp. Common Stock,2.37,-1.66,27928744,2142,United States,Utilities,Telecommunications Equipment,true,false,0.194444
MSGY,Masonglory Limited Class A Ordinary Shares,2.03,0.495,4302839,12452,Hong Kong,Consumer Discretionary,Engineering & Construction,false,false,0.194435
KAPA,Kairos Pharma Ltd. Common Stock,1.73,-2.809,5856713,63398,,Health Care,Biotechnology: Pharmaceutical Preparations,false,false,0.194350
NXTC,NextCure Inc. Common Stock,4.82,-6.95,22062870,225876,United States,Health Care,Biotechnology: Pharmaceutical Preparations,true,false,0.194201
TELA,TELA Bio Inc. Common Stock,1.3,-7.801,58686433,443276,United States,Health Care,Medical/Dental Instruments,true,false,0.194071
IOTR,iOThree Limited Ordinary Shares,2.0788,7.155,12606671,3911,Singapore,Consumer Discretionary,Telecommunications Equipment,false,false,0.194004
CMMB,Chemomab Therapeutics Ltd. American Depositary Share,2.28,-4.202,16519986,133521,Israel,Health Care,Biotechnology: Pharmaceutical Preparations,false,false,0.193968
CSPI,CSP Inc. Common Stock,7.42,-4.381,74798386,8209,United States,Technology,EDP Services,true,false,0.193843
JF,J and Friends Holdings Limited American Depositary Shares,0.9578,-1.258,17566200,8684,China,Technology,Computer Software: Programming Data Processing,false,false,0.193171
FCHL,Fitness Champs Holdings Limited Common Stock,1.02,0.99,1345117,30590,Singapore,Consumer Discretionary,Services-Misc. Amusement & Recreation,false,false,0.192978
ZCMD,Zhongchao Inc. Class A Ordinary Shares,0.9875,-4.126,8762558,448645,China,Real Estate,Other Consumer Services,false,false,0.192939
RAND,Rand Capital Corporation Common Stock,9.99,-3.198,29668442,2147,United States,Finance,Finance: Consumer Services,true,false,0.192785
CNTB,Connect Biopharma Holdings Limited Ordinary Shares,1.07,-11.934,67382511,1410208,China,Health Care,Biotechnology: Pharmaceutical Preparations,false,false,0.192765
SFHG,Samfine Creation Holdings Group Limited Class A Ordinary Share,2.24,0,9094400,4622,Hong Kong,Consumer Discretionary,Publishing,false,false,0.192176
MTVA,MetaVia Inc. Common Stock,1.63,-2.976,10738605,38447,United States,Health Care,Biotechnology: Pharmaceutical Preparations,true,false,0.191976
DPU,Top KingWin Ltd Class A Ordinary Shares,1.57,0.641,4719228,10061,China,Consumer Discretionary,Business Services,false,false,0.191463
BANL,CBL International Limited Class B Ordinary Shares,5.23,-2.607,10977550,9106,Malaysia,Energy,Oil Refining/Marketing,false,false,0.191441
CDT,CDT Equity Inc. Common Stock,0.1349,-5.2,2599283,11650737,United States,Health Care,Biotechnology: Pharmaceutical Preparations,true,false,0.191409
MTNB,Matinas Biopharma Holdings Inc. Common Stock,0.175,-1.13,2571239,422193,United States,Health Care,Biotechnology: Pharmaceutical Preparations,true,false,0.191354
INBS,Intelligent Bio Solutions Inc. Common Stock,1.77,-1.667,5870741,29844,United States,Health Care,Medical/Dental Instruments,true,false,0.190993
ATPC,Agape ATP Corporation Common Stock,2.24,1.357,2241402,7659,Malaysia,Health Care,Medical/Nursing Services,false,false,0.190931
BTCT,BTC Digital Ltd. Ordinary Shares,1.2,-9.091,14160680,1869297,China,Finance,Finance: Consumer Services,false,false,0.190673
EJH,E-Home Household Service Holdings Limited Ordinary Shares,1.2483,5.788,3994752,15660,China,Consumer Discretionary,Other Consumer Services,false,false,0.190627
TKLF,Tokyo Lifestyle Co. Ltd. American Depositary Shares,1.68,0.299,7111072,5946,Japan,Consumer Discretionary,Other Specialty Stores,false,false,0.190458
YQ,17 Education & Technology Group Inc. American Depositary Shares,3.555,-3.659,38591971,4076,China,Real Estate,Other Consumer Services,false,false,0.190083
ADXN,Addex Therapeutics Ltd American Depositary Shares,3.45,-1.429,5877810,12948,Switzerland,Health Care,Biotechnology: Pharmaceutical Preparations,false,false,0.189680
SEED,Origin Agritech Limited Common Stock,0.92,-1.182,11172044,18038,China,Consumer Staples,Farming/Seeds/Milling,false,false,0.189653
WOK,WORK Medical Technology Group LTD Class A Ordinary Shares,1.86,-2.105,8309695,23921,China,Health Care,Medical/Dental Instruments,false,false,0.189537
ADGM,Adagio Medical Holdings Inc Common Stock,0.228,-53.038,5063985,36573673,United States,Health Care,Medical/Dental Instruments,true,false,0.188828
EZGO,EZGO Technologies Ltd. Ordinary Shares,0.8451,0.775,4484015,14093,China,Consumer Discretionary,Motor Vehicles,false,false,0.188732
CLIK,Click Holdings Limited Class A Ordinary Share,1.17,-1.681,10018749,22994,Hong Kong,Consumer Discretionary,Diversified Commercial Services,false,false,0.188600
NVNO,enVVeno Medical Corporation Common Stock,8.96,-1.538,6225641,4552,United States,Health Care,Medical/Dental Instruments,true,false,0.187945
TDIC,Dreamland Limited Class A Ordinary Shares,1.92,-1.538,6692319,19359,Hong Kong,Consumer Discretionary,Other Consumer Services,false,false,0.187896
IFBD,Infobird Co. Ltd Ordinary Shares,0.9855,3.737,8069840,4305,China,Technology,Computer Software: Prepackaged Software,false,false,0.187501
NAII,Natural Alternatives International Inc. Common Stock,1.85,-2.632,11609174,19579,United States,Health Care,Medicinal Chemicals and Botanical Products,true,false,0.187442
ELBM,Electra Battery Materials Corporation Common Stock,0.5436,-5.543,58056555,333890,Canada,Miscellaneous,Industrial Machinery/Components,false,false,0.187362
MKDW,MKDWELL Tech Inc. Ordinary Share,1.56,-9.302,53349570,539768,Taiwan,Technology,Consumer Electronics/Appliances,false,false,0.187344
CLWT,Euro Tech Holdings Company Limited Common Stock,1.505,-0.331,11154253,1878,Hong Kong,Consumer Discretionary,Professional and commerical equipment,false,false,0.187325
MPU,Mega Matrix Inc. Class A Ordinary Shares,2.8,-1.926,9579618,11238,United States,Consumer Discretionary,Movies/Entertainment,true,false,0.187293
BIAF,bioAffinity Technologies Inc. Common Stock,7.94,-7.189,9263003,207908,United States,Health Care,Biotechnology: Commercial Physical & Biological Resarch,true,false,0.187137
PCSA,Processa Pharmaceuticals Inc. Common Stock,1.89,0.532,5279500,4743,United States,Health Care,Biotechnology: Pharmaceutical Preparations,true,false,0.187082
DXF,Eason Technology Limited American Depositary Shares (each representing sixty-thousand (60000) Ordinary Shares),0.49,3.704,1585618,67785,,Finance,Finance: Consumer Services,false,false,0.186970
ILAG,Intelligent Living Application Group Inc. Ordinary Shares,3.1,3.679,6438539,2885,Hong Kong,Consumer Discretionary,Office Equipment/Supplies/Services,false,false,0.186970
ESLA,Estrella Immunopharma Inc. Common Stock,0.472,-2.68,20530992,32321,United States,Health Care,Biotechnology: Biological Products (No Diagnostic Substances),true,false,0.186951
NIKI,Niki BioSolutions Inc. Common Stock,4.68,-2.905,13752765,7119,Hong Kong,Industrials,Industrial Machinery/Components,false,false,0.186879
JWEL,Jowell Global Ltd. Ordinary Shares,2.34,-0.426,5560147,8746,China,Consumer Discretionary,Other Consumer Services,false,false,0.186724
BGMS,Bio Green Med Solution Inc. Common Stock,0.9622,3.719,6372452,8829,United States,Health Care,Biotechnology: Pharmaceutical Preparations,true,false,0.186253
LGPS,LogProstyle Inc. Common Shares,0.8281,-3.169,19552161,28398,,Consumer Discretionary,Homebuilding,false,false,0.186132
KSCP,Knightscope Inc. Class A Common Stock,0.9781,-10.676,23101115,2104979,United States,Telecommunications,Telecommunications Equipment,true,false,0.185970
PRPO,Precipio Inc.  Common Stock,23.84,-9.233,42678082,39748,United States,Industrials,Biotechnology: Laboratory Analytical Instruments,true,false,0.185684
SNTG,Sentage Holdings Inc. Class A Ordinary Shares,1.69,0.595,4740999,4605,China,Finance,Finance: Consumer Services,false,false,0.185470
MLEC,Moolec Science SA Ordinary Shares,6.26,12.793,4545499,23864,Luxembourg,Finance,Blank Checks,false,false,0.185417
HKPD,Cellyan Biotechnology Co. Ltd Class A Ordinary Shares,0.1192,-2.295,5781195,473976,Hong Kong,Health Care,Other Pharmaceuticals,false,false,0.185391
OM,Outset Medical Inc. Common Stock,3.09,-6.079,58083237,76855,United States,Health Care,Biotechnology: Electromedical & Electrotherapeutic Apparatus,true,false,0.185085
ASTI,Ascent Solar Technologies Inc. Common Stock,2.91,-7.325,28565814,259052,United States,Technology,Semiconductors,true,false,0.185011
RDGT,Ridgetech Inc. Ordinary Shares,0.9251,0.554,3357687,17190,China,Consumer Staples,Retail-Drug Stores and Proprietary Stores,false,false,0.184918
BGL,Blue Gold Limited Class A Ordinary Shares,0.2181,-3.751,8906718,349304,United Kingdom,Basic Materials,Metal Mining,false,false,0.184796
ACH,Accendra Health Inc. Common Stock,0.7501,-11.753,57686218,1777368,United States,Health Care,Medical Specialities,true,false,0.184561
BON,Bon Natural Life Limited Class A Ordinary Shares,1.195,-1.24,9713928,12480,China,Health Care,Medicinal Chemicals and Botanical Products,false,false,0.184556
TRSG,Tungray Technologies Inc Class A Ordinary Shares,1.3999,-3.82,22893244,18090,Singapore,Industrials,Industrial Machinery/Components,false,false,0.184402
NCNA,NuCana plc American Depositary Share,1.31,-1.504,5452182,27852,United Kingdom,Health Care,Biotechnology: Pharmaceutical Preparations,false,false,0.184345
FLL,Full House Resorts Inc. Common Stock,1.78,-7.772,65227174,195886,United States,Consumer Discretionary,Hotels/Resorts,true,false,0.184097
CANF,Can-Fite Biopharma Ltd American Depositary Shares each representing two (2) Ordinary Shares,2.16,-3.139,4627902,43617,Israel,Health Care,Biotechnology: Pharmaceutical Preparations,false,false,0.184096
CETX,Cemtrex Inc. Common Stock,2.08,-2.347,3579973,38011,United States,Technology,Electrical Products,true,false,0.183998
SDEV,Stablecoin Development Corporation Common Stock,1.12,-11.811,56689289,1194128,United States,Health Care,Biotechnology: Pharmaceutical Preparations,true,false,0.183669
KG,Kestrel Group Ltd.,5.175,-3.81,40489355,1140,Bermuda,Finance,Property-Casualty Insurers,false,false,0.183212
NTCL,NETCLASS TECHNOLOGY INC Class A Ordinary Shares,2.05,3.015,4979159,5244,China,Technology,Computer Software: Prepackaged Software,false,false,0.182965
DRCT,Direct Digital Holdings Inc. Class A Common Stock,1.61,-0.617,1292390,27762,United States,Consumer Discretionary,Advertising,true,false,0.182951
AIRI,Air Industries Group Common Stock,2.63,-1.128,12757231,1495,United States,Industrials,Military/Government/Technical,true,false,0.182951
SDOT,Sadot Group Inc. Common Stock,11.09,-5.857,16134043,57200,United States,Consumer Discretionary,Restaurants,true,false,0.182816
SDST,Stardust Power Inc. Common Stock,0.1157,-5.397,4694761,9551031,United States,Industrials,Major Chemicals,true,false,0.182796
AWX,Avalon Holdings Corporation Common Stock,2.6,-0.767,10138521,2099,United States,Utilities,Environmental Services,true,false,0.182707
UONEK,Urban One Inc. Class D Common Stock,3.92,-2.73,18090659,3344,United States,Consumer Discretionary,Broadcasting,true,false,0.182571
EOCN,Eocene Ltd. Ordinary Shares,3.62,-0.138,3770465,5358,Israel,Health Care,Biotechnology: Pharmaceutical Preparations,false,false,0.182433
CNEY,CN Energy Group Inc. Class A Ordinary Shares,0.5798,-0.052,4756277,21840,China,Industrials,Major Chemicals,false,false,0.182254
MDRR,Medalist Diversified Inc. Common Stock,11.86,11.153,19314010,2184,United States,Real Estate,Real Estate Investment Trusts,true,false,0.182239
BGLC,BioNexus Gene Lab Corp Common stock,1.47,0.685,4312160,3343,Malaysia,Health Care,Medical Specialities,false,false,0.181935
ISPC,iSpecimen Inc. Common Stock,1.21,-3.2,3047494,93293,United States,Health Care,Biotechnology: Commercial Physical & Biological Resarch,true,false,0.181286
TROO,TROOPS Inc. Ordinary Shares,1.83,-10.294,223553104,71158,China,Finance,Diversified Financial Services,false,false,0.180835
WXM,WF International Limited Ordinary Shares,4,-2.913,12470348,6329,China,Consumer Discretionary,Engineering & Construction,false,false,0.180182
LHSW,Lianhe Sowell International Group Ltd Class A Ordinary Shares,0.7659,-13.857,8353033,6670457,China,Technology,Computer Software: Prepackaged Software,false,false,0.180090
YDKG,Yueda Digital Holding Class A Ordinary Share,0.8759,-0.114,4854467,10318,China,Consumer Discretionary,Advertising,false,false,0.179741
ELOX,Eloxx Pharmaceuticals Inc. Common Stock,15.435,-7.741,62302745,20261,United States,Health Care,Biotechnology: Biological Products (No Diagnostic Substances),true,false,0.179576
SST,System1 Inc. Class A Common Stock,3.14,-9.51,32934358,332386,United States,Technology,Computer Software: Programming Data Processing,true,false,0.179500
CISO,CISO Global Inc. Common Stock,0.2412,-2.938,10980788,119280,United States,Consumer Discretionary,Professional Services,true,false,0.179404
LPA,Logistic Properties of the Americas Ordinary Shares,3.02,-6.502,95729878,33442,,Finance,Real Estate,false,false,0.179352
AMS,American Shared Hospital Services Common Stock,1.45,-1.361,9642500,6423,United States,Health Care,Medical Specialities,true,false,0.178934
FRSX,Foresight Autonomous Holdings Ltd. American Depositary Shares,1.18,-0.84,3516768,22903,Israel,Technology,Computer Software: Prepackaged Software,false,false,0.178918
PRPL,Purple Innovation Inc. Common Stock,2.58,-3.371,11231021,13331,United States,Consumer Discretionary,Home Furnishings,true,false,0.178796
CTOR,Citius Oncology Inc. Common Stock,1.01,-5.607,93911016,56972,United States,Health Care,Biotechnology: Pharmaceutical Preparations,true,false,0.178717
TNON,Tenon Medical Inc. Common Stock,3.27,-4.665,3376530,218103,United States,Health Care,Medical/Dental Instruments,true,false,0.178578
BTOC,Armlogi Holding Corp. Common Stock,0.2555,-1.731,11610707,29241,United States,Consumer Discretionary,Office Equipment/Supplies/Services,true,false,0.178484
PMEC,Primech Holdings Ltd. Ordinary Shares,0.5964,-3.072,22912487,9752,Singapore,Consumer Discretionary,Diversified Commercial Services,false,false,0.177929
BOLT,Bolt Biotherapeutics Inc. Common Stock,3.65,-1.617,7031159,5109,United States,Health Care,Biotechnology: Pharmaceutical Preparations,true,false,0.177659
GOAI,Eva Live Inc. Common Stock,1.93,-9.39,77188690,188760,United States,Technology,Computer Software: Programming Data Processing,true,false,0.177647
PPCB,Propanc Biopharma Inc. Common Stock,0.628,-3.533,2200585,194136,Australia,Health Care,Biotechnology: Pharmaceutical Preparations,false,false,0.177588
MITQ,Moving iMage Technologies Inc. Common Stock,0.6189,-2.841,6152529,76462,United States,Consumer Discretionary,Industrial Machinery/Components,true,false,0.177506
SDA,SunCar Technology Group Inc. Class A Ordinary Shares,0.4463,-8.918,47150665,1255279,Hong Kong,Consumer Discretionary,Automotive Aftermarket,false,false,0.177235
DCX,Digital Currency X Technology Inc. Class A Ordinary Shares,0.0734,-29.693,27553465,31650190,Cayman Islands,Industrials,Auto Manufacturing,false,false,0.177211
GRAN,Grande Group Limited Class A Ordinary Shares,1.13,10.784,28144063,4602,Hong Kong,Finance,Finance: Consumer Services,false,false,0.177209
YHGJ,Yunhong Green CTI Ltd. Common Stock,2.6899,-1.472,7018605,6030,United States,Industrials,Specialty Chemicals,true,false,0.177194
MBRX,Moleculin Biotech Inc. Common Stock,0.5279,-6.566,10282109,1823860,United States,Health Care,Biotechnology: Pharmaceutical Preparations,true,false,0.176966
EHGO,Eshallgo Inc. Class A Ordinary Shares,0.8973,-3.329,4967971,77599,China,Consumer Discretionary,Diversified Commercial Services,false,false,0.176472
AMST,Amesite Inc. Common Stock,1.04,-2.804,6811845,38761,United States,Technology,Computer Software: Prepackaged Software,true,false,0.176391
EDBL,Edible Garden AG Incorporated Common Stock,1.2,-5.512,2341811,1029307,United States,Consumer Staples,Farming/Seeds/Milling,true,false,0.176268
SBFM,Sunshine Biopharma Inc. Common Stock,0.8758,-3.365,3774962,94694,Canada,Health Care,Biotechnology: Pharmaceutical Preparations,false,false,0.176041
CCTG,CCSC Technology International Holdings Limited Class A Ordinary Shares,0.5131,-1.022,6967993,16719,Hong Kong,Consumer Discretionary,Building Products,false,false,0.175816
KPRX,Kiora Pharmaceuticals Inc.  Common Stock,2.62,-3.321,11591894,10135,United States,Health Care,Biotechnology: Pharmaceutical Preparations,true,false,0.175450
CNSP,CNS Pharmaceuticals Inc. Common Stock,5.15,-1.703,7526462,2948,United States,Health Care,Biotechnology: Pharmaceutical Preparations,true,false,0.175131
MEDS,DataMeds AI Inc. Common Stock,3.83,-10.409,10852435,595604,United States,Health Care,Other Pharmaceuticals,true,false,0.174782
MCRB,Seres Therapeutics Inc. Common Stock,3.79,-5.721,38069720,51661,United States,Health Care,Biotechnology: Pharmaceutical Preparations,true,false,0.174307
MENS,Jyong Biotech Ltd. Ordinary Shares,2.14,-10.084,162699207,68753,Taiwan,Health Care,Biotechnology: Pharmaceutical Preparations,false,false,0.174244
CNET,ZW Data Action Technologies Inc. Common Stock,1.31,0,4805642,715,China,Technology,Computer Software: Programming Data Processing,false,false,0.174058
HYFM,Hydrofarm Holdings Group Inc. Common Stock,0.9801,-2.478,4723418,41218,United States,Consumer Discretionary,Consumer Specialties,true,false,0.174043
FGBI,First Guaranty Bancshares Inc. Common Stock,7.62,-8.961,126027896,18026,United States,Finance,Savings Institutions,true,false,0.173728
LITS,Lite Strategy Inc. Common Stock,1.18,-9.231,37621525,585010,United States,Health Care,Biotechnology: Pharmaceutical Preparations,true,false,0.173727
MKZR,MacKenzie Realty Capital Inc. Common Stock,1.37,3.008,3801323,3275,United States,Real Estate,Real Estate Investment Trusts,true,false,0.173518
HDRN,Hadron Energy Inc. Common Stock,1.4,-5.405,100098379,22745,United States,Utilities,Electric Utilities: Central,true,false,0.173412
NAMM,Namib Minerals Ordinary Shares,1.25,-11.348,69815508,507582,Cayman Islands,Basic Materials,Precious Metals,false,false,0.173075
OXBR,Oxbridge Re Holdings Limited Ordinary Shares,1.39,-2.113,11312622,4377,Cayman Islands,Finance,Property-Casualty Insurers,false,false,0.173037
ATCX,Atlas Critical Minerals Corporation Common Stock,3.1,-2.516,15758342,994,Brazil,Basic Materials,Precious Metals,false,false,0.173007
MSAI,MultiSensor AI Holdings Inc. Common Stock,4.8212,-2.205,10633870,2047,United States,Technology,Electronic Components,true,false,0.172912
ZDAI,DirectBooking Technology Co. Ltd. Class A Ordinary Shares,1.62,-2.41,13589326,3371,Hong Kong,Consumer Discretionary,General Bldg Contractors - Nonresidential Bldgs,false,false,0.172684
AGMH,AGM Group Holdings Inc. Class A Ordinary Shares,0.7815,-3.076,3748367,81919,Hong Kong,Technology,EDP Services,false,false,0.172674
SNOA,Sonoma Pharmaceuticals Inc. Common Stock,1.25,-3.475,5985531,41506,United States,Health Care,Medical/Dental Instruments,true,false,0.172422
ODYS,Odysight.ai Inc. Common Stock,3.1,-4.615,62757656,10766,Israel,Technology,EDP Services,false,false,0.172327
AIFF,Firefly Neuroscience Inc. Common Stock,1.15,-4.167,18043863,88369,United States,Technology,Computer Software: Prepackaged Software,true,false,0.172045
SLMT,Brera Holdings PLC Class B Ordinary Shares,3.87,-8.294,42605968,108173,Ireland,Consumer Discretionary,Services-Misc. Amusement & Recreation,false,false,0.171834
WTF,Waton Financial Limited Ordinary Shares,2.41,-5.118,116252308,5845,Hong Kong,Finance,Investment Bankers/Brokers/Service,false,false,0.171705
BLIN,Bridgeline Digital Inc. Common Stock,0.8269,-2.142,10418840,9709,United States,Technology,Computer Software: Prepackaged Software,true,false,0.171525
GAME,GameSquare Holdings Inc. Common Stock,3.06,-7.553,39118988,117338,United States,Consumer Discretionary,Services-Misc. Amusement & Recreation,true,false,0.171523
CURX,Curanex Pharmaceuticals Inc Common Stock,4.475,-2.293,7017878,4344,United States,Health Care,Biotechnology: Pharmaceutical Preparations,true,false,0.171338
NWTG,Newton Golf Company Inc. Common Stock,1.145,-2.137,6208506,17547,United States,Consumer Discretionary,Recreational Games/Products/Toys,true,false,0.171245
CTNT,Cheetah Net Supply Chain Service Inc Class A Common Stock,0.0384,-13.122,121321,193135708,United States,Consumer Discretionary,Motor Vehicles,true,false,0.170860
INAB,IN8bio Inc. Common Stock,1.1,-3.509,10844221,22611,United States,Health Care,Biotechnology: Biological Products (No Diagnostic Substances),true,false,0.170736
IMMP,Immutep Limited American Depositary Shares,0.2661,-6.005,39215724,751524,Australia,Health Care,Biotechnology: Pharmaceutical Preparations,false,false,0.170470
MGN,Megan Holdings Limited Class A Ordinary Shares,3.95,-4.589,3653750,116846,Malaysia,Consumer Staples,Farming/Seeds/Milling,false,false,0.170026
ABTS,Abits Group Inc Ordinary Shares,1.27,-1.55,4082345,15123,China,Finance,Finance: Consumer Services,false,false,0.169805
VIP,Vulcan Infrastructure and Power Inc. Class A Common Stock,1.74,-6.952,32068029,194071,United States,Finance,Finance: Consumer Services,true,false,0.169671
AIRE,reAlpha Tech Corp. Common Stock,1.38,-3.497,8289141,22520,United States,Finance,Real Estate,true,false,0.169300
NXAT,Nexus Advanced Technologies Inc. Ordinary Shares,1.17,-0.847,3170996,11455,Cayman Islands,Consumer Discretionary,Movies/Entertainment,false,false,0.168790
LFT,Lument Finance Trust Inc. Common Stock,5.27,-4.702,27660191,18087,United States,Real Estate,Real Estate Investment Trusts,true,false,0.168250
NUR,Nuran Wireless Inc. Common Shares,1.11,-5.128,14646117,213192,Canada,Uncategorized,Uncategorized,false,false,0.168200
HTCR,Heartcore Enterprises Inc. Common Stock,2.0308,-1.417,3077328,10445,Japan,Technology,EDP Services,false,false,0.168098
TPST,Tempest Therapeutics Inc. Common Stock,0.922,-7.8,15249665,791847,United States,Health Care,Biotechnology: Pharmaceutical Preparations,true,false,0.167527
PLUR,Pluri Inc. Common Stock,1.06,-3.636,13085420,14815,Israel,Health Care,Biotechnology: Biological Products (No Diagnostic Substances),false,false,0.167389
YFOR,YYForce Inc. Class A Ordinary Shares,1.65,-6.25,21181677,203304,Singapore,Consumer Discretionary,Professional Services,false,false,0.167236
EPOW,E-Power Inc. Class A Ordinary Shares,6.315,-8.493,14693950,144864,China,Miscellaneous,Industrial Machinery/Components,false,false,0.166876
IMTE,Integrated Media Technology Limited Ordinary Shares,0.507,-0.099,1747342,11555,Australia,Consumer Staples,Consumer Electronics/Appliances,false,false,0.166485
DDC,DDC Enterprise Limited Class A Ordinary Shares,0.214,-8.547,12538530,4627335,,Consumer Staples,Packaged Foods,false,false,0.165811
CALC,CalciMedica Inc. Common Stock,1.79,-4.278,12222643,70143,United States,Health Care,Biotechnology: Pharmaceutical Preparations,true,false,0.165493
LNKS,Linkers Industries Limited Class A Ordinary Shares,1.02,-0.971,1638745,15939,Malaysia,Technology,Electrical Products,false,false,0.165259
MIRA,MIRA Pharmaceuticals Inc. Common Stock,0.8577,-5.331,36042344,119282,United States,Health Care,Biotechnology: Pharmaceutical Preparations,true,false,0.165000
JEM,707 Cayman Holdings Limited Ordinary Shares,3.75,-3.226,2516059,14941,China,Consumer Discretionary,Clothing/Shoe/Accessory Stores,false,false,0.164955
POAS,Phaos Technology Holdings (Cayman) Limited Class A Ordinary Shares,0.167,-1.765,5272524,63219,,Industrials,Industrial Machinery/Components,false,false,0.164937
SXTP,60 Degrees Pharmaceuticals Inc. Common Stock,1.16,11.538,4079706,54160,United States,Health Care,Biotechnology: Pharmaceutical Preparations,true,false,0.164930
IBG,Innovation Beverage Group Limited Ordinary Shares,0.9501,-1.031,4009918,6279,Australia,Consumer Staples,Beverages (Production/Distribution),false,false,0.164775
SCLX,Scilex Holding Company Common Stock,5.1,-4.673,43314300,8718,United States,Health Care,Biotechnology: Biological Products (No Diagnostic Substances),true,false,0.164714
ICON,Icon Energy Corp. Common stock,0.99,-1.493,3721721,13488,Greece,Consumer Discretionary,Marine Transportation,false,false,0.164028
CYAB,Cyabra Inc. Common Stock,0.2551,-4.849,4489013,1497103,Israel,Technology,Computer Software: Prepackaged Software,false,false,0.163999
VNRX,VolitionRX Limited Common Stock,0.247,-6.155,6892122,2842695,Singapore,Health Care,Biotechnology: In Vitro & In Vivo Diagnostic Substances,false,false,0.163979
PAPL,Pineapple Financial Inc. Common Stock,0.918,-4.375,23198959,72400,,Finance,Finance: Consumer Services,false,false,0.163733
BCG,Binah Capital Group Inc. Common Stock,1.18,-4.065,20130955,45622,United States,Finance,Finance: Consumer Services,true,false,0.163201
BAOS,Baosheng Media Group Holdings Limited Ordinary shares,0.2669,-4.61,8906404,731467,China,Consumer Discretionary,Business Services,false,false,0.163174
NXGL,NexGel Inc Common Stock,0.2682,-2.402,2614323,117455,United States,Health Care,Medical/Dental Instruments,true,false,0.163092
PW,Power REIT (MD) Common Stock,6.86,-0.867,2518443,1241,United States,Real Estate,Real Estate Investment Trusts,true,false,0.162929
DXST,Decent Holding Inc Class A Ordinary Shares,2.51,-3.462,4555971,15461,China,Industrials,Miscellaneous,false,false,0.162887
FAMI,Farmmi Inc. Class A Ordinary Shares,0.1323,-7.483,4236111,9795855,China,Consumer Staples,Packaged Foods,false,false,0.162727
DSS,DSS Inc. Common Stock,0.6948,-2.512,6977542,15812,United States,Consumer Discretionary,Containers/Packaging,true,false,0.162576
LNAI,Lunai Bioworks Inc. Common Stock,2.14,-4.036,9702525,52058,United States,Health Care,Biotechnology: Pharmaceutical Preparations,true,false,0.162305
LOBO,LOBO TECHNOLOGIES LTD. Class A Ordinary Shares,0.5777,-6.536,7996488,1137478,China,Consumer Discretionary,Motor Vehicles,false,false,0.162184
RENT,Rent the Runway Inc. Class A Common Stock,1.7,-9.574,57416006,183408,United States,Consumer Discretionary,Other Specialty Stores,true,false,0.161609
AURE,Aurelion Inc. Class A Ordinary Shares,1.12,-5.485,42112000,73107,Hong Kong,Finance,Finance: Consumer Services,false,false,0.161498
TULP,Bloomia Holdings Inc. Common Stock,3.17,-3.939,15314159,2180,United States,Consumer Staples,Farming/Seeds/Milling,true,false,0.161225
NCRA,Nocera Inc. Common Stock,1.84,-11.111,4372112,1592871,Taiwan,Consumer Staples,Farming/Seeds/Milling,false,false,0.161213
CHSN,Chanson International Holding Class A Ordinary Shares,1.07,-2.283,3969472,17255,China,Consumer Staples,Packaged Foods,false,false,0.161155
PIII,P3 Health Partners Inc. Class A Common Stock,7.09,-5.718,51480362,10866,United States,Health Care,Medical/Nursing Services,true,false,0.161144
HUDI,Huadi International Group Co. Ltd. Ordinary Shares,0.735,-3.289,10524599,11969,China,Industrials,Steel/Iron Ore,false,false,0.161097
INEO,INNEOVA Holdings Limited Class A Ordinary Shares,0.5176,-2.652,8369915,10878,Singapore,Consumer Discretionary,Motor Vehicles,false,false,0.160876
ICCM,IceCure Medical Ltd. Ordinary Shares,1.87,-4.103,6407321,85560,Israel,Health Care,Medical/Dental Instruments,false,false,0.160776
FTEK,Fuel Tech Inc. Common Stock,1.65,-6.78,51507702,80332,United States,Industrials,Pollution Control Equipment,true,false,0.160758
LGVN,Longeveron Inc. Class A Common Stock,2.6,-4.412,8289317,62321,United States,Health Care,Biotechnology: Pharmaceutical Preparations,true,false,0.160630
FOFO,Hang Feng Technology Innovation Co. Ltd. Ordinary Shares,1.76,-3.825,13325097,4202,Hong Kong,Consumer Discretionary,Professional Services,false,false,0.160179
XELB,Xcel Brands Inc. Common Stock,0.845,-1.858,5543432,4082,United States,Miscellaneous,Multi-Sector Companies,true,false,0.159399
HOUR,Hour Loop Inc. Common Stock,1.74,-4.918,61247687,12311,United States,Consumer Discretionary,Catalog/Specialty Distribution,true,false,0.159154
FGL,Founder Group Limited Class A Ordinary Shares,4.43,-4.526,3679979,67605,Malaysia,Consumer Discretionary,Engineering & Construction,false,false,0.158701
DRMA,Dermata Therapeutics Inc. Common Stock,1.12,-2.609,4504800,14415,United States,Health Care,Biotechnology: Pharmaceutical Preparations,true,false,0.158405
THH,TryHard Holdings Limited Ordinary Shares,1.54,-2.532,7707123,1990,Japan,Consumer Discretionary,Services-Misc. Amusement & Recreation,false,false,0.158208
CTXR,Citius Pharmaceuticals Inc. Common Stock,0.5686,-4.948,15609531,223146,United States,Health Care,Biotechnology: Pharmaceutical Preparations,true,false,0.158192
GBR,New Concept Energy Inc Common Stock,0.6907,-3.345,3544627,49610,United States,Energy,Oil & Gas Production,true,false,0.158014
STKH,Steakholder Foods Ltd. American Depositary Shares,1.83,-3.684,2037941,28372,Israel,Consumer Staples,Packaged Foods,false,false,0.157507
TOPS,TOP Ships Inc. Common Stock,0.7094,-18.46,3931261,5527120,Greece,Consumer Discretionary,Marine Transportation,false,false,0.157050
KRKR,36Kr Holdings Inc. American Depositary Shares,3.1,-2.208,6118811,974,China,Consumer Discretionary,Business Services,false,false,0.156998
CLIR,ClearSign Technologies Corporation Common Stock (DE),3.54,-5.6,24098391,36859,United States,Industrials,Industrial Machinery/Components,true,false,0.156672
VEEA,Veea Inc. Common Stock,3.22,-10.306,10016480,425335,United States,Technology,EDP Services,true,false,0.156671
ATHE,Alterity Therapeutics Limited American Depositary Shares,3.55,-6.085,64639706,15666,Australia,Health Care,Biotechnology: Pharmaceutical Preparations,false,false,0.156266
ELOG,Eastern International Ltd. Ordinary Shares,0.491,-3.707,6300512,40085,China,Industrials,Integrated Freight & Logistics,false,false,0.155560
MTR,Mesa Royalty Trust Common Stock,2.37,-2.469,4416708,4296,United States,Energy,Oil & Gas Production,true,false,0.155010
ARBK,Argo Blockchain plc American Depositary Shares,2.48,-4.615,33132884,13761,United Kingdom,Finance,Finance: Consumer Services,false,false,0.154625
VEEE,Twin Vee PowerCats Co. Common Stock,12.78,-14.743,7467622,201504,United States,Industrials,Marine Transportation,true,false,0.154384
MTEX,Mannatech Incorporated Common Stock,7.66,-4.25,14781272,7604,United States,Health Care,Medicinal Chemicals and Botanical Products,true,false,0.153785
ERNA,Ernexa Therapeutics Inc. Common Stock,3.65,-3.947,5958300,6244,United States,Health Care,Biotechnology: Pharmaceutical Preparations,true,false,0.153355
AIXI,XIAO-I Corporation American Depositary Shares,1.9,-6.863,249875,591937,China,Technology,Computer Software: Prepackaged Software,false,false,0.152834
CYCU,Cycurion Inc. Common Stock,3.01,-6.811,9722426,144708,United States,Technology,EDP Services,true,false,0.152814
XCUR,Exicure Inc. Common Stock,1.24,-3.876,8117034,9331,United States,Health Care,Biotechnology: Pharmaceutical Preparations,true,false,0.152419
CUPR,Cuprina Holdings (Cayman) Limited Class A Ordinary Shares,1.88,-5.528,13167065,97056,Singapore,Health Care,Industrial Specialties,false,false,0.152406
SEGG,Sports Entertainment Gaming Global Corporation Common Stock,2.87,-4.333,9354728,33159,United States,Technology,Computer Software: Prepackaged Software,true,false,0.152346
ITP,IT Tech Packaging Inc. Common Stock,0.1623,-2.17,2753488,67744,China,Consumer Discretionary,Containers/Packaging,false,false,0.152227
EGG,Enigmatig Limited Class A Ordinary Shares,2.71,-4.912,75460492,838,,Consumer Discretionary,Professional Services,false,false,0.152074
NHTC,Natural Health Trends Corp. Common Stock,1.05,-4.545,9006740,104738,United States,Consumer Discretionary,Consumer Specialties,true,false,0.151440
CSBR,Champions Oncology Inc. Common Stock,5.02,-5.104,69871216,1503,United States,Health Care,Biotechnology: Biological Products (No Diagnostic Substances),true,false,0.150650
SER,Serina Therapeutics Inc. Common Stock,2.19,-5.195,55627036,8951,United States,Health Care,Biotechnology: Pharmaceutical Preparations,true,false,0.149738
YJ,Yunji Inc. American Depository Shares,1.79,-5.291,8816717,102575,China,Consumer Discretionary,Other Specialty Stores,false,false,0.148642
LEDS,SemiLEDS Corporation Common Stock,2.3,-4.167,19028827,11928,Taiwan,Technology,Semiconductors,false,false,0.148323
DARE,Dare Bioscience Inc. Common Stock,0.8074,-5.012,15880818,100045,United States,Health Care,Biotechnology: Pharmaceutical Preparations,true,false,0.148063
LVLU,Lulu's Fashion Lounge Holdings Inc. Common Stock,10.56,-6.466,30323843,11066,United States,Consumer Discretionary,Catalog/Specialty Distribution,true,false,0.147577
SHPH,Shuttle Pharmaceuticals Holdings Inc. Common Stock,3.59,-4.521,3687698,50106,United States,Health Care,Biotechnology: Pharmaceutical Preparations,true,false,0.146946
CLRB,Cellectar Biosciences Inc.  Common Stock,2.09,-6.278,19754906,72948,United States,Health Care,Biotechnology: Pharmaceutical Preparations,true,false,0.146519
SURG,SurgePays Inc. Common Stock,0.1508,-6.568,7978590,2396585,United States,Consumer Discretionary,Advertising,true,false,0.145981
SAGT,SAGTEC GLOBAL LIMITED Class A Ordinary shares,0.611,-4.322,12158900,84898,Malaysia,Technology,Computer Software: Prepackaged Software,false,false,0.145938
DXLG,Destination XL Group Inc. Common Stock,0.5855,-4.205,32468054,15812,United States,Consumer Discretionary,Clothing/Shoe/Accessory Stores,true,false,0.145602
ALLR,Allarity Therapeutics Inc. Common Stock,1.04,-6.306,16547153,167754,United States,Health Care,Biotechnology: Pharmaceutical Preparations,true,false,0.145525
PRZO,ParaZero Technologies Ltd. Ordinary Shares,0.6372,-6.322,16521686,272488,Israel,Industrials,Military/Government/Technical,false,false,0.145133
CCEL,Cryo-Cell International Inc. Common Stock,3.99,-4.087,32169974,1204,United States,Health Care,Misc Health and Biotechnology Services,true,false,0.143533
VVOS,Vivos Therapeutics Inc. Common Stock,0.1489,-4.917,2995574,1544917,United States,Health Care,Medical/Dental Instruments,true,false,0.143094
CNF,CNFinance Holdings Limited American Depositary Shares each representing two hundred (200) Ordinary Shares,1.74,-4.396,30968320,7188,,Finance,Finance: Consumer Services,false,false,0.142722
GVH,Globavend Holdings Limited Ordinary Shares,1.09,-4.386,4691552,100179,Australia,Industrials,Integrated Freight & Logistics,false,false,0.142696
VMAR,Vision Marine Technologies Inc. Common Shares,7.46,-6.866,4871723,60750,Canada,Industrials,Marine Transportation,false,false,0.141762
MBIO,Mustang Bio Inc. Common Stock,0.5114,-3.691,3875137,24102,United States,Health Care,Biotechnology: Pharmaceutical Preparations,true,false,0.141695
PLUT,Plutus Financial Group Limited Ordinary Shares,2.27,-4.219,34844500,1123,Hong Kong,Finance,Investment Bankers/Brokers/Service,false,false,0.141484
VHUB,VenHub Global Inc. Common Stock,0.529,-9.075,51539336,224791,United States,Technology,Industrial Machinery/Components,true,false,0.139979
TRNR,Interactive Strength Inc. Common Stock,2.65,-10.473,4292210,507150,United States,Technology,Consumer Electronics/Appliances,true,false,0.139928
NCT,Intercont (Cayman) Limited Class A Ordinary shares,5.43,-9.5,6646906,150144,China,Consumer Discretionary,Restaurants,false,false,0.139647
SLXN,Silexion Therapeutics Corp Ordinary Shares,0.3153,-19.628,1814826,8352085,Israel,Health Care,Biotechnology: Biological Products (No Diagnostic Substances),false,false,0.138264
ACCL,Acco Group Holdings Limited Class A Ordinary Shares,2.63,-5.396,36557000,9713,Hong Kong,Consumer Discretionary,Professional Services,false,false,0.137821
GWH,ESS Tech Inc. Common Stock,0.3659,-7.297,14736311,536722,United States,Miscellaneous,Industrial Machinery/Components,true,false,0.137525
PAVM,PAVmed Inc. Common Stock,3.9875,-4.662,31883723,2714,United States,Health Care,Medical/Dental Instruments,true,false,0.137508
GNTA,Genenta Science S.p.A. American Depositary Shares,0.6491,-7.798,31297563,174608,Italy,Health Care,Biotechnology: Biological Products (No Diagnostic Substances),false,false,0.136522
LOCL,Local Bounti Corporation Common Stock,1.02,-4.673,23847721,16292,United States,Consumer Staples,Farming/Seeds/Milling,true,false,0.136497
UZX,Linkage Global Inc. Class A Ordinary Shares,1.63,-6.322,4687184,199619,Japan,Consumer Discretionary,Catalog/Specialty Distribution,false,false,0.135911
AQB,AquaBounty Technologies Inc. Common Stock,1.04,-4.587,5353092,79457,United States,Consumer Staples,Meat/Poultry/Fish,true,false,0.135236
REFR,Research Frontiers Incorporated Common Stock,0.7138,-8.417,24888626,229206,United States,Miscellaneous,Multi-Sector Companies,true,false,0.134898
JSPR,Jasper Therapeutics Inc. Common Stock,0.5668,-9.006,18860021,428940,United States,Health Care,Biotechnology: Biological Products (No Diagnostic Substances),true,false,0.134462
PLAG,Planet Green Holdings Corp. Common Stock,0.7178,-5.924,10216242,196275,China,Consumer Staples,Packaged Foods,false,false,0.133682
STAK,STAK Inc. Class A Ordinary Shares,0.94,-10.476,18057728,403003,China,Consumer Discretionary,Oil and Gas Field Machinery,false,false,0.132818
YAAS,Youxin Technology Ltd Class A Ordinary shares,1.31,-5.072,20586174,20150,China,Technology,Computer Software: Prepackaged Software,false,false,0.132331
FBGL,FBS Global Limited Ordinary Shares,0.405,-11.899,5416182,3329313,Singapore,Consumer Discretionary,Homebuilding,false,false,0.132015
YHC,LQR House Inc. Common Stock,1.3,-7.801,1695014,488818,United States,Consumer Staples,Beverages (Production/Distribution),true,false,0.131706
MBAI,MBody AI Ltd. Ordinary Share,5.47,-14.263,83655904,25453,Israel,Health Care,Medical Electronics,false,false,0.131325
FMST,Foremost Clean Energy Ltd. Common Shares,0.7584,-7.467,22816193,135487,Canada,Basic Materials,Other Metals and Minerals,false,false,0.130988
CRIS,Curis Inc. Common Stock,0.9519,-4.81,1989544,144161,United States,Health Care,Biotechnology: Biological Products (No Diagnostic Substances),true,false,0.130139
BIOT,Instinct Bio Technical Company Holdings Inc. Ordinary Shares,0.4112,-5.493,11823583,173022,Japan,Consumer Discretionary,Package Goods/Cosmetics,false,false,0.130056
LVO,LiveOne Inc. Common Stock,2.44,-15.278,33456765,164644,United States,Consumer Discretionary,Restaurants,true,false,0.129766
CIRC,Circle8 Group Inc. Common Stock,0.34,-14.163,38898354,990259,United States,Industrials,Biotechnology: Laboratory Analytical Instruments,true,false,0.128435
MCHX,Marchex Inc. Class B Common Stock,1.33,-6.338,58969394,9059,United States,Technology,Computer Software: Prepackaged Software,true,false,0.128268
LESL,Leslie's Inc. Common Stock,0.4185,-5.274,3919451,324688,United States,Consumer Discretionary,Other Specialty Stores,true,false,0.127777
INHD,Inno Holdings Inc. Common Stock,3.15,-5.689,7939830,32678,United States,Industrials,Steel/Iron Ore,true,false,0.126774
EPSM,Epsium Enterprise Limited Class A Ordinary Shares,1.43,-11.18,19216389,255219,Macau,Consumer Staples,Beverages (Production/Distribution),false,false,0.126554
BMRA,Biomerica Inc. Common Stock,2.605,-6.295,11954262,37583,United States,Health Care,Biotechnology: In Vitro & In Vivo Diagnostic Substances,true,false,0.125841
TVRD,Tvardi Therapeutics Inc. Common Stock,1.32,-15.924,17607405,412753,United States,Health Care,Biotechnology: Pharmaceutical Preparations,true,false,0.125357
AIOS,AIOS Tech Inc. Class A Common Shares,13.2,-8.903,42890166,5429,China,Industrials,Metal Fabrications,false,false,0.125229
BNKK,Bonk Inc. Common Stock,1.43,-5.921,11441344,57216,United States,Consumer Discretionary,Package Goods/Cosmetics,true,false,0.125036
BEAT,Heartbeam Inc. Common Stock,0.3889,-10.33,21914193,599209,United States,Health Care,Medical/Dental Instruments,true,false,0.124989
WVVI,Willamette Valley Vineyards Inc. Common Stock,1.89,-4.061,9411310,7178,United States,Consumer Staples,Beverages (Production/Distribution),true,false,0.124973
RPGL,Republic Power Group Limited Class A Ordinary Shares,1.0037,-29.565,16207636,578552,Singapore,Technology,Computer Software: Prepackaged Software,false,false,0.124319
HUBC,Hub Cyber Security Ltd. Ordinary Shares,3.21,-24.292,4291918,435535,Israel,Telecommunications,Computer Communications Equipment,false,false,0.124244
SOWG,Sow Good Inc. Common Stock,2.5,-7.407,50249733,10119,United States,Consumer Staples,Packaged Foods,true,false,0.122937
IMRN,Immuron Limited American Depositary Shares,1.17,-6.773,9443306,111536,Australia,Health Care,Biotechnology: Pharmaceutical Preparations,false,false,0.122308
ACTU,Actuate Therapeutics Inc. Common stock,0.7316,-9.388,17568790,223256,United States,Health Care,Biotechnology: Pharmaceutical Preparations,true,false,0.119995
HLSQ,Tessera Defense and Homeland Security Inc. Common Stock,0.55,-17.665,1573000,2930880,,Health Care,Biotechnology: Biological Products (No Diagnostic Substances),false,false,0.119914
REVB,Revelation Biosciences Inc. Common Stock,0.9343,-4.663,3721706,58719,United States,Health Care,Biotechnology: Pharmaceutical Preparations,true,false,0.119683
DTST,Data Storage Corporation Common Stock,2.8,-4.11,6545666,5748,United States,Technology,EDP Services,true,false,0.119523
YMT,Yimutian Inc. American Depositary Shares,1.84,-9.36,876891,382018,China,Technology,EDP Services,false,false,0.119111
SPPL,SIMPPLE LTD. Ordinary Shares,2.17,-7.265,21236019,26168,Singapore,Consumer Discretionary,Diversified Commercial Services,false,false,0.118950
CABR,Caring Brands Inc. Common Stock,1.25,-4.58,12960283,6903,United States,Consumer Discretionary,Package Goods/Cosmetics,true,false,0.118648
THCH,TH International Limited Ordinary shares,1.29,-5.839,42884221,3168,China,Consumer Discretionary,Restaurants,false,false,0.118400
DETX,Liberty Defense Holdings Ltd. Common Shares,2.05,-5.093,11648065,11988,United States,Industrials,Industrial Machinery/Components,true,false,0.118255
FOXX,Foxx Development Holdings Inc. Common Stock,2.47,-6.084,17391744,15451,United States,Telecommunications,Computer Communications Equipment,true,false,0.117302
BRFH,Barfresh Food Group Inc. Common Stock,1.04,-5.455,16960499,15983,United States,Consumer Staples,Packaged Foods,true,false,0.115544
NCEL,NewcelX Ltd. Ordinary Shares,2.86,-5.788,16519726,9282,Switzerland,Health Care,Biotechnology: Pharmaceutical Preparations,false,false,0.114477
AMSS,AMASS Brands Inc. Common Stock,0.7259,-7.564,8424128,175342,United States,Consumer Staples,Beverages (Production/Distribution),true,false,0.113853
SCKT,Socket Mobile Inc. Common Stock,0.5135,-4.251,4257778,42423,United States,Technology,Computer Manufacturing,true,false,0.113471
MRNO,Murano Global Investments PLC Ordinary Shares,0.2496,-20.812,19779021,1325247,Mexico,Consumer Discretionary,Hotels/Resorts,false,false,0.113286
LGHL,Lion Group Holding Ltd. American Depositary Share,7.15,-7.861,329930,47758,China,Finance,Investment Bankers/Brokers/Service,false,false,0.112405
FTHM,Fathom Holdings Inc. Common Stock,0.5279,-5.564,18058001,24423,United States,Finance,Real Estate,true,false,0.111772
JTAI,Jet.AI Inc. Common Stock,1.62,-10,5763184,225375,United States,Consumer Discretionary,Transportation Services,true,false,0.111551
SSM,Sono Group N.V. Ordinary Shares,1.17,-7.874,1667056,268589,Germany,Technology,Semiconductors,false,false,0.111521
ALAR,Alarum Technologies Ltd. American Depositary Share,1.81,-10.396,13123353,121289,Israel,Technology,Computer Software: Prepackaged Software,false,false,0.111314
SGRX,SANGRIX INC. Class A Ordinary Shares,1.59,-5.917,3131737,74444,United States,Finance,Finance: Consumer Services,true,false,0.110987
NEON,Neonode Inc. Common Stock,0.8816,-6.113,14795824,36621,Sweden,Technology,Industrial Machinery/Components,false,false,0.109866
OLOX,Olenox Industries Inc. Common Stock,0.8354,-9.196,1386218,521706,United States,Consumer Discretionary,RETAIL: Building Materials,true,false,0.109247
HCWB,HCW Biologics Inc. Common Stock,1.66,-8.287,3048298,161360,United States,Health Care,Biotechnology: Pharmaceutical Preparations,true,false,0.108477
FLUX,Flux Power Holdings Inc. Common Stock,0.5013,-6.159,10838929,86661,United States,Miscellaneous,Industrial Machinery/Components,true,false,0.107650
WAVE,Eco Wave Power Global AB (publ) American Depositary Shares,5.75,-11.674,35878068,19400,Israel,Utilities,Electric Utilities: Central,false,false,0.107483
SYNX,Silynxcom Ltd. Ordinary Shares,0.94,-4.131,6236374,2448,,Consumer Staples,Consumer Electronics/Appliances,false,false,0.107479
XAIR,Beyond Air Inc. Common Stock,3.01,-5.938,2882469,36664,United States,Health Care,Medical/Dental Instruments,true,false,0.107476
PMCB,PharmaCyte  Biotech Inc. Common Stock,0.4285,-6.543,4600226,241275,United States,Health Care,Biotechnology: Biological Products (No Diagnostic Substances),true,false,0.107227
AEI,Alset Inc. Common Stock (TX),0.7736,-6.446,30089814,11354,United States,Finance,Real Estate,true,false,0.106506
KALA,KALA BIO Inc. Common Stock,0.56,-6.511,10830280,83184,United States,Health Care,Biotechnology: Pharmaceutical Preparations,true,false,0.106369
MDBH,MDB Capital Holdings LLC Class A common,2.5,-5.123,13596580,1658,United States,Finance,Finance: Consumer Services,true,false,0.105949
NXTT,Next Technology Holding Inc. Ordinary Shares,5.7,-8.8,8395883,24580,China,Technology,EDP Services,false,false,0.105398
TRIB,Trinity Biotech plc American Depositary Shares,7.01,-5.27,5700055,3881,Ireland,Health Care,Biotechnology: In Vitro & In Vivo Diagnostic Substances,false,false,0.102883
YCBD,cbdMD Inc. Common Stock,0.4574,-8.52,5125188,371594,United States,Consumer Discretionary,Package Goods/Cosmetics,true,false,0.102835
GP,GreenPower Motor Company Inc. Common Shares,0.7392,-6.371,6498901,78797,Canada,Consumer Discretionary,Construction/Ag Equipment/Trucks,false,false,0.102411
EBON,Ebang International Holdings Inc. Class A Ordinary Shares,2.01,-6.944,13153315,16486,China,Finance,Investment Bankers/Brokers/Service,false,false,0.100763
STFS,Star Fashion Culture Holdings Limited Class A Ordinary Shares,3.41,-6.831,10890776,11763,China,Consumer Discretionary,Advertising,false,false,0.100722
KMRK,K-Tech Solutions Company Limited Class A Ordinary Shares,0.952,-6.012,20087200,5480,Hong Kong,Consumer Discretionary,Recreational Games/Products/Toys,false,false,0.099772
XPON,Expion Energy Inc. Common Stock,4.71,-11.132,4768866,76247,United States,Miscellaneous,Industrial Machinery/Components,true,false,0.099183
KITT,Nauticus Robotics Inc. Common stock,0.5236,-16.344,3912318,1173598,United States,Industrials,Industrial Machinery/Components,true,false,0.098658
MRM,MEDIROM Healthcare Technologies Inc. American Depositary Share,0.735,-4.558,5807933,3349,Japan,Consumer Discretionary,Other Consumer Services,false,false,0.098294
RECT,Rectitude Holdings Ltd Ordinary Shares,1.27,-5.926,19663093,1593,Singapore,Consumer Discretionary,Industrial Machinery/Components,false,false,0.097803
CTSO,Cytosorbents Corporation Common Stock,4.91,-7.707,15471906,6132,United States,Health Care,Medical/Dental Instruments,true,false,0.096050
TCRT,Alaunos Therapeutics Inc. Common Stock,1.15,-9.449,2928666,207567,United States,Health Care,Biotechnology: Pharmaceutical Preparations,true,false,0.095513
ILLR,Triller Group Inc. Common Stock,0.385,-10.465,7887642,454309,United States,Finance,Investment Managers,true,false,0.095073
VGAS,Verde Clean Fuels Inc. Class A Common Stock,1.1,-10.569,49004583,21248,United States,Industrials,Major Chemicals,true,false,0.094903
INTJ,Intelligent Group Limited Class A Ordinary Shares,2.62,-4.727,4028245,3160,Hong Kong,Consumer Discretionary,Professional Services,false,false,0.094446
WBUY,WEBUY GLOBAL LTD. Class A Ordinary Shares,0.804,-6.512,4406808,56719,Singapore,Consumer Discretionary,Other Specialty Stores,false,false,0.090054
SHFS,SHF Holdings Inc. Class A Common Stock,0.1658,-6.062,2044804,315972,United States,Finance,Finance: Consumer Services,true,false,0.088383
NAMI,Jinxin Technology Holding Company American Depositary Shares,1.61,-9.04,5092198,63086,China,Real Estate,Other Consumer Services,false,false,0.087536
LABT,Lakewood-Amedex Biotherapeutics Inc. Common Stock,1.78,-10.553,4218045,111110,United States,Health Care,Biotechnology: Pharmaceutical Preparations,true,false,0.087104
JZ,Jianzhi Education Technology Group Company Limited American Depositary Shs,0.4936,-10.255,1188743,509712,China,Real Estate,Other Consumer Services,false,false,0.085419
EVGN,Evogene Ltd Ordinary Shares,0.4523,-8.349,7146976,114929,Israel,Industrials,Agricultural Chemicals,false,false,0.085261
NIVF,NewGenIvf Group Limited Class A Ordinary Shares,0.5898,-27.516,1425800,802946,Singapore,Health Care,Misc Health and Biotechnology Services,false,false,0.084142
FEBO,Fenbo Holdings Limited Class A Ordinary Shares,0.6513,-6.503,7205006,27835,Hong Kong,Consumer Discretionary,Home Furnishings,false,false,0.083891
XRTX,XORTX Therapeutics Inc. Common Shares,1.7,-8.602,3088161,59426,Canada,Health Care,Biotechnology: Pharmaceutical Preparations,false,false,0.083370
ARBB,ARB IOT Group Limited Ordinary Shares,4.2,-7.895,7414075,7068,Malaysia,Technology,EDP Services,false,false,0.079305
JBDI,JBDI Holdings Limited Ordinary Shares,1.11,-6.723,10561131,2580,Singapore,Uncategorized,Uncategorized,false,false,0.077356
AMOD,Alpha Modus Holdings Inc. Class A Common Stock,1.66,-12.632,8277198,91775,United States,Miscellaneous,Multi-Sector Companies,true,false,0.076322
UK,Ucommune International Ltd Class A Ordinary Shares,1.97,-6.002,1335563,13762,United States,Consumer Discretionary,Business Services,true,false,0.075248
PMAX,Powell Max Limited Class A Ordinary Shares,0.9135,-8.421,1792255,66245,Hong Kong,Consumer Discretionary,Other Consumer Services,false,false,0.070854
OGEN,Oragenics Inc. Common Stock,0.486,-6.538,2192811,41073,United States,Health Care,Biotechnology: Pharmaceutical Preparations,true,false,0.069076
AIDX,20/20 Biolabs Inc. Common Stock,0.4266,-9.33,5447811,77713,United States,Health Care,Precision Instruments,true,false,0.064141
SVRE,SaverOne 2014 Ltd. American Depositary Shares,2.19,-21.786,5474639,48614,Israel,Technology,EDP Services,false,false,0.061057
XTLB,XTL Biopharmaceuticals Ltd. American Depositary Shares,2.2001,-7.497,5406664,2549,Israel,Health Care,Biotechnology: Pharmaceutical Preparations,false,false,0.060859
SONM,DNA X Inc. Common Stock,3.6101,-17.765,5372796,24525,United States,Utilities,Telecommunications Equipment,true,false,0.056956
GITS,Global Interactive Technologies Inc. Common Stock,2.01,-12.609,8448239,24004,South Korea,Technology,Computer Software: Programming Data Processing,false,false,0.053031