code,name,market,close,pct,volume,amount,market_cap,r1w,r1m,r3m,r6m,sector_derived,industry_source,level1_score
222800,심텍,KOSDAQ GLOBAL,149500,0.95,584741,86694553100,5753436637000,14.3841,42.1103,27.0178,163.2042,Technology,전자부품 제조업,0.936787
000500,가온전선,KOSPI,318500,-0.93,154317,48994969750,9484167829500,27.6553,102.2222,2.2472,178.4091,Other,절연선 및 케이블 제조업,0.934960
036540,SFA반도체,KOSDAQ,10570,-0.47,6183347,64581612360,1738345402710,18.4978,96.1039,71.8699,54.9853,Technology,반도체 제조업,0.928749
010170,대한광통신,KOSDAQ,17700,-0.62,8890968,158123523360,2752096182000,9.9379,34.6008,23.1733,114.5455,Other,절연선 및 케이블 제조업,0.910081
098120,마이크로컨텍솔,KOSDAQ,58000,1.93,260298,15588447250,482140428000,16.0000,49.2921,136.7347,122.2222,Technology,전자부품 제조업,0.907896
009150,삼성전기,KOSPI,1507000,1.41,496091,743457672000,112563399872000,9.1238,14.3399,-23.2688,244.8513,Technology,전자부품 제조업,0.884458
001820,삼화콘덴서,KOSPI,146900,-0.34,618327,92014605700,1527025500000,2.0848,58.9827,8.0147,170.0368,Technology,전자부품 제조업,0.883218
067310,하나마이크론,KOSDAQ,46200,1.2,1706121,78283234600,3071878147800,32.1888,33.9130,-4.2487,41.5008,Technology,반도체 제조업,0.882900
064290,인텍플러스,KOSDAQ,54800,-1.44,267896,14628092200,710075274400,8.0868,67.5841,33.8217,226.7740,Industrials,특수 목적용 기계 제조업,0.875678
010950,S-Oil,KOSPI,155600,0.84,376025,58872144050,17517882435200,7.9806,10.1983,45.0140,43.5424,Energy,석유 정제품 제조업,0.872798
000990,DB하이텍,KOSPI,132000,0.99,413298,54022998350,5742605616000,5.6000,51.5499,-13.3858,58.2734,Technology,반도체 제조업,0.866737
003490,대한항공,KOSPI,31500,0.32,4154511,130982068100,11598949183500,8.4337,21.1538,15.1737,26.7606,Industrials,항공 여객 운송업,0.864560
036930,주성엔지니어링,KOSDAQ GLOBAL,209500,2.95,873557,180622863750,9737794849500,3.7129,26.2048,14.8575,170.6718,Industrials,특수 목적용 기계 제조업,0.863113
192650,드림텍,KOSPI,8450,-0.94,836268,7092574680,556743705050,18.8467,79.0254,88.1960,18.6798,Technology,전자부품 제조업,0.863047
119850,지엔씨에너지,KOSDAQ,56100,2.19,445029,24956907000,922783794900,18.4794,14.4898,181.6265,68.4685,Utilities,전동기  발전기 및 전기 변환 · 공급 · 제어 장치 제조업,0.861301
131290,티에스이,KOSDAQ,289000,2.85,72302,20758374500,3196752981000,18.9300,17.7189,15.8317,149.5682,Technology,측정  시험  항해  제어 및 기타 정밀기기 제조업; 광학기기 제외,0.861172
161890,한국콜마,KOSPI,147000,0.62,274025,40522592900,3469946319000,-2.0000,2.5820,70.1389,87.9795,Materials,기타 화학제품 제조업,0.861115
066570,LG전자,KOSPI,209000,-3.46,546536,114955326500,34042889342000,4.5000,4.6046,2.2005,82.8521,Technology,통신 및 방송 장비 제조업,0.859551
000660,SK하이닉스,KOSPI,1862000,1.2,2947714,5480333530143,1360176783630000,5.8556,11.4303,-27.8295,88.8438,Technology,반도체 제조업,0.859517
144960,뉴파워프라즈마,KOSDAQ,12790,4.66,1440331,18253979650,558828660960,39.0217,33.3681,76.4138,135.9779,Industrials,특수 목적용 기계 제조업,0.858977
078930,GS,KOSPI,110700,0.09,342032,37659704500,10283531296500,-1.1607,-3.4031,67.4735,63.5155,Financials,기타 금융업,0.852750
000150,두산,KOSPI,1512000,2.65,79240,118116220500,24485078520000,9.0123,39.3548,-2.1359,31.3640,Technology,전자부품 제조업,0.847970
043260,성호전자,KOSDAQ,26200,-2.78,2792564,72759502025,1976838417600,41.1638,46.0424,-12.8120,-39.7701,Technology,전자부품 제조업,0.847265
950260,인제니아테라퓨틱스(Reg.S),KOSDAQ,24400,4.05,3339114,79268095725,1206448410800,55.5131,61.0561,,,Healthcare,자연과학 및 공학 연구개발업,0.844281
232140,와이씨,KOSDAQ,14250,-0.42,1780267,25395537070,1169146237500,19.8486,44.9644,9.8689,-29.4554,Industrials,특수 목적용 기계 제조업,0.843963
456010,아이씨티케이,KOSDAQ,22600,1.57,1492535,35347643925,327753110000,22.0302,39.3342,16.4948,63.0592,Technology,반도체 제조업,0.841863
437730,삼현,KOSDAQ,51900,-3.71,403680,21317535800,1645622727300,4.8485,61.4308,32.3980,0.5814,Industrials,자동차 신품 부품 제조업,0.840827
006340,대원전선,KOSPI,13490,-1.24,1548933,21037840590,1057810471840,5.8870,4.7360,20.6619,146.1679,Other,절연선 및 케이블 제조업,0.837749
001440,대한전선,KOSPI,30950,-2.06,3032595,94512213125,6065970846200,10.9319,15.9176,-9.3704,6.9085,Other,절연선 및 케이블 제조업,0.836342
028050,삼성E&A,KOSPI,49350,-3.61,2237039,110184302725,9672600000000,-2.2772,10.1563,12.2867,46.0059,Other,건축기술  엔지니어링 및 관련 기술 서비스업,0.834550
017900,광전자,KOSPI,9880,-3.14,3000362,30374224915,572484378440,-5.5449,31.0345,33.1536,277.8203,Technology,반도체 제조업,0.834541
024840,KBI메탈,KOSDAQ,6350,-1.24,2032142,12968095335,276011430450,12.7886,22.1154,56.7901,203.8278,Materials,1차 비철금속 제조업,0.833950
059090,미코,KOSDAQ,22550,-0.22,359915,8063434975,753548343900,13.9464,30.3468,22.6210,59.1390,Technology,반도체 제조업,0.832650
062040,산일전기,KOSPI,205500,0.24,124718,25446226750,6297105675000,4.6867,24.4700,-7.8475,34.4895,Utilities,전동기  발전기 및 전기 변환 · 공급 · 제어 장치 제조업,0.830113
425420,티에프이,KOSDAQ,64300,-0.16,67134,4342503050,793923738300,14.4128,53.0952,48.1567,5.2373,Technology,전자부품 제조업,0.830088
105560,KB금융,KOSPI,173200,-1.42,679189,118050253200,61431915528800,-1.9808,6.1925,14.0975,17.9033,Financials,기타 금융업,0.828738
402340,SK스퀘어,KOSPI,1190000,5.03,963292,1132505220813,156989557620000,16.6667,10.5948,-33.8521,100.0000,Financials,기타 금융업,0.827868
005930,삼성전자,KOSPI,285500,3.25,20864376,5926486634990,1669112542584000,12.6233,11.0895,-16.1527,50.5008,Technology,통신 및 방송 장비 제조업,0.827747
077360,덕산하이메탈,KOSDAQ,13140,1.62,713342,9385748275,597042206280,23.2645,39.0476,13.2759,17.5313,Technology,반도체 제조업,0.827513
055550,신한지주,KOSPI,109300,-3.45,895919,98782914050,51310911122700,-2.4978,5.8083,14.2111,21.4444,Financials,기타 금융업,0.826925
042700,한미반도체,KOSPI,243500,1.46,369301,89109822750,23208520700000,7.7434,16.5072,-9.8148,-17.8752,Industrials,특수 목적용 기계 제조업,0.826662
096770,SK이노베이션,KOSPI,149200,5.82,999300,148676435650,25222675969600,9.4644,14.6810,51.6260,35.5132,Energy,석유 정제품 제조업,0.826626
192820,코스맥스,KOSPI,272000,0.74,67379,18282589500,3087066448000,-3.0303,-4.8951,79.3013,40.5685,Materials,기타 화학제품 제조업,0.826393
086790,하나금융지주,KOSPI,133100,-2.13,648296,86391731820,36066095021000,-2.6335,3.4188,16.5499,24.9765,Financials,기타 금융업,0.825356
108490,로보티즈,KOSDAQ,301000,0.33,212086,64227738500,4414775428000,-2.5890,21.6162,17.8082,16.2162,Industrials,특수 목적용 기계 제조업,0.825346
252990,샘씨엔에스,KOSDAQ,17930,3.22,637243,11511043865,1079706749770,8.0120,34.5086,45.5357,78.2306,Technology,전자부품 제조업,0.824140
039030,이오테크닉스,KOSDAQ,481500,1.69,71864,34260840000,5931863325000,2.8846,24.0979,-1.0277,13.6954,Industrials,특수 목적용 기계 제조업,0.823766
031980,피에스케이홀딩스,KOSDAQ,163200,3.16,98410,15858437050,3518982864000,-2.1583,48.0944,32.7909,60.7882,Industrials,특수 목적용 기계 제조업,0.822790
316140,우리금융지주,KOSPI,35350,-1.12,1398444,49731421325,26045404789950,-2.6171,10.6416,20.8547,9.4427,Financials,기타 금융업,0.822776
058470,리노공업,KOSDAQ GLOBAL,74300,-0.93,1493192,110177330800,5662540455000,12.7466,15.0155,-12.7934,-30.7549,Technology,전자부품 제조업,0.822148
034730,SK,KOSPI,611000,3.91,129962,78403933000,44299151533000,10.8893,11.2933,-14.1854,77.8748,Financials,기타 금융업,0.821714
000880,한화,KOSPI,130000,-1.74,61735,8086377750,6932756610000,-5.5919,55.1313,25.2408,13.4380,Materials,기타 화학제품 제조업,0.820809
006400,삼성SDI,KOSPI,521000,-1.51,376430,195422763000,41985061130000,-4.2279,1.1650,6.5440,31.0692,Other,일차전지 및 이차전지 제조업,0.820418
095340,ISC,KOSDAQ,212500,2.16,117738,24686123500,4504374825000,10.7348,37.8080,11.5486,-10.9015,Industrials,기계장비 및 관련 물품 도매업,0.819667
443060,HD현대마린솔루션,KOSPI,239000,-1.65,57461,13867663450,10715196940000,1.0571,15.7385,9.1324,32.9255,Other,건축기술  엔지니어링 및 관련 기술 서비스업,0.818936
138040,메리츠금융지주,KOSPI,125600,-2.56,148894,18766875350,21018817488800,0.4800,8.8388,21.3527,18.3789,Financials,기타 금융업,0.818838
028260,삼성물산,KOSPI,367000,0,275715,102096058500,59515502227000,3.8190,0.6859,-23.7799,30.3730,Other,기타 전문 도매업,0.817743
240810,원익IPS,KOSDAQ GLOBAL,133700,2.61,2584001,353053961450,6562517563700,11.9765,25.6579,-11.2218,-0.7424,Industrials,특수 목적용 기계 제조업,0.817290
180640,한진칼,KOSPI,140100,-2.37,70054,9869157150,9353394727500,3.3186,15.3086,22.8947,15.4988,Financials,기타 금융업,0.816164
003160,디아이,KOSPI,36750,5.6,774795,28182485225,1040025000000,17.0382,61.5385,54.0881,3.2303,Technology,측정  시험  항해  제어 및 기타 정밀기기 제조업; 광학기기 제외,0.815983
131970,두산테스나,KOSDAQ GLOBAL,93700,0.32,200835,18652896000,1810962200600,19.3631,24.7670,-21.6555,-10.0768,Other,그외 기타 전문  과학 및 기술 서비스업,0.815817
004710,한솔테크닉스,KOSPI,9900,0.92,473104,4753237480,525130818300,11.1111,46.0177,-15.8879,105.6075,Technology,전자부품 제조업,0.815414
018260,삼성에스디에스,KOSPI,220500,-2.43,94796,20918339250,17061804900000,1.3793,-3.2895,16.1749,40.3565,Technology,컴퓨터 프로그래밍  시스템 통합 및 관리업,0.814707
007810,코리아써키트,KOSPI,65100,-0.76,694870,44522468150,1561268562000,27.8978,17.7215,-33.9086,-0.1534,Technology,전자부품 제조업,0.814516
403870,HPSP,KOSDAQ GLOBAL,55500,2.21,1404443,77548253400,4567650000000,3.9326,26.2799,9.6838,13.8462,Industrials,특수 목적용 기계 제조업,0.814013
006260,LS,KOSPI,321500,-1.53,71796,23411934750,10030800000000,5.9308,11.4385,-9.0523,16.2749,Financials,기타 금융업,0.813301
011070,LG이노텍,KOSPI,535000,-1.29,111592,59594106720,12661902245000,3.8835,-6.1404,-44.0961,83.2192,Technology,전자부품 제조업,0.812542
032830,삼성생명,KOSPI,294500,1.2,223073,65745880000,58900000000000,3.8801,3.1524,-31.9861,32.6577,Financials,보험업,0.812244
000810,삼성화재,KOSPI,648000,-1.07,60134,38949167000,28931562504000,-1.9667,1.8868,1.8868,34.8595,Financials,보험업,0.812050
298040,효성중공업,KOSPI,2896000,-0.17,27462,78971822000,27003891008000,3.2074,3.7249,-13.6296,7.2195,Utilities,전동기  발전기 및 전기 변환 · 공급 · 제어 장치 제조업,0.811822
090430,아모레퍼시픽,KOSPI,142500,0.35,145314,20745686600,8335218157500,-1.4523,1.8585,45.4082,5.0111,Materials,기타 화학제품 제조업,0.811663
005830,DB손해보험,KOSPI,184600,-0.7,164514,30306492000,12091364425400,-1.2834,2.2715,34.4501,0.4899,Financials,보험업,0.811482
033780,KT&G,KOSPI,174300,-1.69,266604,46655668650,18094162480800,1.3372,0.6351,3.3808,10.5964,Other,담배 제조업,0.809150
033640,네패스,KOSDAQ,27600,0.36,175288,4802065350,636433975200,12.1951,43.9750,-2.1277,49.6746,Technology,반도체 제조업,0.808682
001450,현대해상,KOSPI,47550,-0.52,316354,15030136900,4053554287500,-1.9588,-6.0277,35.2774,54.6341,Financials,보험업,0.807958
052710,아모텍,KOSDAQ,18920,-2.22,738450,14027543800,353440736000,18.2500,68.0284,-20.6709,43.2248,Technology,전자부품 제조업,0.806927
095610,테스,KOSDAQ GLOBAL,161900,8.95,358301,56509219850,3134384000000,19.3073,21.3643,-0.3692,156.9841,Industrials,특수 목적용 기계 제조업,0.806614
417840,저스템,KOSDAQ,17080,7.56,1983085,33170428755,391929311480,17.5499,48.0069,39.2013,152.6627,Industrials,특수 목적용 기계 제조업,0.806402
078350,한양디지텍,KOSDAQ,27650,-2.47,367261,9990468800,421507162300,55.2499,31.6667,17.9104,5.3333,Technology,반도체 제조업,0.805541
046970,우리로,KOSDAQ,7910,3.94,11635487,95135681205,346655742090,9.2541,84.8131,30.7438,72.8962,Other,기타 전문 도매업,0.805107
278470,에이피알,KOSPI,368500,1.94,186907,68566674500,13795960117500,4.3909,-10.0122,-0.6739,10.8271,Materials,기타 화학제품 제조업,0.804370
281820,케이씨텍,KOSPI,86800,7.69,298491,25587113350,1718523774800,23.1206,33.5385,6.5031,87.0690,Technology,측정  시험  항해  제어 및 기타 정밀기기 제조업; 광학기기 제외,0.803668
003550,LG,KOSPI,111900,-3.95,141632,16049782450,16918385247600,-0.2674,-1.4097,12.8024,27.8857,Financials,기타 금융업,0.802966
160190,하이젠알앤엠,KOSDAQ,29400,2.08,187457,5506787800,908107200000,22.7557,60.4803,28.3843,-23.8342,Utilities,전동기  발전기 및 전기 변환 · 공급 · 제어 장치 제조업,0.801754
016360,삼성증권,KOSPI,91100,0.44,454710,41672157554,8135230000000,6.4252,5.1963,-15.2558,-3.6998,Financials,금융 지원 서비스업,0.801643
002990,금호건설,KOSPI,13010,-1.66,839324,10987165505,484752261740,-4.5488,-12.4495,168.5243,161.7706,Industrials,건물 건설업,0.800150
058610,에스피지,KOSDAQ,100700,1.92,359173,36610953750,2233260152000,2.5458,7.1277,25.5611,-11.5114,Utilities,전동기  발전기 및 전기 변환 · 공급 · 제어 장치 제조업,0.800007
353200,대덕전자,KOSPI,119400,6.32,1578412,184015317200,5900380845000,17.4041,14.1491,-13.5409,53.8660,Technology,전자부품 제조업,0.799986
030530,원익홀딩스,KOSDAQ,28300,6.79,6640185,192893126575,2185834862300,11.8577,47.0130,30.4147,-13.9818,Materials,기초 화학물질 제조업,0.799922
003670,포스코퓨처엠,KOSPI,179900,-2.33,555377,103101673800,16001424978000,-4.4102,5.2662,1.0107,-8.4012,Other,일차전지 및 이차전지 제조업,0.798200
181710,NHN,KOSPI,56000,-2.1,156849,8738469750,1810422040000,4.8689,-20.0000,58.4158,52.1739,Technology,소프트웨어 개발 및 공급업,0.797955
021240,코웨이,KOSPI,99800,0,236952,23512651150,7062589114800,-7.0764,2.3590,15.6431,38.0360,Other,그외 기타 개인 서비스업,0.797190
080220,제주반도체,KOSDAQ,77600,2.65,912548,70673564200,2672763840800,8.5315,6.5934,-31.2666,83.2349,Technology,반도체 제조업,0.797137
229640,LS에코에너지,KOSPI,64000,7.56,634008,40717518950,1959992256000,13.0742,49.1841,17.4312,42.3804,Financials,기타 금융업,0.796665
079550,LIG디펜스앤에어로스페이스,KOSPI,692000,-1.7,65278,45349505500,15224000000000,3.9039,-3.4868,-16.0194,7.9563,Other,무기 및 총포탄 제조업,0.796416
218410,RFHIC,KOSDAQ,58600,-0.68,310613,18248395700,1557320901200,11.1954,26.8398,-13.9501,-23.2984,Technology,통신 및 방송 장비 제조업,0.795550
420770,기가비스,KOSDAQ,123100,3.01,107431,13070939500,1560385809800,16.3516,17.6864,-20.9884,75.8571,Industrials,특수 목적용 기계 제조업,0.795290
096530,씨젠,KOSDAQ GLOBAL,34000,-0.58,164325,5598570650,1588969668000,4.7766,5.7543,26.1596,52.8090,Healthcare,의료용품 및 기타 의약 관련제품 제조업,0.794625
475150,SK이터닉스,KOSPI,50800,0.59,543094,27694269350,1730603803200,4.0984,-4.5113,34.5695,-1.9305,Industrials,건물 건설업,0.793796
140410,메지온,KOSDAQ,82200,4.31,132585,10914246150,2517101602800,14.0083,27.0479,38.1513,-5.8419,Healthcare,자연과학 및 공학 연구개발업,0.793093
069540,빛과전자,KOSDAQ,4020,2.29,11362764,46349179042,453021425940,-8.8435,43.3155,56.7251,53.4351,Technology,통신 및 방송 장비 제조업,0.792944
010120,LS ELECTRIC,KOSPI,205500,-3.07,332290,68660996750,30825000000000,3.0592,6.8643,-8.4633,-74.7232,Utilities,전동기  발전기 및 전기 변환 · 공급 · 제어 장치 제조업,0.792753
024110,기업은행,KOSPI,20400,2,1485880,30601138000,16267487727600,0.9901,0.9901,1.2407,-11.8790,Financials,은행 및 저축기관,0.792653
241710,코스메카코리아,KOSDAQ GLOBAL,127300,-0.08,63756,8073909650,1359564000000,-6.6716,-9.0714,90.8546,57.9404,Materials,기타 화학제품 제조업,0.792650
088350,한화생명,KOSPI,5640,-0.18,2075772,11673718590,4898509200000,-3.4247,7.6336,21.0300,16.4087,Financials,보험업,0.792175
068270,셀트리온,KOSPI,177400,-0.62,294934,52420836400,41266287022400,0.1129,-8.5567,2.7215,-11.1222,Healthcare,기초 의약물질 제조업,0.791840
356860,티엘비,KOSDAQ,44600,0.22,581725,25720176075,1057076196000,17.0604,32.1481,-42.8205,-39.8111,Technology,전자부품 제조업,0.791207
007660,이수페타시스,KOSPI,118900,5.31,929301,109461510850,8728356139100,10.5019,18.1909,10.8108,-1.0815,Technology,전자부품 제조업,0.791095
204270,제이앤티씨,KOSDAQ,23800,-4.99,1055612,25593965575,1376793490800,10.4408,28.1637,6.0134,39.1813,Technology,전자부품 제조업,0.790977
089860,롯데렌탈,KOSPI,49650,0,25994,1289523325,1802761114200,3.1153,7.4675,79.5660,56.8720,Industrials,운송장비 임대업,0.790172
373220,LG에너지솔루션,KOSPI,351500,0.29,222728,78686281500,82251000000000,-4.2234,-2.9006,-3.8304,-10.4459,Other,일차전지 및 이차전지 제조업,0.789692
098460,고영,KOSDAQ,29150,0.87,725651,21166620900,1988152808950,6.7766,6.9725,-6.1192,5.6159,Industrials,특수 목적용 기계 제조업,0.789538
086280,현대글로비스,KOSPI,196900,-3,218216,43092461950,14767500000000,-1.7955,-0.9557,4.1248,-11.7040,Industrials,기타 운송관련 서비스업,0.789406
010580,에스엠벡셀,KOSPI,2765,2.03,2953642,8171868886,307611116400,8.0078,82.3879,62.9346,41.7949,Industrials,자동차 신품 부품 제조업,0.789178
317400,자이에스앤디,KOSPI,9780,-2.88,785769,7760934880,379293045600,-4.4922,-4.7712,190.6389,128.7719,Real Estate,부동산 임대 및 공급업,0.788997
103590,일진전기,KOSPI,81700,6.8,999539,80921351650,3895896363000,16.0511,23.6006,10.2564,5.6921,Other,절연선 및 케이블 제조업,0.788069
446540,메가터치,KOSDAQ,10900,15.47,3520445,38921530020,316962309900,21.7877,53.5211,86.9640,166.1783,Other,일차전지 및 이차전지 제조업,0.787655
327260,RF머트리얼즈,KOSDAQ,47050,-2.49,552483,26037365075,846374874950,6.3277,37.3723,-17.7448,-24.1129,Technology,전자부품 제조업,0.787418
452260,한화갤러리아,KOSPI,2765,1.65,1576380,4369612785,536021821650,5.9387,42.1594,30.4245,8.0078,Consumer,종합 소매업,0.787114
008930,한미사이언스,KOSPI,52100,2.76,126640,6652723500,3563199755000,1.9569,-7.7876,85.4093,41.9619,Financials,기타 금융업,0.786388
035420,NAVER,KOSPI,194700,-3.13,1148820,225541510150,29612773644300,-3.3747,-12.8859,-2.3571,-8.8056,Technology,자료처리  호스팅  포털 및 기타 인터넷 정보매개 서비스업,0.786136
092870,엑시콘,KOSDAQ,42950,13.03,1152464,49798031725,560531731150,34.2188,110.5392,112.6238,45.5932,Industrials,특수 목적용 기계 제조업,0.786057
017670,SK텔레콤,KOSPI,87100,-0.23,567429,49457326700,18708213616300,-1.1351,-14.8583,-4.2857,13.7076,Technology,전기 통신업,0.785908
011200,HMM,KOSPI,20800,-1.89,562695,11806537825,19619349776000,2.2113,-8.9716,9.8205,4.3653,Industrials,해상 운송업,0.785878
060370,LS마린솔루션,KOSDAQ,33650,1.51,165986,5527330800,1757837437100,4.1796,9.9673,32.4803,11.4238,Technology,전기 및 통신 공사업,0.785636
007340,DN오토모티브,KOSPI,47900,-3.43,131657,6331780225,2802670433500,3.4557,0.2092,25.8870,22.0382,Other,일차전지 및 이차전지 제조업,0.785633
047050,포스코인터내셔널,KOSPI,55300,-2.47,376658,20943954850,9728530176400,0.9124,3.1716,9.5050,-27.1410,Other,상품 중개업,0.785546
042370,비츠로테크,KOSDAQ,10650,-2.92,1606016,17549924125,279030266250,21.0227,32.4627,10.3627,-8.1897,Financials,기타 금융업,0.785187
329180,HD현대중공업,KOSPI,441000,-3.18,190670,84338033250,46287900225000,0.1135,-3.1833,-24.8722,-14.5349,Other,선박 및 보트 건조업,0.784817
082740,한화엔진,KOSPI,47600,-3.35,735004,35300183650,3972083959200,-0.9365,6.0134,-7.7519,0.9544,Industrials,일반 목적용 기계 제조업,0.784752
332570,PS일렉트로닉스,KOSDAQ,8830,0.8,1298694,11456121240,405655524490,4.3735,1.8454,48.1544,63.8219,Technology,전자부품 제조업,0.784720
041190,우리기술투자,KOSDAQ,6060,1.34,2165904,13012584685,483588000000,16.9884,3.2368,27.5789,-4.8666,Financials,기타 금융업,0.783749
080580,오킨스전자,KOSDAQ,24850,8.04,1050265,26204884500,524110231750,12.4434,53.6797,68.7033,36.3138,Technology,전자부품 제조업,0.783510
052690,한전기술,KOSPI,130400,-5.58,486579,64058490650,4983888000000,-3.6928,44.4075,19.3047,-17.3638,Other,건축기술  엔지니어링 및 관련 기술 서비스업,0.783184
012450,한화에어로스페이스,KOSPI,1021000,-3.41,139794,143830268500,52646232421000,-3.2227,-7.6018,-6.6728,-23.5206,Industrials,항공기 우주선 및 부품 제조업,0.783176
071050,한국금융지주,KOSPI,186400,0.05,163219,30643933650,10387324908800,-0.2675,1.6912,-8.8509,-11.6588,Financials,기타 금융업,0.782863
053800,안랩,KOSDAQ,74300,4.94,128505,9493761250,826699395800,15.0155,30.5800,41.5238,20.4214,Technology,소프트웨어 개발 및 공급업,0.782467
003230,삼양식품,KOSPI,1215000,-2.96,57242,69558340000,9152613225000,-3.6479,-13.4615,8.2888,0.9975,Consumer,기타 식품 제조업,0.782208
336260,두산퓨얼셀,KOSPI,47200,-0.84,514094,24561197075,3091303867200,-7.9922,20.5619,-16.3121,23.8845,Utilities,전동기  발전기 및 전기 변환 · 공급 · 제어 장치 제조업,0.782118
064400,LG씨엔에스,KOSPI,69400,-3.07,532500,37275549250,6723884791200,-0.4304,-4.0111,-12.4842,9.2913,Technology,컴퓨터 프로그래밍  시스템 통합 및 관리업,0.781732
483650,달바글로벌,KOSPI,182100,1.62,164776,30346749150,2281196746500,13.7414,-21.6774,-19.4248,21.2383,Materials,기타 화학제품 제조업,0.781721
005490,POSCO홀딩스,KOSPI,311500,-1.89,194134,60634984250,24683735660500,-4.5942,-4.8855,-6.0332,-8.2474,Materials,1차 철강 제조업,0.780927
159010,아스플로,KOSDAQ,29800,22.89,925696,27126742900,397375222200,39.5785,49.0745,55.5324,458.0524,Industrials,일반 목적용 기계 제조업,0.780673
010140,삼성중공업,KOSPI,20250,-1.7,2307429,46856374958,17820000000000,0.2475,0.7463,-17.6829,-23.2955,Other,선박 및 보트 건조업,0.780635
009540,HD한국조선해양,KOSPI,332500,-2.06,112468,37538250750,23532061070000,0.0000,-5.9406,-9.6467,-12.3847,Financials,기타 금융업,0.780521
093370,후성,KOSPI,13950,2.57,7496102,107366380545,1496211853500,-3.9917,14.1571,-24.0196,95.1049,Materials,기초 화학물질 제조업,0.780174
083450,GST,KOSDAQ,49250,0.41,88968,4383917325,907677500000,6.1422,10.3024,-2.2817,73.1107,Industrials,특수 목적용 기계 제조업,0.780077
207940,삼성바이오로직스,KOSPI,1366000,-1.8,38947,53401243168,63233439066000,-3.0518,-13.1596,-1.3718,-11.7001,Healthcare,기초 의약물질 제조업,0.779147
051900,LG생활건강,KOSPI,292500,-1.35,32016,9463603000,4380340477500,-2.9851,-7.4367,30.0000,17.0000,Materials,기타 화학제품 제조업,0.777953
122640,예스티,KOSDAQ,32000,1.91,280589,9038182200,692842400000,11.3043,12.4780,-14.6667,36.7521,Industrials,특수 목적용 기계 제조업,0.777668
035720,카카오,KOSPI,33450,-2.05,1380964,46852441200,14818346755350,-0.1493,-6.5642,-1.6176,-30.6017,Technology,자료처리  호스팅  포털 및 기타 인터넷 정보매개 서비스업,0.777483
253590,네오셈,KOSDAQ,13680,3.64,2779052,39157988275,600130163520,14.0000,35.5798,19.0601,-22.0068,Industrials,특수 목적용 기계 제조업,0.777270
128940,한미약품,KOSPI,520000,3.59,126975,66420977500,6661715320000,3.5857,-3.7037,29.0323,1.7613,Healthcare,의약품 제조업,0.777117
175330,JB금융지주,KOSPI,30150,-2.11,291699,8850924650,5623632993600,-8.4977,10.6422,26.6807,4.1451,Financials,기타 금융업,0.776865
267260,HD현대일렉트릭,KOSPI,708000,-0.84,70829,50124662000,25521371580000,0.1414,-1.6667,-24.4397,-23.4595,Utilities,전동기  발전기 및 전기 변환 · 공급 · 제어 장치 제조업,0.776654
032640,LG유플러스,KOSPI,14640,0.48,846949,12396818692,6213621996480,-0.0683,-1.5467,4.5714,-4.1257,Technology,전기 통신업,0.775561
033790,피노,KOSDAQ,7600,1.6,938306,7039264685,633246341200,-2.1879,26.4559,7.1932,54.3147,Other,일차전지 및 이차전지 제조업,0.774459
047810,한국항공우주,KOSPI,127500,-2.15,187480,23984754250,12428076142500,1.9185,-2.4484,-10.9015,-27.6801,Industrials,항공기 우주선 및 부품 제조업,0.772918
064760,티씨케이,KOSDAQ GLOBAL,286000,4.95,48692,13745289250,3197312976000,5.9259,25.7143,10.8527,24.3478,Materials,기타 비금속 광물제품 제조업,0.772570
020560,아시아나항공,KOSPI,8360,-0.12,276249,2326716815,1722082343960,6.9054,18.2461,15.1515,19.4286,Industrials,항공 여객 운송업,0.772044
090460,비에이치,KOSPI,20250,0.5,611104,12249524090,682658644500,8.1153,25.2319,-10.0000,-11.3786,Technology,전자부품 제조업,0.771938
267250,HD현대,KOSPI,205500,-0.72,153547,31454272000,16233078967500,-4.6404,-3.0660,-1.4388,-19.4118,Financials,기타 금융업,0.771859
002380,KCC,KOSPI,476000,1.82,18837,8944225750,4090218496000,2.1459,5.3097,-0.6263,-7.9304,Materials,기타 화학제품 제조업,0.771727
030200,KT,KOSPI,52700,-0.75,178932,9472487350,13281542799500,-0.1894,0.3810,1.9342,-11.1298,Technology,전기 통신업,0.771708
454910,두산로보틱스,KOSPI,70800,-0.28,299860,21165347100,4589254584000,4.5790,1.5782,-25.4737,-17.6744,Industrials,특수 목적용 기계 제조업,0.770729
125490,한라캐스트,KOSDAQ,12110,-2.34,1287820,15990083485,442043482720,10.7960,11.1009,31.7737,-27.1360,Industrials,자동차 신품 부품 제조업,0.770251
375500,DL이앤씨,KOSPI,80900,-5.05,368951,29918971800,3130314100700,-7.2248,17.9300,30.6947,34.1625,Industrials,토목 건설업,0.769626
032820,우리기술,KOSDAQ,12960,-3.43,2958227,38512949155,2239288571520,0.3096,9.8305,2.0472,-52.0887,Utilities,전동기  발전기 및 전기 변환 · 공급 · 제어 장치 제조업,0.769104
029460,케이씨,KOSPI,43350,-0.23,35375,1531668200,477740192250,8.9196,23.8571,50.7826,39.6135,Technology,측정  시험  항해  제어 및 기타 정밀기기 제조업; 광학기기 제외,0.768144
440110,파두,KOSDAQ,81600,12.86,1278892,103099823600,4089059803200,37.6054,31.6129,-5.4461,44.1696,Technology,반도체 제조업,0.766469
011790,SKC,KOSPI,89400,1.13,98910,8812740250,4434087841200,4.3174,5.0529,-16.2921,-10.5105,Materials,기타 화학제품 제조업,0.766384
042660,한화오션,KOSPI,79600,-2.45,887793,71064061400,24390506162400,-2.0910,-4.5564,-24.9057,-34.9141,Other,선박 및 보트 건조업,0.766201
015760,한국전력,KOSPI,30250,-1.94,1512317,45916679600,19419413329250,-1.9449,-3.9683,-17.6871,-35.2941,Other,전기업,0.766060
000270,기아,KOSPI,115400,-2.62,798446,92692855900,45053659969200,-4.3911,-12.2433,-16.9186,-26.9158,Industrials,자동차용 엔진 및 자동차 제조업,0.766052
066970,엘앤에프,KOSPI,109100,0.65,352956,38748092250,4438862674400,-1.7117,-10.2796,-4.0457,-12.7200,Other,일차전지 및 이차전지 제조업,0.765968
005940,NH투자증권,KOSPI,26000,-0.38,390698,10220637700,9599358730000,2.3622,0.1927,-9.5652,-21.0926,Financials,금융 지원 서비스업,0.765926
386380,스카이랩스,KOSDAQ,22950,-4.18,3333924,80027508000,430587372150,9.8086,,,,Healthcare,의료용 기기 제조업,0.765675
277810,레인보우로보틱스,KOSDAQ,433000,-1.14,44933,19668551250,8400138514000,2.2432,-2.5872,-15.9223,-28.0731,Industrials,특수 목적용 기계 제조업,0.765417
028670,팬오션,KOSPI,5600,-3.28,2318248,13077095155,2993589267200,-3.4483,-11.3924,16.6667,11.1111,Industrials,해상 운송업,0.765333
073240,금호타이어,KOSPI,6570,-2.23,1571912,10311122840,1887300085590,-6.5434,-8.6231,48.3070,5.1200,Materials,고무제품 제조업,0.764199
005380,현대차,KOSPI,353500,-1.94,550575,195710172750,71925404922000,-2.3481,-14.6135,-30.5501,-28.1504,Industrials,자동차용 엔진 및 자동차 제조업,0.764187
020150,롯데에너지머티리얼즈,KOSPI,40150,0.12,98390,3949224225,2102473339450,3.2134,24.1113,-11.9518,1.3889,Technology,전자부품 제조업,0.763484
139130,iM금융지주,KOSPI,17810,-1.6,408056,7279235655,2820452296480,-3.4688,4.0912,11.8016,6.9028,Financials,기타 금융업,0.763078
161390,한국타이어앤테크놀로지,KOSPI,57300,-0.35,253935,14545274150,7098041453700,-0.8651,-14.2216,-4.9751,2.3214,Materials,고무제품 제조업,0.761874
203650,드림시큐리티,KOSDAQ,2790,3.72,15868736,46055512140,283755510360,4.6904,38.1188,9.6267,72.9696,Technology,소프트웨어 개발 및 공급업,0.761265
041510,에스엠,KOSDAQ GLOBAL,82600,1.23,100390,8275517050,1891101394000,-5.0575,14.8818,16.9972,-11.4684,Communication,오디오물 출판 및 원판 녹음업,0.760878
053610,프로텍,KOSDAQ,76000,3.83,53852,4062226100,684000000000,21.9904,29.9145,-5.8240,40.2214,Industrials,특수 목적용 기계 제조업,0.760523
323410,카카오뱅크,KOSPI,19920,-1.39,976444,19576733350,9504239105040,-4.2308,-7.7778,-0.6484,-16.3025,Financials,은행 및 저축기관,0.760428
272210,한화시스템,KOSPI,73900,-4.52,954059,71106524100,13961142847100,7.4128,5.4208,-10.5327,-41.9482,Technology,전자부품 제조업,0.759704
027360,아주IB투자,KOSDAQ,4020,1.26,4099404,16640483327,487004532120,14.8571,20.9023,-19.6000,-38.7195,Financials,기타 금융업,0.759302
425040,티이엠씨,KOSDAQ,12890,3.45,950998,11994591205,282586155220,29.8087,47.3143,-3.9493,24.5411,Materials,기초 화학물질 제조업,0.759222
005690,파미셀,KOSPI,12540,-0.4,818445,10278758170,752450335560,7.8246,12.8713,-3.5385,-21.1321,Technology,전자부품 제조업,0.758938
036460,한국가스공사,KOSPI,35600,-0.56,215282,7685765575,3286342800000,-1.9284,-2.4658,9.7072,-0.9736,Utilities,연료용 가스 제조 및 배관공급업,0.758707
036810,에프에스티,KOSDAQ,31200,3.31,135388,4182082600,675473416800,19.3117,38.0531,18.1818,-26.0664,Technology,전자부품 제조업,0.758578
112610,씨에스윈드,KOSPI,50100,-0.6,193735,9725583700,2112787290300,-4.5714,6.2566,20.4327,-18.4039,Other,구조용 금속제품  탱크 및 증기발생기 제조업,0.758297
051910,LG화학,KOSPI,252500,-0.59,142057,36170571750,17824566607500,-6.8266,-7.5092,-15.1261,-19.5860,Materials,기초 화학물질 제조업,0.756521
067390,아스트,KOSDAQ,6100,1.84,92308,562392675,256906117700,1.6667,1105.5336,1068.5824,731.0627,Industrials,항공기 우주선 및 부품 제조업,0.756494
201490,미투온,KOSDAQ,3705,-0.54,18096681,71386181320,121241404830,-3.5156,47.3161,87.1212,21.0784,Technology,소프트웨어 개발 및 공급업,0.756308
006800,미래에셋증권,KOSPI,32250,-1.83,806683,26091635875,17512428894750,1.5748,-7.1942,-22.7545,-47.2177,Financials,금융 지원 서비스업,0.756106
006110,삼아알미늄,KOSPI,53900,-2,106745,5871668600,815154224500,-7.0690,-8.1772,24.9131,84.9057,Materials,1차 비철금속 제조업,0.756092
089030,테크윙,KOSDAQ,49150,3.26,839576,41338763250,1821186651750,7.7851,5.3591,-1.5030,-7.7861,Industrials,특수 목적용 기계 제조업,0.755902
034020,두산에너빌리티,KOSPI,81700,-5.55,4585876,377610192400,52333845628200,-2.5060,11.9178,-9.8234,-18.3816,Industrials,일반 목적용 기계 제조업,0.755864
219130,타이거일렉,KOSDAQ,80800,5.07,37792,2999571350,510194632000,8.0214,27.6461,28.6624,146.7176,Technology,전자부품 제조업,0.755729
039490,키움증권,KOSPI,266000,1.53,54264,14455124500,6976732056000,-0.3745,-0.5607,-15.2866,-33.5000,Financials,금융 지원 서비스업,0.755479
138930,BNK금융지주,KOSPI,15970,2.18,1068846,17296715605,4900230823470,-0.7458,11.2117,-2.7998,-11.2778,Financials,기타 금융업,0.755466
084370,유진테크,KOSDAQ,163600,9.5,270216,43001863900,3749064471200,16.5242,20.5601,1.1125,27.3152,Industrials,특수 목적용 기계 제조업,0.755342
417200,LS머트리얼즈,KOSDAQ,13380,0.22,771729,10374198935,905192577420,4.8589,21.1957,-11.8577,-36.2857,Technology,전자부품 제조업,0.755150
241560,두산밥캣,KOSPI,57700,-1.03,169420,9779826150,5530894950500,-2.8620,-3.8333,-6.4830,-3.8333,Industrials,특수 목적용 기계 제조업,0.754517
307950,현대오토에버,KOSPI,377500,-1.95,40369,15335880250,10352553205000,3.9945,-17.4863,-30.6066,-6.9051,Technology,소프트웨어 개발 및 공급업,0.753527
290550,디케이티,KOSDAQ,22300,4.45,235256,5181342725,446027429000,32.3442,38.3375,15.4842,12.0603,Technology,전자부품 제조업,0.753495
001430,세아베스틸지주,KOSPI,44300,-2.85,116853,5244865175,1588691871700,2.4277,5.9809,28.5922,-35.7039,Materials,1차 철강 제조업,0.753349
383220,F&F,KOSPI,67800,-1.02,60173,4057065850,2597219685000,1.4970,6.7717,-7.7551,10.0649,Consumer,봉제의복 제조업,0.753150
323280,태성,KOSDAQ,46500,0,254887,11743258725,1420016070000,4.2601,-2.5157,0.4320,-23.3937,Industrials,특수 목적용 기계 제조업,0.752327
012330,현대모비스,KOSPI,367500,-1.34,187168,69163009250,33009064987500,-4.0470,-26.2788,-27.7996,-6.3694,Industrials,자동차 신품 부품 제조업,0.752273
012750,에스원,KOSPI,83300,-0.12,34606,2863662350,3165331527400,0.4825,5.0441,16.1785,-4.3628,Other,경비  경호 및 탐정업,0.752241
032500,케이엠더블유,KOSDAQ,19560,0.26,157340,3071034500,825269671560,8.6667,33.4243,-6.1871,-32.0833,Technology,통신 및 방송 장비 제조업,0.752192
214450,파마리서치,KOSDAQ GLOBAL,322500,-0.46,48735,15818184250,3350661480000,-2.5680,-22.4760,5.9113,3.2000,Healthcare,의료용품 및 기타 의약 관련제품 제조업,0.751139
088980,맥쿼리인프라,KOSPI,9780,-0.2,672884,6593061230,4683857091540,0.5139,0.0000,-9.0233,-14.7341,Financials,신탁업 및 집합투자업,0.750652
014620,성광벤드,KOSDAQ GLOBAL,30700,-3.61,200809,6184411675,815311074800,-4.0625,26.8595,8.4806,-10.2339,Materials,1차 철강 제조업,0.750159
356680,엑스게이트,KOSDAQ,18220,10.16,17809737,337423854550,520062424240,6.6121,59.2657,-18.4787,162.5360,Technology,소프트웨어 개발 및 공급업,0.749560
319660,피에스케이,KOSDAQ,144800,10.62,561095,79081592600,4194380187200,11.8147,15.5626,-14.6730,81.4536,Industrials,특수 목적용 기계 제조업,0.749460
347700,스피어,KOSDAQ,23300,3.33,1877045,44120321375,1201146734600,14.4963,1.0846,8.8785,-45.8140,Technology,소프트웨어 개발 및 공급업,0.749444
259960,크래프톤,KOSPI,198000,-1.98,61679,12273545212,9091405224000,-2.4631,-11.6071,-10.0000,-16.2791,Technology,소프트웨어 개발 및 공급업,0.748580
004800,효성,KOSPI,164200,-0.85,17316,2822773100,2748774829400,2.4969,5.9355,-8.6255,16.7852,Financials,기타 금융업,0.748498
195870,해성디에스,KOSPI,61200,2.51,191641,11748616100,1040400000000,6.6202,16.1290,-12.0690,11.2727,Technology,전자부품 제조업,0.748278
000370,한화손해보험,KOSPI,7610,-2.31,686997,5236850285,888383143150,-5.8168,6.8820,30.9811,12.7407,Financials,보험업,0.747958
017800,현대엘리베이터,KOSPI,73700,-0.54,67393,4966017450,2881108774500,1.2363,0.2721,2.3611,-14.6002,Industrials,일반 목적용 기계 제조업,0.747778
000100,유한양행,KOSPI,74100,-1.33,184547,13688920350,5454929372100,-4.1397,-12.0996,2.4896,-22.4895,Healthcare,의약품 제조업,0.747326
161580,필옵틱스,KOSDAQ,32650,1.56,165645,5412825025,765389364550,4.3131,25.0958,-13.5099,-16.8153,Industrials,특수 목적용 기계 제조업,0.746805
010130,고려아연,KOSPI,1116000,0.54,8388,9331559000,23294233404000,-1.5873,-16.9643,1.6393,-27.6734,Materials,1차 비철금속 제조업,0.746265
247540,에코프로비엠,KOSDAQ GLOBAL,105000,0.67,293226,30944208600,10272195570000,0.8646,-10.2564,-31.1475,-45.5959,Other,일차전지 및 이차전지 제조업,0.746168
034220,LG디스플레이,KOSPI,8490,0.24,3730831,32121308665,4245000000000,0.2361,-11.0995,-30.2956,-25.8515,Technology,전자부품 제조업,0.746138
138080,오이솔루션,KOSDAQ,28350,0.18,344208,9781929150,350909439300,9.8837,20.1271,4.0367,-16.8622,Technology,통신 및 방송 장비 제조업,0.746134
452430,사피엔반도체,KOSDAQ,40250,-1.95,47284,1906662075,332280695250,3.4704,54.2146,27.5753,21.0526,Technology,반도체 제조업,0.745008
103140,풍산,KOSPI,76700,-2.91,95169,7410113750,2149462122600,-0.1302,-6.6910,11.8076,-17.9679,Materials,1차 비철금속 제조업,0.744987
294870,IPARK현대산업개발,KOSPI,23700,0.21,103827,2451310125,1562003721000,-1.2500,8.2192,24.4748,8.4668,Industrials,건물 건설업,0.744860
005440,현대지에프홀딩스,KOSPI,13020,-1.44,292957,3837291820,2387831530980,-0.4587,11.3772,-4.3350,-9.3946,Financials,기타 금융업,0.744665
001040,CJ,KOSPI,130000,0.46,84944,11069018850,3793009740000,-0.7634,2.2013,-19.4548,-36.2745,Financials,기타 금융업,0.743731
041960,코미팜,KOSDAQ,9850,-0.2,497482,5086242855,734989279850,0.0000,0.5102,21.3054,15.0701,Healthcare,의약품 제조업,0.743671
0220W0,한화머시너리앤서비스홀딩스,KOSPI,6400,-2.29,887114,5711818435,540899424000,-4.3348,,,,Financials,기타 금융업,0.743469
012210,삼미금속,KOSDAQ,12440,-8.12,2694919,33897534795,286761642760,13.7112,71.1142,56.6751,-12.3944,Industrials,기타 금속 가공제품 제조업,0.743258
097950,CJ제일제당,KOSPI,175800,0.92,59712,10545580000,2646525898800,-0.5093,-7.2785,-7.4737,-19.1724,Consumer,기타 식품 제조업,0.743249
005180,빙그레,KOSPI,84300,-0.59,64865,5500676800,745363824300,-1.5187,-4.2045,32.3391,13.3065,Other,동·식물성 유지 및 낙농제품 제조업,0.743167
004370,농심,KOSPI,390000,-0.64,15333,5992949250,2372230380000,-2.0101,-14.3798,16.7665,4.2781,Consumer,기타 식품 제조업,0.742931
267270,HD건설기계,KOSPI,129700,-5.67,420043,54984042850,6160410964200,-2.9192,2.0456,8.9001,-1.9652,Industrials,특수 목적용 기계 제조업,0.742493
196170,알테오젠,KOSDAQ GLOBAL,250000,0.2,222524,55851517500,17413783250000,-2.1526,-21.9969,-32.7052,-29.6765,Healthcare,자연과학 및 공학 연구개발업,0.742466
020000,한섬,KOSPI,19740,-0.9,117966,2337595600,423955861560,21.7767,26.7823,-5.0962,-25.2273,Consumer,봉제의복 제조업,0.742453
003690,코리안리,KOSPI,14670,-0.34,183674,2688224195,2592497524770,-3.5503,2.0167,18.2111,10.7170,Financials,재 보험업,0.742441
086450,동국제약,KOSDAQ GLOBAL,21350,4.15,821174,17668924925,965669467000,2.3981,11.1400,17.3722,17.9558,Healthcare,의약품 제조업,0.742439
377300,카카오페이,KOSPI,40650,-0.73,144107,5854516700,5499970284300,0.3704,-9.2634,2.9114,-24.5826,Financials,금융 지원 서비스업,0.742401
086520,에코프로,KOSDAQ GLOBAL,80100,0,336246,26959948800,10875669775200,-2.5547,-8.8737,-25.6267,-46.2416,Financials,기타 금융업,0.742054
257720,실리콘투,KOSDAQ,38750,-2.64,625198,24446546650,2541079765000,-9.3567,-21.6380,15.3274,-0.6410,Other,상품 종합 도매업,0.741524
044490,태웅,KOSDAQ,38100,-4.27,180731,6886414950,762281216100,2.1448,36.0714,25.9504,-20.4593,Industrials,기타 금속 가공제품 제조업,0.741473
069960,현대백화점,KOSPI,96400,-2.53,110035,10688636350,2078857516800,-1.6327,2.8815,-49.0217,13.2785,Consumer,종합 소매업,0.741209
006360,GS건설,KOSPI,34600,-7.61,2377160,83078325400,2961119554000,-5.7221,2.0649,38.1238,22.6950,Industrials,건물 건설업,0.741023
000250,삼천당제약,KOSDAQ,165700,1.91,62923,10367304400,3886903110400,6.1499,-2.5867,-30.5241,-82.2970,Healthcare,의약품 제조업,0.740742
166090,하나머티리얼즈,KOSDAQ,58700,3.35,121481,7088719600,1160949463800,11.1742,15.3242,-2.4917,-1.0118,Technology,반도체 제조업,0.740207
090360,로보스타,KOSDAQ,79000,0,75165,5968080650,770250000000,2.8646,1.2821,-13.9434,26.6026,Industrials,특수 목적용 기계 제조업,0.739878
007390,네이처셀,KOSDAQ,24650,-1,107237,2645388550,1588324130400,-1.0040,4.4492,-4.8263,40.0568,Healthcare,기초 의약물질 제조업,0.739730
217590,티엠씨,KOSPI,14330,-1.92,717927,10321084605,345270244250,8.8906,27.0390,0.9866,-40.7851,Other,절연선 및 케이블 제조업,0.739365
120110,코오롱인더,KOSPI,54200,-1.81,165732,8952883950,1623074934400,0.7435,7.7535,-18.1269,-26.1580,Materials,화학섬유 제조업,0.739172
012030,DB,KOSPI,1692,-0.24,7174350,11740463354,340386294636,5.7500,17.9916,-3.3143,-1.7992,Technology,컴퓨터 프로그래밍  시스템 통합 및 관리업,0.738814
079900,전진건설로봇,KOSPI,42300,0.71,57277,2404009200,617264653500,8.1841,27.9879,2.1739,-21.2291,Industrials,특수 목적용 기계 제조업,0.738765
011780,금호석유화학,KOSPI,116900,-0.26,51384,6003269400,2940891292500,-3.3884,-2.5833,-3.6274,-8.2418,Materials,기초 화학물질 제조업,0.738306
003350,한국화장품제조,KOSPI,15850,5.25,1291081,20120648085,359161000000,6.0201,35.2389,112.1821,-64.3420,Materials,기타 화학제품 제조업,0.738233
000720,현대건설,KOSPI,121100,-7.77,1201523,147407345200,13485183141500,-2.5744,14.6780,5.5798,-19.2128,Industrials,토목 건설업,0.737992
183300,코미코,KOSDAQ,31800,2.75,397612,12501866850,1633352145000,13.9785,25.1969,-66.2062,-72.3478,Industrials,특수 목적용 기계 제조업,0.737903
079940,가비아,KOSDAQ,41350,0.24,27632,1133069900,554945283400,10.8579,-8.9207,40.6463,53.7175,Technology,소프트웨어 개발 및 공급업,0.737436
251970,펌텍코리아,KOSDAQ GLOBAL,57500,0.17,51218,2935044400,713000000000,-6.1990,-9.3060,68.8693,22.8632,Materials,플라스틱제품 제조업,0.737276
071320,지역난방공사,KOSPI,78200,0.39,30376,2388399200,905457780800,6.3946,7.2702,16.7164,-14.6288,Other,증기  냉·온수 및 공기조절 공급업,0.737120
489790,한화비전,KOSPI,47950,0.42,131537,6285460200,2420918300500,6.5556,-4.6720,-12.3400,-42.2289,Technology,통신 및 방송 장비 제조업,0.736462
388210,씨엠티엑스,KOSDAQ,88500,4.36,72548,6395472650,854417763000,22.5762,26.4286,-5.4487,-37.8947,Technology,전자부품 제조업,0.736437
004170,신세계,KOSPI,347000,-2.94,65497,22935843000,3277477807000,-4.1436,-13.3583,-49.3431,8.2683,Consumer,종합 소매업,0.736125
051160,지어소프트,KOSDAQ,12040,4.06,161786,1947559850,186312137200,21.3710,35.8916,81.8731,51.6373,Technology,소프트웨어 개발 및 공급업,0.735976
014680,한솔케미칼,KOSPI,236500,5.11,52460,12260214750,2552789514000,10.2564,15.3659,-9.5602,-15.2330,Materials,기초 화학물질 제조업,0.735935
002790,아모레퍼시픽홀딩스,KOSPI,26350,0.57,82652,2184444375,2014673043000,0.1901,-0.5660,25.4762,-5.0450,Materials,기타 화학제품 제조업,0.735825
056190,SFA,KOSDAQ GLOBAL,28000,0.18,66453,1865649325,1005445280000,-0.1783,19.1489,17.4004,-1.7544,Industrials,특수 목적용 기계 제조업,0.734853
295310,에이치브이엠,KOSDAQ,63100,8.42,307985,19167763150,782727609800,18.3865,40.5345,14.3116,-39.5014,Materials,1차 비철금속 제조업,0.734290
018880,한온시스템,KOSPI,3220,-3.01,3434871,11197018227,3304529321240,-3.7369,-8.6525,-18.0662,-18.0662,Industrials,일반 목적용 기계 제조업,0.734194
031330,에스에이엠티,KOSDAQ,8240,-0.12,369207,3034645585,823959352080,4.0404,5.7766,-36.0248,58.4615,Industrials,기계장비 및 관련 물품 도매업,0.733695
000240,한국앤컴퍼니,KOSPI,24650,0.2,84179,2083520000,2340153666000,1.8595,3.1381,8.1140,-7.5047,Financials,기타 금융업,0.733498
352820,하이브,KOSPI,156800,0.32,242214,37850535950,6759151884800,-7.7104,-10.1947,-19.1336,-46.4846,Communication,오디오물 출판 및 원판 녹음업,0.733264
036570,NC,KOSPI,212000,-4.93,95499,20365921500,4567332664000,5.4726,-6.1947,-12.9363,-2.5287,Technology,소프트웨어 개발 및 공급업,0.733067
271560,오리온,KOSPI,110100,-0.72,73852,8135322550,4352119558800,-1.1670,-14.1855,-12.2010,-17.4663,Consumer,기타 식품 제조업,0.732848
319400,현대무벡스,KOSDAQ,20950,-1.87,734581,15506732900,2333328017050,-1.1792,-8.5153,-23.5401,-25.1786,Industrials,일반 목적용 기계 제조업,0.732833
011170,롯데케미칼,KOSPI,60200,-3.68,117555,7184848750,2575080223800,-6.0842,9.0580,-13.5057,-25.1244,Materials,기초 화학물질 제조업,0.732672
013030,하이록코리아,KOSDAQ,37700,-0.26,38715,1464058525,443659028800,10.7195,21.8094,19.4929,4.1436,Materials,1차 철강 제조업,0.732559
045100,한양이엔지,KOSDAQ,32150,1.74,50870,1629391375,562625000000,10.8621,11.6319,15.6475,1.5798,Other,건축기술  엔지니어링 및 관련 기술 서비스업,0.732396
064350,현대로템,KOSPI,115900,-1.02,219444,25460151750,12649591758700,-3.0126,-13.6364,-40.7161,-34.8510,Industrials,그외 기타 운송장비 제조업,0.732231
050890,쏠리드,KOSDAQ,9530,0.32,1417475,13655378325,579009769020,4.6103,5.1876,-14.9866,-28.4535,Technology,통신 및 방송 장비 제조업,0.731614
023160,태광,KOSDAQ GLOBAL,26400,-2.58,114095,3048018975,682895188800,3.5294,23.3645,-0.7519,-22.6940,Materials,1차 철강 제조업,0.731370
0126Z0,삼성에피스홀딩스,KOSPI,330000,-0.45,23658,7816726250,8211406170000,0.9174,-10.4478,-22.5352,-36.0465,Financials,기타 금융업,0.731355
001210,금호전기,KOSPI,9840,-2.96,1335841,13450415845,123259441440,-11.0307,13.1034,1868.0000,1147.1483,Other,전구 및 조명장치 제조업,0.730965
047040,대우건설,KOSPI,17440,-7.23,10155479,179609811815,7166229206720,-6.0851,10.6599,-10.4723,6.3415,Industrials,건물 건설업,0.729937
417030,니어스랩,KOSDAQ,35700,4.23,340494,12026237750,206258749200,33.9587,24.6073,,,Technology,소프트웨어 개발 및 공급업,0.729865
200470,에이팩트,KOSDAQ,8160,4.35,915255,7417011890,357600216960,31.8255,38.3051,-10.7221,-3.3175,Technology,반도체 제조업,0.729806
004310,현대약품,KOSPI,8860,-1.01,1247679,11176444765,283520000000,-11.1334,50.1695,16.2730,-3.4858,Healthcare,의약품 제조업,0.729780
263750,펄어비스,KOSDAQ,33900,-0.73,125162,4236618450,2130408549000,-2.4460,5.2795,-6.6116,-16.7076,Technology,소프트웨어 개발 및 공급업,0.729759
326030,SK바이오팜,KOSPI,75900,-1.3,92324,7016710400,5943975675000,-2.9412,-12.1528,-12.3557,-20.1053,Healthcare,자연과학 및 공학 연구개발업,0.729702
068930,디지털대성,KOSDAQ,9600,0.31,346267,3344629655,265683283200,8.5973,15.2461,37.1429,7.2626,Other,일반 교습 학원,0.729653
322000,HD현대에너지솔루션,KOSPI,120100,2.83,318625,38492236550,1345120000000,0.0833,-3.7660,-1.8791,-3.3789,Technology,반도체 제조업,0.729263
012630,HDC,KOSPI,25450,-1.55,51295,1302525350,1520426799450,-4.3233,19.7647,29.8469,-4.1431,Financials,기타 금융업,0.729155
018670,SK가스,KOSPI,240500,0.42,6473,1558082500,2229253182000,0.6276,2.7778,16.1836,-1.2320,Other,기타 전문 도매업,0.728498
214430,아이쓰리시스템,KOSDAQ,68400,-1.72,24769,1707030600,499813506000,14.7651,14.7651,12.5000,-27.2340,Technology,전자부품 제조업,0.727693
046890,서울반도체,KOSDAQ GLOBAL,10520,0.77,329020,3468631000,613372808000,5.2000,11.3228,-11.9665,5.2000,Technology,반도체 제조업,0.727562
035250,강원랜드,KOSPI,14320,-0.35,220903,3169863095,3063627960000,-1.4453,-1.1732,-0.2786,-20.9713,Consumer,유원지 및 기타 오락관련 서비스업,0.727555
006120,SK디스커버리,KOSPI,60300,4.87,51651,3048621800,1050049185300,8.6486,18.2353,37.0455,2.2034,Financials,기타 금융업,0.727461
204320,HL만도,KOSPI,45500,-0.66,273423,12385726400,2136548960000,-5.9917,-10.9589,-10.6090,-13.6622,Industrials,자동차 신품 부품 제조업,0.727287
126340,비나텍,KOSDAQ,86800,5.98,161765,13852968000,623259935200,15.4255,36.9085,-10.3306,-29.1429,Other,일차전지 및 이차전지 제조업,0.726934
100790,미래에셋벤처투자,KOSDAQ,17810,2.95,505395,8984427695,946077494180,8.5976,12.1537,-11.1721,-14.3750,Financials,기타 금융업,0.726900
071970,HD현대마린엔진,KOSPI,49000,-2.2,197580,9670818525,1662153255000,0.5128,-2.1956,-19.1419,-34.8404,Industrials,일반 목적용 기계 제조업,0.726860
187660,페니트리움바이오,KOSDAQ,6630,0,514084,3380887375,424096257390,-1.6320,94.1435,18.3929,-53.6688,Healthcare,자연과학 및 공학 연구개발업,0.726451
001120,LX인터내셔널,KOSPI,40200,-2.9,69856,2834548600,1558152000000,-3.4814,5.3735,15.3515,-12.9870,Other,상품 중개업,0.726379
078340,컴투스,KOSDAQ GLOBAL,34950,-0.14,51019,1771994875,422591389350,3.2496,10.0787,46.8487,10.4265,Technology,소프트웨어 개발 및 공급업,0.725949
111770,영원무역,KOSPI,69300,-3.88,69632,4887138650,3070784732400,-3.8835,-8.6957,-2.3944,-14.3387,Other,상품 종합 도매업,0.725795
139480,이마트,KOSPI,71400,-1.79,99306,7124367500,1970341476600,-2.5921,-1.6529,-11.1940,-25.0787,Consumer,종합 소매업,0.725743
067290,JW신약,KOSDAQ,3140,-1.88,2945455,9346239003,175956503420,-10.2857,56.6085,19.3916,62.3578,Healthcare,의약품 제조업,0.725328
192080,더블유게임즈,KOSPI,58300,-0.51,41666,2422873450,1234413184400,1.9231,-0.8503,-5.3571,17.4220,Technology,소프트웨어 개발 및 공급업,0.724885
011930,신성이엔지,KOSPI,17000,2.66,274426,4717931625,345205094000,5.0680,7.1204,-6.8493,541.5094,Technology,반도체 제조업,0.724837
100840,SNT에너지,KOSPI,36700,-4.68,189449,7003407525,758984736100,-3.9267,37.9699,27.2097,-25.7836,Industrials,일반 목적용 기계 제조업,0.724775
051600,한전KPS,KOSPI,45750,-2.35,70447,3237289225,2058750000000,-2.2436,3.6240,1.3289,-26.2097,Technology,전기 및 통신 공사업,0.722826
457190,이수스페셜티케미컬,KOSPI,63800,-0.47,81130,5222694750,1927964033600,-0.7776,-0.6231,-11.6343,-28.7946,Materials,기초 화학물질 제조업,0.722151
282330,BGF리테일,KOSPI,132900,-0.82,20883,2785716500,2297031107400,-6.0777,-8.9102,13.6869,8.4898,Consumer,종합 소매업,0.721579
458870,씨어스,KOSDAQ,25050,-2.15,113482,2883297175,960551318100,8.9130,19.0024,-26.1062,-54.1209,Healthcare,의료용 기기 제조업,0.721378
003380,하림지주,KOSDAQ GLOBAL,11030,1.66,306529,3382023790,1235421999630,-1.5179,0.8227,14.8958,-28.6084,Financials,기타 금융업,0.720640
468530,프로티나,KOSDAQ,47250,18.27,424234,19745659275,524718243000,45.1613,37.5546,60.7143,-34.5568,Healthcare,자연과학 및 공학 연구개발업,0.720142
140860,파크시스템스,KOSDAQ GLOBAL,264500,5.17,51257,13562091750,1852153050500,4.3393,-0.1887,8.8477,1.3410,Technology,측정  시험  항해  제어 및 기타 정밀기기 제조업; 광학기기 제외,0.719904
452280,한선엔지니어링,KOSDAQ,13360,-0.6,649339,8753924340,257148871200,2.7692,28.0920,-0.5952,-7.2222,Industrials,기타 금속 가공제품 제조업,0.719755
030000,제일기획,KOSPI,17680,0.28,177834,3146334480,2033928858000,0.7407,-7.4830,-3.0702,-14.1748,Communication,광고업,0.719421
041830,인바디,KOSDAQ,53200,-1.85,48547,2629590300,717182922400,-7.9585,-15.4213,14.9028,85.0435,Healthcare,의료용 기기 제조업,0.719005
005290,동진쎄미켐,KOSDAQ,46800,8.96,983950,44916292225,2385401896800,15.1292,11.4286,-18.4669,-2.9046,Materials,기초 화학물질 제조업,0.718983
004490,세방전지,KOSPI,59300,0,41910,2463217750,821898000000,-2.3064,3.8529,17.4257,-1.1667,Other,일차전지 및 이차전지 제조업,0.718804
029780,삼성카드,KOSPI,42450,-0.93,101280,4330636600,4918209922950,-4.3919,-8.3153,-7.3144,-28.2939,Financials,기타 금융업,0.718756
484120,도우인시스,KOSDAQ,23800,4.85,119147,2876085225,260786643600,30.9851,27.3408,48.1021,16.3814,Technology,전자부품 제조업,0.718722
018000,유니슨,KOSDAQ,1290,3.61,3416198,4348748190,376566579330,5.3922,35.2201,42.3841,-18.8679,Industrials,일반 목적용 기계 제조업,0.718479
081660,미스토홀딩스,KOSPI,37750,0,135752,5107643075,2004216960000,-3.9440,-10.7565,-2.4548,-10.6509,Other,생활용품 도매업,0.718281
074600,원익QnC,KOSDAQ,29450,2.79,204853,5992274625,774181600000,9.2764,12.8352,-13.3824,-9.5238,Other,유리 및 유리제품 제조업,0.718252
399720,가온칩스,KOSDAQ,47400,4.87,197279,9334582700,562109205600,18.3521,7.9727,11.5294,-27.5229,Technology,반도체 제조업,0.717983
032580,피델릭스,KOSDAQ,7020,10.55,902516,6028527960,232587089280,42.6829,88.7097,23.8095,534.1463,Technology,반도체 제조업,0.717719
020120,키다리스튜디오,KOSPI,7950,5.86,270805,2054353735,294656939700,-11.4699,55.8824,154.4000,148.0499,Technology,자료처리  호스팅  포털 및 기타 인터넷 정보매개 서비스업,0.717499
078600,대주전자재료,KOSDAQ,86200,-0.81,70344,6084761500,1353696695600,-1.0333,-1.5982,-14.3992,-27.0110,Technology,전자부품 제조업,0.717065
462860,더즌,KOSDAQ,3075,3.54,2941878,9021838834,220686916725,19.8830,8.8496,45.3901,-7.0997,Technology,전기 통신업,0.716891
033100,제룡전기,KOSDAQ GLOBAL,47650,0.11,47324,2251419000,765373788850,3.3623,2.6940,0.6336,-0.5219,Utilities,전동기  발전기 및 전기 변환 · 공급 · 제어 장치 제조업,0.716870
004990,롯데지주,KOSPI,24400,-0.41,81386,1985768475,2431796134400,-2.7888,5.6277,1.8789,-20.7792,Financials,기타 금융업,0.716473
008770,호텔신라,KOSPI,40150,-0.86,108519,4361547675,1575812058150,-0.9864,-5.3066,-16.1795,-6.8445,Consumer,기타 상품 전문 소매업,0.716228
092730,네오팜,KOSDAQ,23650,0.64,40788,958912875,379061939850,8.7356,0.8529,46.5304,36.3112,Materials,기타 화학제품 제조업,0.715867
090710,휴림로봇,KOSDAQ,6330,-1.09,2270654,14841235740,756808653570,3.9409,-3.2110,-26.9896,-54.1968,Industrials,특수 목적용 기계 제조업,0.715841
226950,올릭스,KOSDAQ GLOBAL,102700,0.49,122154,12539511200,2336480355300,-7.5608,0.4892,-25.7948,-44.2756,Healthcare,자연과학 및 공학 연구개발업,0.715783
122870,와이지엔터테인먼트,KOSDAQ GLOBAL,43100,1.41,94031,4047670250,805584211900,-3.1461,9.3909,0.2326,-22.2022,Communication,오디오물 출판 및 원판 녹음업,0.715600
280360,롯데웰푸드,KOSPI,124300,0.32,13331,1661063100,1144128548200,-4.6048,-4.4581,33.9440,10.6857,Consumer,기타 식품 제조업,0.714999
089970,브이엠,KOSDAQ,62400,10.25,1053651,65121656950,1642790136000,20.2312,6.6667,-33.1190,32.9073,Industrials,특수 목적용 기계 제조업,0.714895
396300,HT로보틱스,KOSDAQ,6010,29.95,12897056,71363086667,159201895000,28.6938,39.1204,73.1988,59.2053,Industrials,기타 금속 가공제품 제조업,0.714743
328130,루닛,KOSDAQ,9810,3.26,710617,7037736835,730434745800,19.4884,5.9395,-11.9390,-71.7698,Technology,소프트웨어 개발 및 공급업,0.714264
204620,글로벌텍스프리,KOSDAQ,5800,-0.85,329998,1914550840,407643314000,-1.3605,15.5378,22.6216,25.4054,Financials,금융 지원 서비스업,0.713966
077500,유니퀘스트,KOSPI,9190,7.61,805775,7224549385,198504937380,25.0340,33.3817,47.0400,48.2258,Industrials,기계장비 및 관련 물품 도매업,0.712936
028300,HLB,KOSDAQ,30550,-1.61,709670,21931497575,4069205712650,-4.2320,-19.2867,-39.2644,-38.9000,Healthcare,의료용품 및 기타 의약 관련제품 제조업,0.712590
251270,넷마블,KOSPI,34350,-1.01,87390,3026011650,2856491898750,0.5857,-9.3668,-6.1475,-33.0409,Technology,소프트웨어 개발 및 공급업,0.712495
310210,보로노이,KOSDAQ,147300,0.41,40600,5931462600,2730368708400,3.7324,-12.1122,-25.6436,-51.9413,Healthcare,자연과학 및 공학 연구개발업,0.712372
450080,에코프로머티,KOSPI,34950,-1.27,224691,7929128250,2474944756500,-1.1315,-6.4257,-26.1099,-48.6029,Other,일차전지 및 이차전지 제조업,0.711853
302440,SK바이오사이언스,KOSPI,35750,0,59220,2114809275,2804821769750,-1.2431,-6.6580,-1.6506,-15.1839,Healthcare,기초 의약물질 제조업,0.711581
274090,켄코아에어로스페이스,KOSDAQ,12930,3.69,3663756,48925649540,178100496510,27.0138,31.6701,6.0705,-37.5362,Industrials,항공기 우주선 및 부품 제조업,0.711139
272110,케이엔제이,KOSDAQ,30300,1.85,65218,1978971625,243169468500,19.0570,22.6721,0.8319,-13.3047,Technology,반도체 제조업,0.711111
126730,코칩,KOSDAQ,22700,-1.52,179272,4128039825,199081860200,-0.8734,27.1709,32.9818,18.7860,Technology,전자부품 제조업,0.710420
361610,SK아이이테크놀로지,KOSPI,17170,6.18,606475,10394071955,1404284507000,8.5335,12.1489,4.0606,-20.5093,Other,일차전지 및 이차전지 제조업,0.710414
082920,비츠로셀,KOSDAQ GLOBAL,27850,-3.97,276271,7733229700,1257134434450,-0.1792,-8.9869,-31.1496,-14.7014,Other,일차전지 및 이차전지 제조업,0.710366
099320,쎄트렉아이,KOSDAQ,77900,0.39,46480,3615723250,853104556200,4.2838,9.5640,-15.6926,-57.8691,Industrials,항공기 우주선 및 부품 제조업,0.710196
005850,에스엘,KOSPI,48300,-1.83,105790,5110189450,2243463516000,-3.9761,-9.7196,-16.2912,-19.0955,Industrials,자동차 신품 부품 제조업,0.710129
357780,솔브레인,KOSDAQ GLOBAL,370000,9.79,58240,21147802750,2878069420000,11.1111,12.1212,9.6296,-13.3489,Materials,기타 화학제품 제조업,0.708965
039200,오스코텍,KOSDAQ,35800,-1.1,74922,2675990700,1369642700800,4.2213,-6.4052,-5.1656,-31.6794,Healthcare,의약품 제조업,0.708504
007070,GS리테일,KOSPI,22800,-1.94,132360,3029424950,1906249062000,-5.1975,-15.5556,-0.4367,11.4914,Consumer,종합 소매업,0.708398
093520,매커스,KOSDAQ,29250,3.17,35840,1042085550,348128732250,10.7955,16.3022,71.9577,24.7335,Industrials,기계장비 및 관련 물품 도매업,0.708337
415640,KB발해인프라,KOSPI,10190,-2.11,182321,1857800065,1248739134120,-2.3011,0.3941,3.4518,2.4121,Financials,신탁업 및 집합투자업,0.708314
071200,인피니트헬스케어,KOSDAQ,11820,-1.42,48365,576330100,288366133560,-9.0769,25.7447,81.8462,86.4353,Technology,소프트웨어 개발 및 공급업,0.708057
225570,넥슨게임즈,KOSDAQ,10950,0.55,100808,1099551765,721168905300,-5.4404,17.8687,30.0475,-0.4545,Technology,소프트웨어 개발 및 공급업,0.707617
032940,원익,KOSDAQ,9300,-0.11,919643,8895449970,169196583300,-8.7341,64.8936,40.9091,-9.7087,Industrials,기계장비 및 관련 물품 도매업,0.707469
022100,포스코DX,KOSPI,19990,-1.53,188069,3778294735,3039174232710,-5.9294,-2.9612,-10.3587,-34.8860,Other,건축기술  엔지니어링 및 관련 기술 서비스업,0.707386
101490,에스앤에스텍,KOSDAQ GLOBAL,44100,2.44,194001,8489418925,940868163900,8.7546,7.8240,-19.2308,-49.6000,Technology,전자부품 제조업,0.707350
033160,엠케이전자,KOSDAQ,16540,5.48,1117466,18155492790,406289519320,20.3785,17.3050,-28.5529,-7.2350,Technology,전자부품 제조업,0.707241
009420,한올바이오파마,KOSPI,46600,1.41,131792,6165396775,2434413730800,-2.4084,-22.0736,-20.4778,-12.8972,Healthcare,의약품 제조업,0.706661
009830,한화솔루션,KOSPI,29200,6.38,3892862,113348280850,6566862051200,2.4561,-9.1757,-13.0952,-35.1111,Materials,기초 화학물질 제조업,0.706256
000120,CJ대한통운,KOSPI,69800,-2.1,54690,3841778800,1592301611200,-1.6901,-5.5480,-6.4343,-36.0220,Industrials,도로 화물 운송업,0.705566
023590,다우기술,KOSPI,39200,-1.26,36234,1429465200,1696862630400,-1.6311,2.7523,10.4225,-17.7335,Technology,자료처리  호스팅  포털 및 기타 인터넷 정보매개 서비스업,0.705479
389500,에스비비테크,KOSDAQ,43000,-1.83,87555,3812013550,286529296000,6.3041,17.6471,-2.0501,-8.8983,Industrials,일반 목적용 기계 제조업,0.705418
298020,효성티앤씨,KOSPI,311500,-0.48,7460,2320601000,1348072943000,-4.0062,-1.8898,10.6572,-20.5357,Materials,화학섬유 제조업,0.704709
121600,나노신소재,KOSDAQ,51900,1.37,43723,2267673750,636407712900,2.1654,5.2738,1.3672,-16.1551,Materials,기타 화학제품 제조업,0.704625
079160,CJ CGV,KOSPI,5180,-1.15,368909,1906296120,857718888460,-4.0741,-1.5209,15.6250,4.6465,Communication,영화  비디오물  방송프로그램 제작 및 배급업,0.704466
0015N0,아로마티카,KOSDAQ,11560,1.14,500568,5832670905,145389218320,-11.0769,29.8876,127.1120,23.9014,Materials,기타 화학제품 제조업,0.704433
171090,선익시스템,KOSDAQ,68600,-1.58,33039,2297543350,694755143600,-2.1398,7.1875,14.3333,-26.3948,Industrials,특수 목적용 기계 제조업,0.703263
006910,보성파워텍,KOSDAQ,7420,-1.72,587699,4386805780,364543294080,3.9216,11.7470,1.9231,-33.6315,Other,구조용 금속제품  탱크 및 증기발생기 제조업,0.702236
395400,SK리츠,KOSPI,5360,-0.37,281166,1500869105,1613454443200,2.8791,-5.6338,-1.6514,-15.4574,Real Estate,부동산 임대 및 공급업,0.702068
216080,제테마,KOSDAQ,7190,1.13,107929,781829760,268094241810,3.0086,38.2692,58.7196,-10.5721,Healthcare,의료용품 및 기타 의약 관련제품 제조업,0.701951
330590,롯데리츠,KOSPI,4140,1.97,195165,797180636,1196331179760,4.6776,5.3435,15.4812,-10.4865,Real Estate,부동산 임대 및 공급업,0.701924
001740,SK네트웍스,KOSPI,6070,-1.62,819769,4965953350,1217604906230,-3.4976,-10.4720,-36.3064,16.2835,Other,기타 전문 도매업,0.701773
026960,동서,KOSPI,25350,-0.59,36317,923253100,2527395000000,0.1976,-3.4286,9.5032,-4.6992,Other,음·식료품 및 담배 도매업,0.701325
031210,서울보증보험,KOSPI,41300,0,37241,1534476000,2883631997400,-2.4793,-3.3918,1.2255,-25.0454,Financials,보험업,0.701133
125020,티씨머티리얼즈,KOSDAQ,6170,0.16,604210,3756954760,216187853500,4.7538,11.5732,15.5431,22.9084,Other,절연선 및 케이블 제조업,0.701087
0007J0,인벤테라,KOSDAQ,14200,2.9,161557,2221183850,111693138800,35.2381,78.6164,57.7778,,Healthcare,자연과학 및 공학 연구개발업,0.700662
006280,녹십자,KOSPI,123300,0,14262,1767834550,1440950135400,0.7353,-5.3722,-1.3600,-14.6713,Healthcare,의약품 제조업,0.700564
025980,아난티,KOSDAQ,5220,-4.57,2091246,10883361770,507911167800,2.5540,2.3529,24.2857,-24.2380,Consumer,일반 및 생활 숙박시설 운영업,0.698991
127120,제이에스링크,KOSDAQ,31800,-2.9,65750,2117696775,1182695742000,2.2508,-7.2886,-9.5306,-15.8730,Healthcare,자연과학 및 공학 연구개발업,0.698889
001800,오리온홀딩스,KOSPI,23750,-0.42,81835,1936740725,1428720485000,-2.6639,-7.4074,-1.0417,-3.2587,Financials,기타 금융업,0.698651
209640,와이제이링크,KOSDAQ,3760,1.62,7293704,29671934288,106946228960,21.6828,20.9003,-7.7301,-16.6297,Industrials,특수 목적용 기계 제조업,0.698234
085620,미래에셋생명,KOSPI,19320,-2.28,72154,1408075290,2611677600000,-0.3096,-25.9770,-2.5227,23.8462,Financials,보험업,0.697963
293490,카카오게임즈,KOSDAQ GLOBAL,9020,1.46,284286,2570730220,962842290300,-5.1525,4.1570,7.3810,-35.5254,Technology,소프트웨어 개발 및 공급업,0.697857
000210,DL,KOSPI,50500,-2.13,31400,1598822450,1058272142000,-7.5092,7.6759,12.5975,-11.2478,Materials,기초 화학물질 제조업,0.697717
009240,한샘,KOSPI,39800,0.38,20952,829965600,936650334400,2.1823,1.6603,24.3750,-7.6566,Other,생활용품 도매업,0.697192
285130,SK케미칼,KOSPI,50000,0.4,33620,1679061625,864938300000,-7.5786,0.4016,26.9036,-9.9099,Materials,합성고무 및 플라스틱 물질 제조업,0.696757
079370,제우스,KOSDAQ,12850,15.25,2179697,27640500285,398568321500,27.4802,33.5759,30.7223,-21.6941,Industrials,특수 목적용 기계 제조업,0.696674
476060,온코닉테라퓨틱스,KOSDAQ,15130,2.72,372242,5655658360,687020619200,3.6301,4.2011,6.5493,-27.2596,Healthcare,자연과학 및 공학 연구개발업,0.696458
014990,인디에프,KOSPI,4310,0.23,326961,1365817070,64747401690,16.3293,29.0419,797.9167,479.3011,Consumer,봉제의복 제조업,0.696182
195940,HK이노엔,KOSDAQ GLOBAL,38850,1.04,71739,2782319350,1100616265350,-0.7663,-12.0045,0.3876,-25.0000,Healthcare,의약품 제조업,0.695919
003530,한화투자증권,KOSPI,4585,-1.71,677841,3127818696,983701548375,-0.1089,-5.4639,-8.4830,-35.6039,Financials,금융 지원 서비스업,0.695814
388790,라이콤,KOSDAQ,5290,0.76,701939,3716319180,161948906400,9.0722,32.0849,-10.3390,24.3243,Technology,통신 및 방송 장비 제조업,0.695388
009450,경동나비엔,KOSPI,60200,-1.47,27476,1659346300,877029238400,2.2071,-5.7903,-4.5959,-4.1401,Other,가정용 기기 제조업,0.695364
443670,에스피소프트,KOSDAQ,5000,0,753958,3817542153,120052820000,-5.4820,73.0104,69.7793,10.1322,Technology,컴퓨터 프로그래밍  시스템 통합 및 관리업,0.695122
149950,아바텍,KOSDAQ,12120,-2.49,158718,1947035565,165652560360,9.7826,42.5882,-4.4917,21.2000,Technology,전자부품 제조업,0.694868
000670,영풍,KOSPI,43300,-1.14,62643,2705289700,797182573900,-7.9702,9.7592,6.3882,-32.3438,Materials,1차 비철금속 제조업,0.694867
234340,헥토파이낸셜,KOSDAQ,22550,5.37,441373,9816489125,315038292800,22.4878,8.6747,14.9337,-26.4274,Financials,금융 지원 서비스업,0.694818
141080,리가켐바이오,KOSDAQ GLOBAL,80800,0.75,125049,10108469950,2991168974400,-2.1792,-21.4772,-47.0511,-60.3922,Healthcare,자연과학 및 공학 연구개발업,0.694581
451800,한화리츠,KOSPI,5460,1.68,125810,673030435,980616000000,3.8023,-1.2658,19.0840,7.4803,Real Estate,부동산 임대 및 공급업,0.694516
072950,빛샘전자,KOSDAQ,14200,9.23,11884891,176368464865,114347062000,4.9520,66.2763,71.2907,72.1212,Technology,전자부품 제조업,0.694440
237690,에스티팜,KOSDAQ GLOBAL,91300,0.77,48558,4417152450,1906037049400,0.9956,-17.1506,-24.5455,-39.5364,Healthcare,의약품 제조업,0.694267
351320,넥사다이내믹스,KOSDAQ,3665,0.41,201653,725231121,113642641430,-5.0518,132.6984,266.8669,193.2000,Industrials,특수 목적용 기계 제조업,0.694045
340450,지씨지놈,KOSDAQ,8180,12.21,1188856,9428923255,193463486740,21.5453,51.7625,83.2027,9.7987,Other,그외 기타 전문  과학 및 기술 서비스업,0.692825
083650,비에이치아이,KOSDAQ,59900,-6.84,569185,34483139150,1853568062500,-5.2215,7.3477,5.4577,-39.6169,Industrials,일반 목적용 기계 제조업,0.692648
035760,CJ ENM,KOSDAQ GLOBAL,38750,2.51,56042,2167959000,849754717500,-0.1289,18.5015,17.6024,-34.4332,Communication,텔레비전 방송업,0.692091
477850,마키나락스,KOSDAQ,21100,-4.09,335496,7202488675,374624929600,-0.2364,-21.1215,50.1779,,Technology,소프트웨어 개발 및 공급업,0.691716
091580,상신이디피,KOSDAQ,21100,-0.24,123015,2581671400,281225420900,-7.0485,11.9958,31.0559,19.8864,Other,일차전지 및 이차전지 제조업,0.690787
065350,신성델타테크,KOSDAQ,31450,1.62,70767,2209983550,864370164600,1.1254,7.1550,-13.8356,-47.9305,Other,가정용 기기 제조업,0.690663
005070,코스모신소재,KOSPI,41550,3.75,96872,4021591450,1380065425050,-0.1202,4.0050,6.4020,-15.2905,Materials,기타 화학제품 제조업,0.690499
048410,현대바이오,KOSDAQ,6850,0.29,611506,4198334080,661063168200,0.5874,2.8529,-15.8477,-52.1982,Materials,기타 화학제품 제조업,0.690449
049080,기가레인,KOSDAQ,9670,-1.33,433311,4305725395,82082189780,-12.0109,28.9333,873.8167,1345.4410,Technology,전자부품 제조업,0.690361
024850,HLB이노베이션,KOSDAQ,15140,5.87,167173,2465872130,480748656160,-5.7285,13.6637,18.7451,234.9558,Technology,전자부품 제조업,0.690350
279570,케이뱅크,KOSPI,5350,0.38,266767,1422812430,2170469057850,-3.6036,-3.6036,-8.8586,-12.5817,Financials,은행 및 저축기관,0.690299
054920,한컴위드,KOSDAQ,4745,0,4905260,24522489468,133890049345,-10.3025,24.0523,41.8535,6.5095,Technology,소프트웨어 개발 및 공급업,0.689712
004020,현대제철,KOSPI,31950,-10.25,1259436,41324174700,4263592830750,-7.6590,14.1071,9.9828,-9.3617,Materials,1차 철강 제조업,0.689654
006040,동원산업,KOSPI,35200,0,31997,1122391850,1553756828800,-2.7624,-8.0940,15.4098,-11.1111,Financials,기타 금융업,0.689653
215200,메가스터디교육,KOSDAQ,36250,0.14,97203,3532501500,375739080000,4.6176,-0.5487,-4.3536,-22.4599,Other,일반 교습 학원,0.688635
382900,범한퓨얼셀,KOSDAQ,24000,1.69,179254,4304136500,210264000000,-5.1383,48.5149,-0.4149,-16.0839,Utilities,전동기  발전기 및 전기 변환 · 공급 · 제어 장치 제조업,0.688604
003540,대신증권,KOSPI,26050,-1.7,69572,1819770075,1241702582300,-2.7985,0.3854,-4.0516,-32.5130,Financials,금융 지원 서비스업,0.687730
160980,싸이맥스,KOSDAQ,26850,2.68,120383,3185664300,293315924550,17.7632,6.5476,-17.1296,14.4989,Industrials,특수 목적용 기계 제조업,0.686358
086670,비엠티,KOSDAQ,19310,2.99,72907,1391517975,191668839350,16.0457,27.7962,28.5619,35.9859,Industrials,일반 목적용 기계 제조업,0.686068
290650,엘앤씨바이오,KOSDAQ,47200,0.53,60473,2844274175,1272970028800,3.2823,-6.7194,-49.8938,-32.8592,Healthcare,의약품 제조업,0.686059
035900,JYP Ent.,KOSDAQ GLOBAL,37700,0.53,91254,3442454100,1339574948400,-2.5840,-4.4360,-26.0784,-40.7233,Communication,오디오물 출판 및 원판 녹음업,0.685496
265740,엔에프씨,KOSDAQ,7450,-1.06,369658,2755752740,133083820000,11.3602,13.7405,55.3702,-11.3095,Materials,기타 화학제품 제조업,0.685415
009970,영원무역홀딩스,KOSPI,163400,-1.68,6590,1084373250,2116653697800,-1.9208,-5.0000,1.4907,-26.5618,Financials,기타 금융업,0.685088
189300,인텔리안테크,KOSDAQ,69700,2.35,58262,4039394550,748403540900,6.0883,6.5749,-13.0923,-45.5894,Technology,통신 및 방송 장비 제조업,0.685016
124500,아이티센글로벌,KOSDAQ,29750,1.54,87970,2614833425,690334678250,3.4783,-21.5040,19.9597,-46.4928,Technology,컴퓨터 프로그래밍  시스템 통합 및 관리업,0.684905
330860,네패스아크,KOSDAQ,29250,5.6,192518,5576812300,356383316250,23.6786,17.2345,-30.1075,11.2167,Other,그외 기타 전문  과학 및 기술 서비스업,0.684837
199430,케이엔알시스템,KOSDAQ,18270,0.5,66588,1229842335,204569975610,-3.0769,46.8650,45.3461,-20.3922,Technology,측정  시험  항해  제어 및 기타 정밀기기 제조업; 광학기기 제외,0.684740
097230,HJ중공업,KOSPI,14660,-2.59,392483,5799635795,1323729743040,-2.5266,-12.7900,-29.5192,-45.8041,Industrials,토목 건설업,0.684104
300720,한일시멘트,KOSPI,16130,-0.8,41156,663167260,1186284221170,0.2486,-0.4935,18.0820,-5.0618,Other,시멘트  석회  플라스터 및 그 제품 제조업,0.683831
000080,하이트진로,KOSPI,15030,-0.33,67460,1011607350,1054108173330,-0.2654,-3.0323,2.3145,-9.8380,Consumer,알코올음료 제조업,0.683584
101160,월덱스,KOSDAQ,30900,0.82,23893,737054650,510189683700,1.9802,12.5683,15.2985,3.8655,Technology,전자부품 제조업,0.683535
241770,메카로,KOSDAQ,41600,1.09,13383,548277300,424013824000,9.6179,17.3484,-4.8055,25.3012,Technology,반도체 제조업,0.682559
068760,셀트리온제약,KOSDAQ,39050,0.64,34703,1351191950,1733911064600,0.6443,-8.7617,-5.6763,-33.8136,Healthcare,의약품 제조업,0.682444
001510,SK증권,KOSPI,2320,-0.64,1351884,3165405381,536604597200,-0.6424,-13.1086,-9.5517,-2.7254,Financials,금융 지원 서비스업,0.682421
439960,코스모로보틱스,KOSDAQ,11480,0.17,389319,4491289685,372533186480,3.1447,-12.0307,-39.1304,,Healthcare,의료용 기기 제조업,0.682164
004000,롯데정밀화학,KOSPI,43100,-1.37,38984,1683846700,1111980000000,-4.7514,-5.4825,-3.5794,-14.4841,Materials,기초 화학물질 제조업,0.682130
092190,서울바이오시스,KOSDAQ,8010,0.13,130765,1056547760,367405747830,-8.7699,-10.0000,8.9796,128.2051,Technology,반도체 제조업,0.681706
298380,에이비엘바이오,KOSDAQ GLOBAL,50800,-0.59,482461,24355360950,2844163120400,-12.2625,-32.9815,-48.5830,-70.6189,Healthcare,기초 의약물질 제조업,0.681361
077970,STX엔진,KOSPI,21950,-3.73,181882,4027604650,881249982850,-3.5165,-6.1966,-25.5932,-35.2507,Industrials,일반 목적용 기계 제조업,0.681073
087010,펩트론,KOSDAQ,145500,2.46,90241,13108009050,3392674425000,-0.6826,-20.4483,-32.6389,-55.5046,Healthcare,기초 의약물질 제조업,0.680868
005880,대한해운,KOSPI,1986,-1.93,968717,1934121058,640976217240,-2.6471,-6.3208,5.5821,-14.9465,Industrials,해상 운송업,0.680843
017890,한국알콜,KOSDAQ,15390,6.88,247462,3784050130,318165257340,8.9172,15.1946,36.9217,35.1185,Materials,기타 화학제품 제조업,0.680358
441270,파인엠텍,KOSDAQ,8750,4.67,427643,3708642010,370059593750,-1.1299,30.4024,34.8228,-18.2243,Technology,전자부품 제조업,0.679546
089890,코세스,KOSDAQ,29050,7.2,184644,5224898325,481793146100,3.7500,26.5795,-0.1718,27.6923,Industrials,특수 목적용 기계 제조업,0.679396
006730,서부T&D,KOSDAQ GLOBAL,10600,-0.93,195343,2069638420,681335383800,-8.7780,4.1257,9.8446,-25.5618,Consumer,일반 및 생활 숙박시설 운영업,0.679395
448900,한국피아이엠,KOSDAQ,54500,-2.33,62252,3470244050,331057906500,5.2124,7.7075,-7.7834,-48.0952,Industrials,자동차 신품 부품 제조업,0.678710
490470,세미파이브,KOSDAQ,16210,3.45,340706,5499905075,551552382400,10.2721,13.9944,-26.9820,-46.4132,Other,건축기술  엔지니어링 및 관련 기술 서비스업,0.678622
091810,트리니티항공,KOSPI,2585,-0.58,54547,142085240,263944245235,-3.0019,312.9393,235.7143,130.5977,Industrials,항공 여객 운송업,0.678602
0010S0,와이즈플래닛컴퍼니,KOSDAQ,46300,285.83,26080671,1108909285550,463927389000,,,,,Other,,0.678518
010060,OCI홀딩스,KOSPI,206000,9.57,435108,88266043950,3846067792000,1.4778,-23.4201,-2.8302,15.9910,Financials,기타 금융업,0.678440
094800,맵스리얼티,KOSPI,7690,-0.9,63445,488180850,713896005390,-2.9040,6.8056,34.9123,15.2924,Financials,신탁업 및 집합투자업,0.678253
056080,유진로봇,KOSDAQ,11930,-2.37,317795,3882053120,456149347980,4.1921,1.0161,-22.0261,-56.1397,Industrials,특수 목적용 기계 제조업,0.678069
001520,동양,KOSPI,1153,-0.69,852077,985760535,123511702896,10.7589,7.9588,103.7102,41.6462,Other,시멘트  석회  플라스터 및 그 제품 제조업,0.677917
101730,위메이드맥스,KOSDAQ,4665,0.54,186363,864893978,390942329190,-7.4405,10.4142,61.9792,-6.3253,Technology,소프트웨어 개발 및 공급업,0.677854
457370,한켐,KOSDAQ,11290,-0.96,341585,3901627765,91077942860,16.0329,28.5877,7.9350,31.1266,Materials,기초 화학물질 제조업,0.677686
486990,노타,KOSDAQ,20350,-9.76,2268395,49228972350,435335950500,20.9150,11.2630,-8.5393,-49.4410,Technology,소프트웨어 개발 및 공급업,0.677640
263860,지니언스,KOSDAQ,18370,3.38,360857,6613111955,166792252000,-6.6565,32.0633,50.0817,35.4720,Technology,소프트웨어 개발 및 공급업,0.677548
047770,코데즈컴바인,KOSDAQ,3785,0.53,790536,2944015834,143234248570,6.0224,22.2940,31.8815,-7.1166,Consumer,봉제의복 제조업,0.677242
005300,롯데칠성,KOSPI,95800,0.95,10493,1003161000,888917087200,0.7361,-2.2449,-2.0450,-19.1561,Consumer,비알코올음료 및 얼음 제조업,0.677024
033240,자화전자,KOSPI,25800,-3.73,145827,3786804625,557421951600,0.0000,-13.5678,-9.1549,-32.4607,Technology,전자부품 제조업,0.676700
145020,휴젤,KOSDAQ,187000,-1.79,42222,7955164000,2340337351000,-19.0476,-25.3493,-27.9383,-27.0955,Healthcare,기초 의약물질 제조업,0.676686
168360,펨트론,KOSDAQ,14290,-0.07,139020,1960276960,319989639530,9.3344,17.5164,-24.9475,-35.3394,Industrials,특수 목적용 기계 제조업,0.676615
134580,탑코미디어,KOSDAQ,3180,-2,370716,1171753102,156755393820,-14.2857,14.1831,212.3772,85.7477,Technology,자료처리  호스팅  포털 및 기타 인터넷 정보매개 서비스업,0.676574
294570,쿠콘,KOSDAQ,27400,5.18,178616,4835318875,276513456800,12.5257,3.2015,41.0190,-6.8027,Technology,기타 정보 서비스업,0.676564
114810,한솔아이원스,KOSDAQ,14770,9.16,479998,6917295740,415674679980,20.2769,13.6154,9.8958,2.9268,Industrials,특수 목적용 기계 제조업,0.676475
000640,동아쏘시오홀딩스,KOSPI,92600,-0.43,9883,912749950,623432000200,-1.5940,0.4338,18.7179,-6.9347,Financials,기타 금융업,0.676075
032190,다우데이타,KOSDAQ,19810,-0.05,41356,820887010,758723000000,0.2023,1.1747,12.4929,-16.0593,Industrials,기계장비 및 관련 물품 도매업,0.676030
462870,시프트업,KOSPI,31550,2.27,37574,1185640050,1853306629500,0.4777,-0.7862,-7.0692,5.8725,Technology,소프트웨어 개발 및 공급업,0.675940
161000,애경케미칼,KOSPI,9870,-1.6,113597,1126391730,480162757830,-0.6042,3.3508,0.7143,6.7027,Materials,기초 화학물질 제조업,0.675906
170920,엘티씨,KOSDAQ,38700,9.63,330073,12588721025,408831676200,19.6291,10.2564,-15.4098,27.5124,Materials,기초 화학물질 제조업,0.675724
466100,클로봇,KOSDAQ,23050,0.66,240579,5588977250,713483683950,0.8753,-13.9925,-30.6767,-56.1787,Technology,소프트웨어 개발 및 공급업,0.674453
115440,우리넷,KOSDAQ,12120,29.9,7090222,79614736675,130826819040,25.3361,72.4040,41.4236,22.4242,Technology,통신 및 방송 장비 제조업,0.674427
011210,현대위아,KOSPI,52500,-1.69,51271,2701865850,1427741857500,-4.5455,-13.0795,-19.1063,-36.1314,Industrials,자동차 신품 부품 제조업,0.673659
387690,레메디,KOSDAQ,18850,21.46,7782429,143559536160,143746160350,18.1818,57.4770,,,Healthcare,의료용 기기 제조업,0.673216
011560,세보엠이씨,KOSDAQ,24300,1.04,43847,1061664275,245062389600,1.6736,11.9816,14.6226,35.5270,Other,건물설비 설치 공사업,0.672806
354320,알멕,KOSDAQ,42200,12.68,281298,11503556250,269716278200,20.9169,39.2739,22.3188,-3.2110,Materials,1차 비철금속 제조업,0.672760
293940,신한알파리츠,KOSPI,5600,0.9,106339,592631160,677264688800,3.3210,5.0657,7.8998,-2.4390,Real Estate,부동산 임대 및 공급업,0.672661
018470,조일알미늄,KOSPI,5130,0.2,48415,247749750,129924144720,2.1912,427.2354,409.4340,314.7130,Materials,1차 비철금속 제조업,0.672586
439260,대한조선,KOSPI,45500,-1.3,32295,1474179225,1733037215000,-0.2193,-6.4748,-17.4229,-48.0000,Other,선박 및 보트 건조업,0.672214
003280,흥아해운,KOSPI,1777,-1.33,1897236,3401154413,427235045523,-2.1476,-0.6152,2.7762,-48.5673,Industrials,해상 운송업,0.671796
368770,파이버프로,KOSDAQ,13180,-1.86,156733,2085910915,433018685500,6.1192,-1.7884,-13.2895,-38.2670,Technology,측정  시험  항해  제어 및 기타 정밀기기 제조업; 광학기기 제외,0.671546
016380,KG스틸,KOSPI,5550,-1.07,174507,966532840,555049378350,-1.0695,2.0221,5.3131,-4.9658,Materials,1차 철강 제조업,0.671316
499790,GS피앤엘,KOSPI,36700,0.96,56020,2046352375,727791864700,-7.6730,-6.0179,2.0862,-22.1633,Financials,기타 금융업,0.671216
383800,LX홀딩스,KOSPI,8130,0.25,99576,807550520,620162009700,0.3704,-0.2454,10.4620,-3.7870,Financials,기타 금융업,0.671191
452450,피아이이,KOSDAQ,5350,1.71,132621,701094745,192752475000,-0.5576,70.9265,38.7808,2.8846,Industrials,특수 목적용 기계 제조업,0.671097
394280,오픈엣지테크놀로지,KOSDAQ,9790,1.03,146498,1440761385,257932528700,21.6149,8.8988,-17.9380,-41.9336,Technology,소프트웨어 개발 및 공급업,0.670831
348340,뉴로메카,KOSDAQ,20050,2.45,333082,6633488190,469338901200,11.6370,4.7544,-48.2581,-69.3893,Industrials,특수 목적용 기계 제조업,0.670624
003240,태광산업,KOSPI,910000,0.89,699,632390500,1013194000000,0.2203,1.9037,10.3030,-22.9467,Materials,화학섬유 제조업,0.670498
388720,유일로보틱스,KOSDAQ,68900,0.88,13384,925614800,811734670500,0.8785,3.6090,-7.3925,-26.7800,Industrials,특수 목적용 기계 제조업,0.670490
321370,센서뷰,KOSDAQ,1801,4.28,26382494,49683089804,127190674051,28.9191,36.9582,-14.6445,-47.1848,Technology,전자부품 제조업,0.670290
003090,대웅,KOSPI,15890,-1.3,71473,1139298005,923876062200,0.5060,-6.9127,-5.3039,-32.6695,Healthcare,의약품 제조업,0.670098
061970,LB세미콘,KOSDAQ,4400,1.85,300947,1329986470,308365226400,10.2757,-3.9301,-0.3398,-8.1420,Technology,반도체 제조업,0.669172
108320,LX세미콘,KOSPI,36550,1.39,36549,1335224450,594460165000,2.0950,0.0000,-12.8725,-26.8268,Technology,반도체 제조업,0.669121
000400,롯데손해보험,KOSPI,2015,-0.74,313863,629139880,625327684800,-0.9828,2.6490,19.6556,-2.1845,Financials,보험업,0.669007
005160,동국산업,KOSDAQ,3495,-5.03,636036,2210599615,189584464590,0.1433,41.2121,49.6788,10.0787,Materials,1차 철강 제조업,0.668342
069620,대웅제약,KOSPI,106200,-2.39,14399,1542458150,1230494265000,-2.4793,-14.7673,-7.1678,-31.3066,Healthcare,의약품 제조업,0.667702
023530,롯데쇼핑,KOSPI,103900,-6.14,103665,10890718550,2939201644500,-12.3946,8.0042,-40.3901,-1.0476,Consumer,종합 소매업,0.667672
214320,이노션,KOSPI,18050,-0.06,49752,895614670,722000000000,-1.0959,-4.4974,-0.9330,-2.1680,Communication,광고업,0.667472
007310,오뚜기,KOSPI,311500,-0.32,2696,841246250,1248439045000,-3.1104,-6.4565,3.3167,-15.3533,Consumer,기타 식품 제조업,0.666904
214150,클래시스,KOSDAQ GLOBAL,30700,0.49,63449,1945672700,2002734731300,-4.0625,-8.0838,-32.5275,-40.6190,Healthcare,의료용 기기 제조업,0.666875
226590,엠디바이스,KOSDAQ,14740,1.1,81754,1207414355,157965396160,17.8257,29.2982,17.4502,-55.6692,Technology,전자부품 제조업,0.666736
178320,서진시스템,KOSDAQ,32150,2.06,617764,19738872825,2048710171350,-10.4457,-15.7274,-42.0721,-34.6545,Technology,기타 전기장비 제조업,0.666611
042510,라온시큐어,KOSDAQ,10950,2.24,754776,8395290305,121608816600,-9.6535,41.4729,50.8264,21.8020,Technology,소프트웨어 개발 및 공급업,0.666438
185750,종근당,KOSPI,64900,0.46,15885,1028135450,895800422000,-1.0671,-6.0781,-3.5661,-26.1661,Healthcare,의약품 제조업,0.666323
052400,코나아이,KOSDAQ GLOBAL,36900,-2.12,48534,1800648950,537385437900,1.7931,-6.3452,-9.2251,-33.6331,Technology,소프트웨어 개발 및 공급업,0.666301
348370,엔켐,KOSDAQ,20200,0,104141,2083362990,442602078800,0.2481,11.0500,-27.9857,-32.5543,Materials,기초 화학물질 제조업,0.666050
123010,MSDI,KOSDAQ,3360,0.6,179193,601194890,67924977120,6.8362,66.3366,92.2197,135.7895,Technology,전자부품 제조업,0.665858
037460,삼지전자,KOSDAQ,30500,-0.16,26397,808859175,497714921000,1.8364,-3.7855,-11.9769,32.0346,Technology,통신 및 방송 장비 제조업,0.665471
110990,디아이티,KOSDAQ,17730,3.02,110556,1948804880,335097000000,12.0733,13.2907,-5.9915,-12.8747,Industrials,특수 목적용 기계 제조업,0.665433
030190,NICE평가정보,KOSPI,15590,0.97,39896,624057560,908409672190,-2.8055,-0.6373,12.1583,-9.3077,Technology,기타 정보 서비스업,0.665241
035890,서희건설,KOSDAQ,2280,-1.08,198305,449484010,473301862080,-0.8696,6.0465,18.0124,40.4806,Industrials,건물 건설업,0.665204
060250,NHN KCP,KOSDAQ,13280,1.3,110082,1454997830,533332914080,2.8660,-13.5979,1.9186,-24.4166,Financials,금융 지원 서비스업,0.665008
478340,나라스페이스테크놀로지,KOSDAQ,14190,8.9,9729490,145667375640,164751788850,33.1144,46.8944,-1.8672,-67.4541,Industrials,항공기 우주선 및 부품 제조업,0.664672
100090,SK오션플랜트,KOSPI,11360,-1.56,396487,4514723710,709751545440,-5.0961,-12.6154,-20.0000,-54.6507,Materials,1차 철강 제조업,0.664378
034230,파라다이스,KOSPI,9540,-0.1,178198,1696602090,883684304280,-2.5536,1.0593,-24.7634,-46.7337,Consumer,유원지 및 기타 오락관련 서비스업,0.664198
482630,삼양엔씨켐,KOSDAQ,13980,1.82,133439,1854413740,305998154400,7.7872,6.3118,-27.1496,-14.6520,Materials,기타 화학제품 제조업,0.664035
035510,신세계 I&C,KOSPI,15550,-3.12,108021,1696271395,217402995000,1.7670,17.8923,20.3560,-25.5981,Technology,컴퓨터 프로그래밍  시스템 통합 및 관리업,0.664023
019170,신풍제약,KOSPI,9250,-0.22,132464,1225651015,484871328500,0.5435,-12.3223,11.7150,-15.3705,Healthcare,의약품 제조업,0.663838
163730,핑거,KOSDAQ,12650,6.21,355493,4473773380,161486320050,35.4390,28.6877,5.2413,27.0080,Technology,소프트웨어 개발 및 공급업,0.663485
003470,유안타증권,KOSPI,4410,-0.9,211961,935078869,849719249820,-4.8544,-3.0769,-0.1133,-11.6232,Financials,금융 지원 서비스업,0.663331
213420,덕산네오룩스,KOSDAQ,29000,1.05,95251,2762029025,720104191000,-6.3005,-8.5174,-14.3279,-39.7089,Technology,전자부품 제조업,0.662817
010820,퍼스텍,KOSPI,6300,-0.63,188554,1186096320,307263209400,3.4483,9.1854,-3.5222,-8.8278,Other,무기 및 총포탄 제조업,0.662784
009900,명신산업,KOSPI,8170,-1.33,108786,893905835,428680986610,3.8119,0.8642,9.0788,-19.0287,Industrials,자동차 신품 부품 제조업,0.662418
046120,오르비텍,KOSDAQ,5580,-3.96,678709,3829464570,188913316140,-0.3571,33.4928,-4.2882,-57.1757,Other,기타 과학기술 서비스업,0.662096
024060,흥구석유,KOSDAQ,12360,-3.89,663598,8289897905,185400000000,-11.5247,22.2552,22.3762,-37.4177,Other,기타 전문 도매업,0.661381
248070,솔루엠,KOSPI,13000,-0.99,83128,1071549750,621611068000,2.4429,0.1541,-20.8764,-24.1983,Technology,전자부품 제조업,0.661346
045390,대아티아이,KOSDAQ,3170,-2.76,1046508,3309052827,223400605090,-2.3112,7.8231,10.6457,-21.6316,Technology,기타 전기장비 제조업,0.661293
413630,씨피시스템,KOSDAQ,4275,0.59,767500,3273525320,155766486375,-9.5238,30.5344,21.4489,12.5000,Materials,플라스틱제품 제조업,0.661244
115180,큐리언트,KOSDAQ,22600,0.44,47090,1068195350,848271812600,2.9613,-14.2315,-0.2208,-44.6078,Healthcare,자연과학 및 공학 연구개발업,0.660975
388050,지투파워,KOSDAQ,10280,-4.46,634128,6637156695,192333012360,0.7843,19.3961,29.7980,-9.9036,Utilities,전동기  발전기 및 전기 변환 · 공급 · 제어 장치 제조업,0.660777
059120,아진엑스텍,KOSDAQ,7350,0.68,344415,2536045135,134578985100,4.4034,15.7480,29.8587,0.2729,Technology,반도체 제조업,0.660391
019210,와이지-원,KOSDAQ,12140,-3.8,724942,8906430420,451531857920,-8.0303,-15.0455,-39.7519,-4.7096,Industrials,기타 금속 가공제품 제조업,0.660227
200710,에이디테크놀로지,KOSDAQ,26750,2.1,75179,1992547425,360108687250,13.5881,9.1837,-10.5351,-53.8793,Technology,반도체 제조업,0.660155
358570,지아이이노베이션,KOSDAQ,8870,1.14,150637,1337452685,572256973220,-1.4444,8.7010,-24.5748,-33.7070,Healthcare,자연과학 및 공학 연구개발업,0.659934
0161M0,네오사피엔스,KOSDAQ,25800,-16.1,8433669,227405616125,315168801000,,,,,Other,,0.659684
476830,알지노믹스,KOSDAQ,25550,1.19,237658,6207062775,716816389800,-2.6667,-18.3706,-71.7054,-87.7458,Healthcare,자연과학 및 공학 연구개발업,0.659683
102710,이엔에프테크놀로지,KOSDAQ,46100,7.08,86582,3930515200,658669239600,11.3527,3.5955,0.6550,-19.6864,Materials,기타 화학제품 제조업,0.659469
272290,이녹스첨단소재,KOSDAQ GLOBAL,21050,0.72,74846,1567626025,419684564450,2.9340,3.6946,-19.0385,-32.6400,Technology,전자부품 제조업,0.659183
017960,한국카본,KOSPI,20250,-1.46,117401,2377690925,1046448841500,-3.1100,-10.9890,-29.3194,-56.7308,Other,구조용 금속제품  탱크 및 증기발생기 제조업,0.658959
049470,비트플래닛,KOSDAQ,2965,-6.76,456108,1334972732,69810625535,41.8660,37.9070,100.2026,336.0294,Technology,소프트웨어 개발 및 공급업,0.658861
078130,국일제지,KOSDAQ,3490,0.58,95653,334941045,393464648630,0.1435,-0.5698,-2.9207,1051.8152,Materials,기타 종이 및 판지 제품 제조업,0.658614
001720,신영증권,KOSPI,138000,-1.15,6657,918415650,2268720000000,-3.4965,-11.0251,-15.0769,-31.6832,Financials,금융 지원 서비스업,0.658254
137400,피엔티,KOSDAQ GLOBAL,28750,0.35,58278,1677216425,681108430000,-0.5190,-3.6851,-23.0254,-40.6605,Industrials,특수 목적용 기계 제조업,0.658184
491000,리브스메드,KOSDAQ,30200,3.96,153157,4599251500,762709184200,10.4205,-13.8374,-17.9348,-59.8404,Healthcare,의료용 기기 제조업,0.657713
082270,젬백스,KOSDAQ,10680,1.91,111465,1180586600,485732669160,3.3882,4.3988,-12.0264,-69.9155,Industrials,특수 목적용 기계 제조업,0.657580
036710,심텍홀딩스,KOSDAQ,4485,7.81,1031664,4525650119,236932476690,11.0149,12.6884,6.4057,69.2453,Other,회사 본부 및 경영 컨설팅 서비스업,0.657241
281740,레이크머티리얼즈,KOSDAQ,10650,0.85,195502,2085673345,700030336200,0.3770,-10.6544,-26.5517,-44.7040,Materials,기타 화학제품 제조업,0.657108
222080,SFA넥셀,KOSDAQ GLOBAL,7460,-2.23,236835,1782560515,580239874240,-0.9296,-5.2097,-19.0011,-37.4161,Industrials,특수 목적용 기계 제조업,0.656893
001680,대상,KOSPI,17810,-0.06,43094,767181675,617081325250,-1.8733,-1.2202,7.2892,-15.1905,Consumer,기타 식품 제조업,0.656575
122900,아이마켓코리아,KOSPI,8390,0.6,97089,813781130,280467967600,2.8186,4.4832,16.0443,11.5691,Other,상품 종합 도매업,0.656347
347850,디앤디파마텍,KOSDAQ,44500,3.97,504491,22388939350,2046830410500,-3.3659,-22.3386,-51.6304,-39.6201,Healthcare,자연과학 및 공학 연구개발업,0.656044
222040,코스맥스엔비티,KOSDAQ,7510,2.18,290001,2108052650,154916280000,1.3495,-9.6270,31.2937,117.0520,Consumer,기타 식품 제조업,0.655318
112040,위메이드,KOSDAQ,15190,1.47,64079,969943290,515677456770,0.9302,-2.3779,-0.8486,-29.0187,Technology,소프트웨어 개발 및 공급업,0.654754
089010,켐트로닉스,KOSDAQ,23450,2.63,72554,1691815025,393257133150,7.0776,8.5648,-7.1287,-19.6918,Materials,기타 화학제품 제조업,0.653732
306200,세아제강,KOSPI,138200,-3.15,7856,1092976600,391976660000,-4.8864,0.1449,7.3815,-1.5670,Materials,1차 철강 제조업,0.653732
488280,에스투더블유,KOSDAQ,15870,9.3,917269,14342989940,171800462820,10.5153,63.7771,15.8394,3.9293,Technology,소프트웨어 개발 및 공급업,0.653504
008060,대덕,KOSPI,14790,1.09,53248,781400520,462736179420,2.9228,-4.1478,-10.3636,6.7870,Financials,기타 금융업,0.653170
002900,TYM,KOSPI,6610,-1.2,285277,1887106090,273654000000,-2.0741,-4.6176,9.9834,-1.3433,Industrials,특수 목적용 기계 제조업,0.653086
0009K0,에임드바이오,KOSDAQ,21400,0.94,85923,1826381725,1390842945400,-5.3097,-17.5337,-14.5709,-57.2000,Healthcare,자연과학 및 공학 연구개발업,0.652925
086390,유니테스트,KOSDAQ,13300,8.22,300980,3923752410,281083875800,14.2612,36.5503,7.7796,-25.6983,Industrials,특수 목적용 기계 제조업,0.652737
000430,대원강업,KOSPI,4850,-3.39,73399,360696351,300700000000,2.1053,20.9476,24.6787,25.0000,Industrials,자동차 신품 부품 제조업,0.652049
488900,비츠로넥스텍,KOSDAQ,10730,1.42,82175,877675345,310917233390,0.5623,15.5005,21.5176,-42.0939,Industrials,항공기 우주선 및 부품 제조업,0.652030
062970,한국첨단소재,KOSDAQ,3080,3.18,3146762,9665202040,92777062840,-8.7407,31.6239,108.5308,31.3433,Technology,통신 및 방송 장비 제조업,0.652027
033170,시그네틱스,KOSDAQ,2765,-4.66,470144,1326644980,47407758195,35.5392,713.2353,507.6923,261.4379,Technology,반도체 제조업,0.651960
104830,원익머트리얼즈,KOSDAQ,36800,7.45,90290,3309385225,463974400000,13.5802,12.3664,-7.4214,-12.0669,Materials,기초 화학물질 제조업,0.651922
092790,넥스틸,KOSPI,13400,-5.96,501547,6808181800,348426800000,-3.8047,12.7946,-6.7502,12.0401,Materials,1차 철강 제조업,0.651483
093320,케이아이엔엑스,KOSDAQ,133000,-6.21,21457,2863672350,649040000000,-3.9711,-10.5582,14.6552,29.6296,Technology,자료처리  호스팅  포털 및 기타 인터넷 정보매개 서비스업,0.651435
049630,재영솔루텍,KOSDAQ,6960,-1,155614,1095119225,162621367440,-0.5714,0.7236,-7.8146,129.3245,Technology,사진장비 및 광학기기 제조업,0.651357
453340,현대그린푸드,KOSPI,19340,3.15,45116,865486820,628000492580,-1.1753,1.0449,18.5049,22.2503,Consumer,종합 소매업,0.651172
085910,네오티스,KOSDAQ,16680,4.51,331398,5490443990,230097564240,26.5554,0.5425,-18.6341,-12.9890,Industrials,자동차 신품 부품 제조업,0.650983
272450,진에어,KOSPI,6040,1.34,129919,789228620,315288000000,3.2479,5.5944,5.5944,-4.2789,Industrials,항공 여객 운송업,0.650879
044450,KSS해운,KOSPI,11860,17.89,892666,10471908500,267769446500,16.9625,17.7756,26.3046,10.9448,Industrials,해상 운송업,0.650584
089590,제주항공,KOSPI,4515,-1.53,218115,1000470300,364094047275,-1.6340,5.6140,-1.4192,-11.1220,Industrials,항공 여객 운송업,0.650443
411080,샌즈랩,KOSDAQ,6350,0,633325,4064340170,96949501300,-11.3128,58.1569,45.6422,2.4194,Technology,소프트웨어 개발 및 공급업,0.650409
036200,유니셈,KOSDAQ,9580,3.12,234532,2232013495,293763256340,4.5852,8.3710,2.5696,-2.0450,Industrials,특수 목적용 기계 제조업,0.650277
025860,남해화학,KOSPI,6070,-1.94,273769,1670237400,301550577010,-2.4116,3.7607,3.0560,-23.4552,Other,비료  농약 및 살균  살충제 제조업,0.650253
015860,일진홀딩스,KOSPI,6990,0.14,101306,708014325,344938906170,3.0973,0.5755,10.4265,-2.6462,Financials,기타 금융업,0.649751
002960,한국쉘석유,KOSPI,510000,0.39,844,426617500,663000000000,0.1965,0.5917,4.6154,7.1429,Energy,석유 정제품 제조업,0.649652
336370,솔루스첨단소재,KOSPI,7620,-2.56,129080,988245575,535017710760,-3.5443,3.3921,-17.2638,-14.0924,Technology,전자부품 제조업,0.649615
393890,더블유씨피,KOSDAQ,10530,6.26,339789,3569701715,356368306320,8.5567,16.8701,2.1339,-19.8630,Other,일차전지 및 이차전지 제조업,0.649251
053690,한미글로벌,KOSPI,21400,-4.04,135905,2934048500,234491570000,-6.5502,30.4083,24.4910,-14.2285,Other,건축기술  엔지니어링 및 관련 기술 서비스업,0.649236
382800,지앤비에스 에코,KOSDAQ,5250,1.74,502040,2598367365,167112965250,3.1434,1.9417,1.7442,11.8211,Industrials,특수 목적용 기계 제조업,0.648830
069260,TKG휴켐스,KOSPI,16200,0.31,33108,536046055,662233125600,-1.0989,1.3767,4.6512,-12.5742,Materials,기타 화학제품 제조업,0.648740
0039P0,매드업,KOSDAQ,7710,3.35,2142706,17073394995,145005054000,-3.6250,6.3448,,,Communication,광고업,0.648188
365550,ESR켄달스퀘어리츠,KOSPI,3250,2.69,262107,837249118,799789250000,4.1667,7.7944,-5.2478,-23.2586,Real Estate,부동산 임대 및 공급업,0.648174
950160,코오롱티슈진,KOSDAQ,15800,3.13,674023,10607124720,1342528528000,-0.5038,-22.3587,-84.3719,-83.0108,Healthcare,기초 의약물질 제조업,0.648063
126640,화신정공,KOSDAQ,3840,-2.29,557369,2153649781,134614694400,3.2258,-11.7241,-18.0363,154.9801,Industrials,자동차 신품 부품 제조업,0.647936
158430,아톤,KOSDAQ,5490,2.04,5267798,30126684730,134406685080,-8.8040,22.0000,22.8188,-15.5385,Technology,소프트웨어 개발 및 공급업,0.647907
456040,OCI,KOSPI,76900,4.63,38579,2959865300,688446865500,5.1984,-4.1147,-16.2309,-20.4757,Materials,기초 화학물질 제조업,0.647883
009580,무림P&P,KOSPI,1794,-1.16,5165762,10101927701,111888773256,5.4054,9.1905,14.4863,-33.6784,Materials,펄프  종이 및 판지 제조업,0.647780
009520,포스코엠텍,KOSDAQ GLOBAL,12240,-1.69,79701,981489075,509706684720,-3.0879,1.2407,-4.0752,-29.6147,Materials,1차 철강 제조업,0.647577
416180,신성에스티,KOSDAQ,25200,2.86,113397,2899491150,227802405600,6.3291,11.2583,13.0045,-24.8882,Industrials,자동차 신품 부품 제조업,0.647512
001060,JW중외제약,KOSPI,26850,0.94,23336,626404575,625227220500,-2.1858,-2.7174,3.4682,-11.3861,Healthcare,의약품 제조업,0.647292
083310,엘오티베큠,KOSDAQ,11100,4.42,177085,1935091980,197691366300,15.7456,21.4442,16.9652,-19.2727,Industrials,특수 목적용 기계 제조업,0.646663
240550,동방메디컬,KOSDAQ,6060,-2.1,388829,2419624250,126859676400,9.7826,5.2083,21.2000,-9.5522,Healthcare,의료용 기기 제조업,0.645960
307180,아이엘,KOSDAQ,5780,0.52,156248,894810235,213372607280,9.0566,-4.3046,15.6000,7.6350,Other,전구 및 조명장치 제조업,0.645960
254490,미래반도체,KOSDAQ,16810,3.96,186675,3147527255,242702780000,12.9704,10.7378,-17.5980,-7.5866,Other,기타 전문 도매업,0.644895
001200,유진투자증권,KOSPI,4135,-1.55,257596,1070413267,400542638430,-2.4764,-2.2459,-2.7059,-16.6331,Financials,금융 지원 서비스업,0.644646
001530,DI동일,KOSPI,25100,-0.99,19520,489395500,519962087100,-5.9925,-0.3968,13.3183,23.3415,Other,상품 중개업,0.644563
000520,삼일제약,KOSPI,8100,2.4,109029,862780740,175703669100,15.2205,29.8077,25.3870,-18.9189,Healthcare,의약품 제조업,0.644264
051370,인터플렉스,KOSDAQ,7000,-1.82,275370,1924889560,163292304000,12.3596,19.6581,-8.2569,-49.2017,Technology,전자부품 제조업,0.644202
085660,차바이오텍,KOSDAQ,7960,1.92,123923,979009850,740063854160,1.6603,-1.8496,-30.0527,-56.9730,Healthcare,기초 의약물질 제조업,0.644084
376900,로킷헬스케어,KOSDAQ,28100,0.18,53063,1512266100,490212649000,1.0791,5.2434,-41.4583,-77.6807,Healthcare,의료용품 및 기타 의약 관련제품 제조업,0.643739
298050,HS효성첨단소재,KOSPI,159500,0.06,5507,874412450,714551706000,-5.2850,-3.6254,-6.7797,-27.3349,Materials,화학섬유 제조업,0.643584
456160,지투지바이오,KOSDAQ,32050,0.47,81131,2642635875,532973103300,-2.8788,-15.5468,-21.0591,-55.7931,Healthcare,의약품 제조업,0.643201
137310,에스디바이오센서,KOSPI,6070,-0.65,100108,607352450,732947049140,-1.4610,-6.1824,-0.6547,-21.2711,Healthcare,의료용 기기 제조업,0.643068
336570,원텍,KOSDAQ,4845,-1.42,241118,1173515902,432564729870,-3.2934,6.1336,-18.0203,-30.5874,Healthcare,의료용 기기 제조업,0.642999
383310,에코프로에이치엔,KOSDAQ,21650,-1.59,95663,2084042300,454107277800,-4.6256,-8.4567,-22.8164,-25.8562,Materials,기타 화학제품 제조업,0.642993
475830,오름테라퓨틱,KOSDAQ,25000,-1.57,666525,17079849600,543822900000,-50.6903,-65.5172,-56.6724,-77.3960,Healthcare,기초 의약물질 제조업,0.642479
117730,티로보틱스,KOSDAQ,14370,9.36,572469,8324228325,324159077910,16.5450,11.2229,4.9671,-25.5440,Industrials,특수 목적용 기계 제조업,0.642393
445680,큐리옥스바이오시스템즈,KOSDAQ,49600,5.08,49758,2425916900,854345070400,4.7518,-7.6350,8.0610,-54.6203,Healthcare,의료용 기기 제조업,0.642357
172670,에이엘티,KOSDAQ,13770,4.87,79746,1095577200,123382766430,19.1176,39.0909,35.1325,18.7069,Technology,반도체 제조업,0.642025
038500,삼표시멘트,KOSDAQ GLOBAL,6630,-1.04,229613,1528671635,715485108780,-2.5000,-9.4262,-26.2514,-61.3861,Materials,기타 비금속 광물제품 제조업,0.642018
019010,베뉴지,KOSDAQ,4920,-1.01,190979,939183775,237144000000,2.1807,12.0729,-5.7471,1.6529,Consumer,종합 소매업,0.641615
236200,슈프리마,KOSDAQ,55200,6.56,35123,1917488100,384981967200,7.3930,-2.8169,33.3333,10.6212,Technology,통신 및 방송 장비 제조업,0.641526
100590,머큐리,KOSDAQ,4995,2.15,1714699,8773169380,85612027275,3.5233,41.3013,27.5862,-15.3390,Technology,통신 및 방송 장비 제조업,0.641259
003620,KG모빌리티,KOSPI,2470,-1.79,601692,1498473108,499866032640,-5.5449,-7.6636,-12.5664,-30.0283,Industrials,자동차용 엔진 및 자동차 제조업,0.641054
002780,진흥기업,KOSPI,6740,-0.15,37078,250361345,98047952760,-2.1771,761.8926,771.9276,582.1862,Industrials,토목 건설업,0.641038
0011T0,채비,KOSDAQ,5420,-1.99,117410,642057465,254466783220,1.6886,16.4339,-18.1269,,Utilities,전동기  발전기 및 전기 변환 · 공급 · 제어 장치 제조업,0.640960
036830,솔브레인홀딩스,KOSDAQ GLOBAL,41500,5.87,63358,2566434925,850915211500,0.9732,-6.9507,7.5130,-17.0000,Other,회사 본부 및 경영 컨설팅 서비스업,0.640873
028100,동아지질,KOSPI,19700,3.09,94715,1848566385,221075704900,0.2035,13.2835,23.8994,11.8683,Other,기반조성 및 시설물 축조관련 전문공사업,0.640747
036530,SNT홀딩스,KOSPI,45500,-1.09,11816,536987325,741826813000,-0.5464,0.2203,-6.7623,-27.4322,Financials,기타 금융업,0.640511
052460,아이크래프트,KOSDAQ,5960,0,206014,1262443340,87063298560,1.0169,-5.6962,131.4563,80.6061,Technology,컴퓨터 프로그래밍  시스템 통합 및 관리업,0.640282
004690,삼천리,KOSPI,130900,0.31,3834,497547400,474745109300,-0.9834,0.6923,16.3556,-13.0810,Utilities,연료용 가스 제조 및 배관공급업,0.640224
462350,이노스페이스,KOSDAQ,6600,1.38,280750,1878161035,223618375200,6.9692,13.9896,-24.1379,-60.9467,Industrials,항공기 우주선 및 부품 제조업,0.640114
042000,카페24,KOSDAQ,18030,20.2,951709,16755115650,435932387070,17.0019,8.2233,3.5017,-37.8276,Technology,자료처리  호스팅  포털 및 기타 인터넷 정보매개 서비스업,0.639811
075580,세진중공업,KOSPI,9960,-0.99,110652,1105545705,566220581760,-0.4000,-1.4837,-30.0562,-42.1267,Other,선박 및 보트 건조업,0.639659
039440,에스티아이,KOSDAQ,21400,2.88,68572,1459342475,331850805800,11.8662,10.8808,-18.3206,-32.4921,Industrials,특수 목적용 기계 제조업,0.639223
123330,제닉,KOSDAQ,24100,-0.82,153948,3769141725,192045188000,-2.4291,-15.5867,19.9005,-11.8830,Materials,기타 화학제품 제조업,0.639018
007610,선도전기,KOSPI,4415,-1.78,358320,1606175855,79470000000,16.0315,13.3504,14.5266,47.1667,Utilities,전동기  발전기 및 전기 변환 · 공급 · 제어 장치 제조업,0.638996
073490,LIG아큐버,KOSDAQ,31950,-0.16,29795,955561525,242942879700,1.1076,7.2148,13.7011,-20.1250,Technology,통신 및 방송 장비 제조업,0.638488
047920,HLB제약,KOSDAQ,7400,-0.54,332938,2492020120,242715234400,12.1212,-2.3747,-39.3443,-51.8229,Healthcare,자연과학 및 공학 연구개발업,0.638179
130660,한전산업,KOSPI,12290,-5.97,366383,4587801400,400654000000,-3.0757,13.2719,4.0644,-39.0074,Other,건축기술  엔지니어링 및 관련 기술 서비스업,0.638136
107640,한중엔시에스,KOSDAQ,40250,3.87,77926,3143783225,364864076500,-6.6125,11.1878,12.9032,-21.9961,Utilities,전동기  발전기 및 전기 변환 · 공급 · 제어 장치 제조업,0.638110
189330,씨이랩,KOSDAQ,11240,-0.35,225877,2582189110,105456872160,-2.6840,-25.5629,37.0732,153.1532,Technology,소프트웨어 개발 및 공급업,0.637841
069080,웹젠,KOSDAQ GLOBAL,11310,1.53,58468,658736080,350231963250,1.4350,4.5287,-5.1174,-6.9136,Technology,소프트웨어 개발 및 공급업,0.637785
460930,현대힘스,KOSDAQ,12930,-0.92,65405,848934565,459152976030,-0.4619,-2.4887,2.4564,-42.2768,Other,선박 및 보트 건조업,0.637496
064260,다날,KOSDAQ,4370,-0.23,533077,2336504129,330570647090,-1.6873,-16.7619,-2.1277,-34.9702,Technology,소프트웨어 개발 및 공급업,0.637280
065680,우주일렉트로,KOSDAQ,27550,6.99,56292,1535702950,254574976050,27.2517,27.2517,-9.0759,-2.9930,Technology,전자부품 제조업,0.636703
005810,풍산홀딩스,KOSPI,36750,-2,12427,462488550,529835481000,-0.9434,-2.9062,3.9604,0.8230,Financials,기타 금융업,0.636666
0155E0,해치텍,KOSDAQ,12840,0,640175,8442480785,70455006000,5.2459,,,,Technology,반도체 제조업,0.636480
212560,네오오토,KOSDAQ,10410,0.58,93581,971267170,140392882680,1.2646,11.3369,28.3600,30.7789,Industrials,자동차 신품 부품 제조업,0.636135
258790,소프트캠프,KOSDAQ,6980,1.45,88437,628299710,34887826880,15.5629,58.4563,91.2329,455.7325,Technology,소프트웨어 개발 및 공급업,0.635859
064960,SNT모티브,KOSPI,25500,0.2,23249,593327025,676776936000,-2.2989,-3.5917,-5.0279,-24.2199,Industrials,자동차 신품 부품 제조업,0.635444
264850,이랜시스,KOSDAQ,5720,1.06,230070,1330848610,173285180640,2.1429,-1.0381,27.6786,-5.7661,Technology,전자부품 제조업,0.635387
032350,롯데관광개발,KOSPI,11730,2.27,141796,1641744425,935179622340,-0.1702,-9.6302,-20.7968,-41.2030,Consumer,여행사 및 기타 여행보조 서비스업,0.635370
030520,한컴,KOSDAQ,17230,4.42,160686,2722784035,416616989120,2.1945,0.0000,-4.2246,-15.3317,Technology,소프트웨어 개발 및 공급업,0.635263
005950,이수화학,KOSPI,10580,-0.09,122329,1297007150,278192308020,-4.1667,-12.2720,-8.6356,33.5859,Materials,기초 화학물질 제조업,0.635262
044820,코스맥스비티아이,KOSPI,26150,3.77,17100,442780975,251142534150,2.5490,11.9914,56.3060,63.9498,Financials,기타 금융업,0.635122
348210,넥스틴,KOSDAQ,33350,1.06,30791,1019155950,349408116750,8.4553,0.1502,-26.2983,-56.0606,Industrials,특수 목적용 기계 제조업,0.635070
004100,태양금속,KOSPI,3075,0.82,539105,1666775898,112852500000,6.0345,23.2465,14.5251,-2.6899,Industrials,자동차 신품 부품 제조업,0.635047
002030,아세아,KOSPI,213500,0.71,1591,338434000,439564902000,0.4706,11.3139,26.4062,-22.5045,Other,회사 본부 및 경영 컨설팅 서비스업,0.634988
005090,SGC에너지,KOSPI,48900,-6.86,218773,10868206350,704616383700,-8.2552,-19.8361,12.2847,-22.8707,Other,전기업,0.634512
018290,브이티,KOSDAQ,11120,-1.68,125084,1403472375,388553238560,-4.1379,-11.2530,-2.2847,-26.4064,Materials,기타 화학제품 제조업,0.634301
017940,E1,KOSPI,91700,-1.93,4005,369527800,629062000000,-2.4468,-0.8649,15.3459,-7.9317,Other,기타 전문 도매업,0.634203
094170,동운아나텍,KOSDAQ,27350,-0.36,27882,765184225,571886749600,2.2430,-19.0828,-20.4942,-7.4450,Technology,반도체 제조업,0.632633
228850,레이언스,KOSDAQ,7910,0.25,74750,590585195,131234920740,11.0955,8.5048,36.8512,24.7634,Healthcare,의료용 기기 제조업,0.632618
303810,동국생명과학,KOSDAQ,2800,-7.74,13244896,40239591092,89555592000,21.2121,25.0000,13.8211,-14.6341,Healthcare,의약품 제조업,0.632513
004430,송원산업,KOSPI,11280,-0.27,55233,625028775,270720000000,-2.7586,0.2667,14.5178,23.4136,Materials,기타 화학제품 제조업,0.632131
419050,삼기에너지솔루션즈,KOSDAQ,1936,20.77,36461754,70194600212,110731920640,24.1026,23.0769,33.3333,24.6619,Industrials,자동차 신품 부품 제조업,0.632060
190510,나무가,KOSDAQ,15690,-0.32,50405,796255205,220998623730,-5.2536,19.3156,20.5995,-11.9034,Technology,전자부품 제조업,0.631811
192400,쿠쿠홀딩스,KOSPI,27250,1.3,8578,231381975,969069541250,1.4898,-3.0249,14.2558,-3.8801,Financials,기타 금융업,0.631480
230240,에치에프알,KOSDAQ,13810,0.88,183631,2561407705,183797290000,10.4800,5.9862,-31.1222,-47.8868,Technology,통신 및 방송 장비 제조업,0.630754
439090,마녀공장,KOSDAQ,15390,-1.16,50895,785469540,252292271400,-2.9022,-10.3669,20.3284,29.5455,Materials,기타 화학제품 제조업,0.630743
417010,나노팀,KOSDAQ,6580,4.11,704907,4778242730,132736550240,6.9919,32.3944,20.0730,-35.9299,Industrials,일반 목적용 기계 제조업,0.630322
455900,엔젤로보틱스,KOSDAQ,21250,0.24,22933,488065525,327100846250,5.1980,5.7214,3.6585,-20.2627,Industrials,특수 목적용 기계 제조업,0.630307
460860,동국제강,KOSPI,9390,-5.44,225792,2150703650,465819279630,-5.7229,1.1853,6.1017,0.0000,Materials,1차 철강 제조업,0.630294
033500,동성화인텍,KOSDAQ,15930,-1.79,59033,944780715,477732639420,-2.1499,-6.7330,-11.5000,-36.5339,Materials,기초 화학물질 제조업,0.630222
067160,SOOP,KOSDAQ GLOBAL,36500,0.27,30944,1131245200,419558995500,-0.9498,-4.5752,-20.2186,-40.5537,Technology,소프트웨어 개발 및 공급업,0.629479
049430,코메론,KOSDAQ,23100,0.43,18104,414990200,209008800000,1.5385,14.9254,19.7512,29.4118,Technology,측정  시험  항해  제어 및 기타 정밀기기 제조업; 광학기기 제외,0.628540
049070,인탑스,KOSDAQ,18100,-0.17,33132,602475155,284935630000,-0.8762,5.8480,0.8357,5.3551,Technology,통신 및 방송 장비 제조업,0.628478
432720,퀄리타스반도체,KOSDAQ,10690,-0.09,104074,1109032595,151665144680,6.6866,25.7647,-5.9807,-27.2789,Technology,반도체 제조업,0.628448
260970,에스앤디,KOSDAQ,57200,1.78,15064,870290000,165465528800,2.6930,5.7301,26.1301,6.7164,Consumer,기타 식품 제조업,0.628276
014820,동원시스템즈,KOSPI,20800,-0.95,19518,405621275,603018665600,-1.8868,-3.2558,9.4161,-19.3798,Materials,플라스틱제품 제조업,0.628144
094360,칩스앤미디어,KOSDAQ,11650,0.17,38818,451870395,248788942100,12.6692,13.6585,-5.5916,-28.8332,Technology,반도체 제조업,0.627558
397030,에이프릴바이오,KOSDAQ,18110,1.74,67857,1222180330,499089542020,2.4321,-9.1775,-54.3829,-69.4604,Healthcare,자연과학 및 공학 연구개발업,0.627417
092220,KEC,KOSPI,3165,5.68,1499785,4825596332,127083067620,5.3245,28.6585,-19.8734,76.9145,Technology,반도체 제조업,0.627121
484870,엠앤씨솔루션,KOSPI,17600,-1.29,52471,929503505,483325920000,-4.3998,17.0991,-76.2162,-83.8532,Industrials,특수 목적용 기계 제조업,0.626963
289080,SV인베스트먼트,KOSDAQ,2725,2.06,546407,1474688266,163876684925,8.3499,3.8095,37.5568,-17.7979,Financials,기타 금융업,0.626834
489460,바이오비쥬,KOSDAQ,11960,5.75,78288,916186350,176449312520,3.2815,12.4060,116.2749,39.8830,Materials,기타 화학제품 제조업,0.626597
009160,SIMPAC,KOSPI,4740,0.42,90183,431717207,309858388320,2.0452,-2.8689,20.3046,2.0452,Materials,1차 철강 제조업,0.626547
011760,현대코퍼레이션,KOSPI,25100,-3.28,28699,723453925,332047046600,-5.4614,-2.1442,9.8468,-3.6468,Other,상품 종합 도매업,0.626465
108860,셀바스AI,KOSDAQ,8800,-1.12,128904,1139818265,236850152000,1.3825,-6.3830,14.4343,-33.1307,Technology,소프트웨어 개발 및 공급업,0.626396
025540,한국단자,KOSPI,56000,-0.71,9513,532997500,566440000000,-0.5329,1.0830,-17.2821,-27.1782,Utilities,전동기  발전기 및 전기 변환 · 공급 · 제어 장치 제조업,0.626381
016610,DB증권,KOSPI,10290,-0.39,32924,339835110,436773342810,0.4883,10.8836,11.3636,-22.8057,Financials,금융 지원 서비스업,0.626063
211050,인카금융서비스,KOSDAQ,9990,-0.2,52020,515937740,492143933430,-3.5714,-4.7664,8.3514,-18.3156,Financials,보험 및 연금관련 서비스업,0.626046
194370,제이에스코퍼레이션,KOSPI,12710,-3.35,32102,409106225,368802994180,-0.7806,-1.2432,11.9824,6.0935,Other,가죽  가방 및 유사제품 제조업,0.625486
003010,혜인,KOSPI,9340,-6.41,343262,3285230045,118737056980,4.0089,-13.7581,114.9597,72.3247,Industrials,기계장비 및 관련 물품 도매업,0.625343
214370,케어젠,KOSDAQ,40200,2.16,56205,2244574625,2159343000000,-2.4272,-25.8303,-44.0890,-61.7143,Healthcare,기초 의약물질 제조업,0.624669
006220,제주은행,KOSPI,9570,-0.62,93502,895737485,361732190490,-5.3412,3.0140,-8.7703,-25.5832,Financials,은행 및 저축기관,0.624266
006650,대한유화,KOSPI,90800,-6.2,63516,5836637400,590200000000,-10.0099,9.5296,-22.4594,-32.7905,Materials,기초 화학물질 제조업,0.623940
249420,일동제약,KOSPI,13840,-1.21,106824,1487822550,437873407680,-4.0222,-8.6469,-21.2742,-54.0962,Healthcare,의약품 제조업,0.623780
009290,광동제약,KOSPI,6390,-0.16,83911,537572810,318220773120,0.6299,3.0645,14.7217,-29.0000,Healthcare,의약품 제조업,0.623672
060720,KH바텍,KOSDAQ,10950,-0.54,63786,701705820,259267989900,0.2747,8.9552,2.9135,-22.8873,Technology,전자부품 제조업,0.623564
357120,코람코라이프인프라리츠,KOSPI,4290,1.3,78223,332191577,417568668660,4.1262,0.4684,6.3197,-6.9414,Real Estate,부동산 임대 및 공급업,0.623307
086900,메디톡스,KOSDAQ,67400,0.15,8666,582992350,491918697800,-0.5900,0.0000,-12.6943,-34.3720,Healthcare,기초 의약물질 제조업,0.622943
099440,스맥,KOSDAQ,4175,-0.12,83389,349620322,284916169950,-0.9490,5.1637,46.7487,-13.6505,Industrials,특수 목적용 기계 제조업,0.622776
109670,씨싸이트,KOSDAQ,9900,12.88,898662,9423872575,57782359800,52.3077,145.0495,258.6957,86.7925,Consumer,봉제의복 제조업,0.622705
002310,아세아제지,KOSPI,8400,0.6,47853,391974780,331375884000,0.0000,8.1081,9.3750,-4.4369,Materials,골판지  종이 상자 및 종이용기 제조업,0.622547
025320,시노펙스,KOSDAQ,3790,0.53,275809,1041020966,349516653870,-0.5249,-3.0691,-20.7113,-35.4344,Technology,전자부품 제조업,0.622435
053260,금강철강,KOSDAQ,6960,-4.92,374864,2672852365,130291200000,-8.1794,31.8182,20.6239,58.1818,Materials,1차 철강 제조업,0.622100
340570,티앤엘,KOSDAQ,28400,2.71,95213,2719766700,456391408000,5.1852,-8.9744,-46.6165,-43.7624,Healthcare,의료용품 및 기타 의약 관련제품 제조업,0.621851
005420,코스모화학,KOSPI,10280,1.58,68819,705769135,394836583840,-1.4382,-4.9029,-4.9029,-27.6056,Materials,기타 화학제품 제조업,0.621814
005430,한국공항,KOSPI,84500,2.42,6198,518917300,267556997500,5.4931,3.6810,5.8897,50.0888,Industrials,기타 운송관련 서비스업,0.621355
078150,HB테크놀러지,KOSDAQ,2015,-0.25,731202,1488248780,191267422970,-1.2255,8.8013,-17.4180,-9.6413,Industrials,특수 목적용 기계 제조업,0.620770
445090,에이직랜드,KOSDAQ,21750,-1.58,26688,582309850,237633061500,8.4788,6.0976,-7.0513,-19.8895,Technology,반도체 제조업,0.620588
094480,갤럭시아머니트리,KOSDAQ,5560,0.36,160624,892662695,218117899280,7.1291,-6.7114,9.4488,-33.1731,Technology,소프트웨어 개발 및 공급업,0.620525
035810,이지홀딩스,KOSDAQ,4530,-1.2,156052,706914860,292258318050,-2.4758,1.6835,6.5882,-22.6962,Consumer,동물용 사료 및 조제식품 제조업,0.620518
412350,레이저쎌,KOSDAQ,5430,0,216042,1184565410,79294523490,14.3158,34.0741,18.8184,-25.9209,Industrials,특수 목적용 기계 제조업,0.620477
0120G0,삼양바이오팜,KOSPI,46500,-0.85,33978,1608563275,345767955000,-0.2146,-25.1208,0.3236,-57.6117,Healthcare,의약품 제조업,0.619485
005960,동부건설,KOSPI,8300,-3.26,55643,467460270,190457302900,-1.0727,12.9252,43.1034,-5.7889,Industrials,토목 건설업,0.619349
451760,컨텍,KOSDAQ,8300,1.84,184937,1542075110,137014524200,11.8598,19.4245,-18.8661,-55.7333,Technology,컴퓨터 프로그래밍  시스템 통합 및 관리업,0.619104
048770,TPC로보틱스,KOSDAQ,4200,-0.36,444452,1909056684,65931562200,-2.2119,46.5969,29.0323,37.7049,Industrials,일반 목적용 기계 제조업,0.618900
105840,우진,KOSPI,13770,-5.36,461426,6396487255,278121915900,-2.9598,15.3266,-16.9481,-46.9364,Technology,측정  시험  항해  제어 및 기타 정밀기기 제조업; 광학기기 제외,0.618750
0011A0,액스비스,KOSDAQ,12150,0.58,167551,2040862800,113404941000,-3.3413,42.9412,9.4595,-48.1876,Technology,기타 전기장비 제조업,0.618618
001230,동국홀딩스,KOSPI,2110,-0.71,235521,500687742,328121278650,-0.4717,8.7629,17.4833,-79.6528,Financials,기타 금융업,0.618588
215600,신라젠,KOSDAQ,2240,0.22,346289,773135731,310359983360,1.8182,-1.7544,-7.2464,-35.6322,Healthcare,자연과학 및 공학 연구개발업,0.618422
003200,일신방직,KOSPI,11100,0,80546,878182590,254856000000,-7.5000,2.3041,13.4969,-11.1289,Other,방적 및 가공사 제조업,0.617726
265520,AP시스템,KOSDAQ,19160,1.38,28372,541193730,288373730360,3.1216,1.5368,-7.8846,-10.2576,Industrials,특수 목적용 기계 제조업,0.617630
003850,보령,KOSPI,8280,0.24,48808,403889830,710318073960,-5.5872,-8.0000,-2.9308,-9.0110,Healthcare,의약품 제조업,0.617354
010780,아이에스동서,KOSPI,14960,-2.67,74059,1119222015,444681033280,-3.1088,-6.9652,-28.9311,-47.2310,Other,시멘트  석회  플라스터 및 그 제품 제조업,0.617208
015750,성우하이텍,KOSDAQ,5760,-1.2,113815,657939165,460800000000,-3.6789,-3.6789,-7.3955,-36.6337,Industrials,자동차 신품 부품 제조업,0.617096
002840,미원상사,KOSPI,136600,0.29,1285,175515650,614700000000,1.6369,3.6419,23.6199,3.3283,Materials,기타 화학제품 제조업,0.616644
079650,서산,KOSDAQ,6240,6.67,1040062,6332026565,124800000000,-5.0228,31.2303,-23.1527,317.3913,Other,시멘트  석회  플라스터 및 그 제품 제조업,0.616631
014950,삼익제약,KOSDAQ,9040,-3.32,498485,4560274690,91010995520,-11.7188,86.7769,5.1163,-15.2765,Healthcare,의약품 제조업,0.616529
095660,네오위즈,KOSDAQ,17930,1.19,26610,475366445,387941709870,-0.1670,-1.7534,4.4872,-26.6667,Technology,소프트웨어 개발 및 공급업,0.616476
013580,계룡건설,KOSPI,22450,-1.97,37523,844133900,200498862150,-1.3187,1.5837,19.4149,-14.4762,Industrials,토목 건설업,0.616319
156100,엘앤케이바이오,KOSDAQ,5910,2.96,175934,1042297685,132095314230,4.9734,44.8529,29.8901,-34.1871,Healthcare,의료용 기기 제조업,0.615726
052020,에스티큐브,KOSDAQ,8010,4.03,126572,995221635,544546160910,8.9796,0.1250,-17.5077,-48.7196,Industrials,기계장비 및 관련 물품 도매업,0.615380
060980,HL홀딩스,KOSPI,39000,0.13,13426,520404850,349297533000,-0.7634,-0.8895,-2.5000,-14.7541,Financials,기타 금융업,0.615285
178920,PI첨단소재,KOSPI,18200,0.22,21392,388608015,534467060400,-1.4618,-2.4129,-9.4527,-13.7441,Materials,플라스틱제품 제조업,0.615155
023760,한국캐피탈,KOSDAQ,1408,0.43,59864,84045195,222189141504,-0.1418,110.1493,107.3638,43.6735,Financials,기타 금융업,0.614912
007690,국도화학,KOSPI,36800,-1.87,11607,429910575,340798617600,-3.6649,-1.9973,12.7106,1.6575,Materials,기초 화학물질 제조업,0.614712
060280,큐렉소,KOSDAQ,7750,-2.27,164094,1287751770,319763372500,-0.6410,-9.8837,-16.6667,-48.0911,Consumer,기타 상품 전문 소매업,0.614701
136490,선진,KOSPI,10390,0.97,47242,487469945,247070085560,1.0700,-0.8588,17.4011,-1.7958,Consumer,동물용 사료 및 조제식품 제조업,0.614400
475040,스트라드비젼,KOSDAQ,3080,-1.28,322503,998684473,165781991760,-9.4118,3.0100,,,Technology,소프트웨어 개발 및 공급업,0.613830
268280,미원에스씨,KOSPI,133600,-0.74,1268,168102350,668000000000,-1.3294,0.5267,33.7337,6.2003,Materials,기초 화학물질 제조업,0.613515
475400,씨메스로보틱스,KOSDAQ,18280,0.83,64004,1189526005,215830022320,2.4664,1.2742,-10.8293,-44.2683,Industrials,특수 목적용 기계 제조업,0.613092
0008Z0,에스엔시스,KOSDAQ,23500,1.08,32349,749956100,221759254000,1.2931,3.9823,-2.8926,-17.6883,Utilities,전동기  발전기 및 전기 변환 · 공급 · 제어 장치 제조업,0.613012
452190,한빛레이저,KOSDAQ,4695,-0.42,228770,1080647904,112307015115,-7.3964,38.0882,12.4551,13.1325,Industrials,특수 목적용 기계 제조업,0.612815
264450,유비쿼스,KOSDAQ,11340,6.48,507179,5715481620,166306690620,10.0971,9.6712,13.1737,-20.6993,Technology,통신 및 방송 장비 제조업,0.612744
355150,코스텍시스,KOSDAQ,21300,3.9,136085,2942277550,166083555000,11.5183,11.0532,-24.8677,-4.2697,Technology,반도체 제조업,0.612663
199800,툴젠,KOSDAQ,33750,-1.03,28443,965707600,303669978750,3.2110,-7.5342,-29.8337,-30.2686,Healthcare,자연과학 및 공학 연구개발업,0.612620
030610,교보증권,KOSPI,10000,0.1,20154,201672895,1139629610000,-0.0999,0.0000,4.1667,-21.7527,Financials,금융 지원 서비스업,0.611343
031430,신세계인터내셔날,KOSPI,10340,-1.62,52794,545021920,361755240000,-1.0526,0.3883,-16.9478,-16.4782,Consumer,섬유  의복  신발 및 가죽제품 소매업,0.610802
448730,삼성FN리츠,KOSPI,4855,1.25,145793,710253151,442047750000,-8.9118,-9.7584,-9.2523,-9.7584,Real Estate,부동산 임대 및 공급업,0.610768
039130,하나투어,KOSPI,30400,-0.16,19323,588874975,470893932800,-5.4432,-5.2960,-9.2537,-27.5328,Consumer,여행사 및 기타 여행보조 서비스업,0.610031
228760,지노믹트리,KOSDAQ,11000,0.92,55564,607224320,273451222000,9.2354,-10.0572,-3.1690,-42.2572,Healthcare,자연과학 및 공학 연구개발업,0.609956
099190,아이센스,KOSDAQ,15860,-1.49,24973,396073970,469037502180,-0.3143,-11.6927,3.7958,-17.8238,Healthcare,의료용 기기 제조업,0.609817
003570,SNT다이내믹스,KOSPI,26050,-4.05,63760,1679109350,866232756850,-3.6969,-12.7303,-29.6896,-45.0422,Industrials,자동차 신품 부품 제조업,0.609380
114090,GKL,KOSPI,8860,-0.23,50444,447550930,548041236200,-2.6374,-4.0087,-18.5662,-25.9197,Consumer,유원지 및 기타 오락관련 서비스업,0.608556
118990,모트렉스,KOSDAQ,6810,-0.15,71036,483470600,167099496510,2.8701,22.9242,18.6411,-22.4374,Industrials,자동차 신품 부품 제조업,0.608221
068790,DMS,KOSDAQ,7700,-0.39,27995,214903685,170817754800,10.1574,1.1827,76.6055,-1.2821,Industrials,특수 목적용 기계 제조업,0.608127
097800,윈팩,KOSDAQ,2430,-1.62,154796,381602785,66314809350,17.1084,24.3603,13.8173,494.1320,Technology,반도체 제조업,0.607940
253450,스튜디오드래곤,KOSDAQ GLOBAL,20350,0.99,24519,498402125,611690434300,-5.5684,-5.1282,-3.7825,-46.0212,Communication,영화  비디오물  방송프로그램 제작 및 배급업,0.607933
002350,넥센타이어,KOSPI,5590,0,81657,453968455,545963432430,-0.1786,-14.3951,-12.9283,-24.4595,Materials,고무제품 제조업,0.607925
121440,골프존홀딩스,KOSDAQ,7530,-2.21,17796,135211300,322561239540,-2.8387,-0.1326,68.2682,51.2048,Other,상품 중개업,0.607647
142210,유니트론텍,KOSDAQ,6170,-0.16,143822,877690245,128036156510,4.5763,6.0137,9.9822,11.1712,Industrials,자동차 부품 및 내장품 판매업,0.607354
290740,액트로,KOSDAQ,12450,-2.28,46745,585985920,125309386950,-1.1120,66.2216,29.0155,-36.4796,Technology,전자부품 제조업,0.607274
389260,대명에너지,KOSDAQ,12830,0.55,67209,867725810,229866449750,-1.0031,0.6275,2.8045,-38.0193,Industrials,건물 건설업,0.606512
232680,라온로보틱스,KOSDAQ,10070,-0.4,101446,1039280590,133503025000,9.3377,9.3377,-2.7992,-33.0897,Industrials,특수 목적용 기계 제조업,0.606105
036030,케이티알파,KOSDAQ,4925,0.51,75632,373712188,241419269425,0.8188,5.4604,12.8293,2.4974,Other,상품 중개업,0.606026
357580,아모센스,KOSDAQ,7040,1,252337,1734423985,82999924480,9.3168,35.3846,1.7341,-65.6585,Technology,전자부품 제조업,0.605795
122350,삼기,KOSDAQ,1637,2.18,9059094,15320031828,62761643636,0.5528,10.6081,50.7366,5.9547,Industrials,자동차 신품 부품 제조업,0.605263
393210,토마토시스템,KOSDAQ,4060,22.47,15207842,60700410311,63395048640,86.2385,69.1667,59.8425,-7.3059,Technology,소프트웨어 개발 및 공급업,0.605129
093050,LF,KOSPI,21650,0.93,12673,273118475,633046000000,-3.1320,-7.8723,2.1226,-5.0439,Consumer,봉제의복 제조업,0.604956
365340,성일하이텍,KOSDAQ,34200,-1.3,18033,621590825,441902133000,-2.8409,-5.0000,-19.9063,-38.9286,Materials,기초 화학물질 제조업,0.604870
162300,신스틸,KOSDAQ,2180,-2.68,595384,1304660008,90407612760,-13.8340,40.4639,16.2047,33.7423,Materials,1차 철강 제조업,0.604615
469610,이노테크,KOSDAQ,15630,-3.52,69491,1099686580,139777527000,2.7613,1.4935,11.4041,-17.6502,Industrials,특수 목적용 기계 제조업,0.604350
314130,지놈앤컴퍼니,KOSDAQ,4835,14.3,1394937,6398033324,252867719875,45.1952,14.0330,8.5297,-50.5624,Healthcare,기초 의약물질 제조업,0.604049
001250,GS글로벌,KOSPI,2535,-0.78,335291,853080983,209223091740,-2.5000,-2.3121,-3.4286,-2.3121,Other,상품 종합 도매업,0.603953
089790,제이티,KOSDAQ,5990,1.7,100097,604010290,61789922870,16.0853,49.7500,32.8160,5.6437,Industrials,특수 목적용 기계 제조업,0.603945
094820,일진파워,KOSDAQ,11800,-3.36,81293,968365330,177928766200,0.9410,7.0780,-3.8305,-30.1775,Technology,전기 및 통신 공사업,0.603815
108670,LX하우시스,KOSPI,32350,-1.67,13192,431567200,290104124500,-3.8633,-6.0958,8.1940,11.1684,Materials,플라스틱제품 제조업,0.603807
009470,삼화전기,KOSPI,25950,-0.95,36014,944939000,171628629000,0.1931,17.4208,-12.6263,-31.1671,Technology,전자부품 제조업,0.603703
003030,세아제강지주,KOSPI,101000,-6.05,30802,3166188050,418307357000,-3.4417,0.0991,-12.7053,-46.5891,Financials,기타 금융업,0.603411
003720,삼영,KOSPI,6440,0,106814,690412040,218960000000,0.7825,-1.0753,-9.2958,-7.6040,Materials,플라스틱제품 제조업,0.603002
001500,현대차증권,KOSPI,7840,-0.38,39272,308653930,484771064960,-0.3812,0.5128,-4.6229,-28.1393,Financials,금융 지원 서비스업,0.602997
000390,SP삼화,KOSPI,7040,-0.28,66948,471992010,191512421760,2.1771,12.6400,17.5292,-28.8889,Materials,기타 화학제품 제조업,0.602714
102120,어보브반도체,KOSDAQ,7680,-1.16,121557,937218120,136556183040,11.3043,9.7143,-12.7273,-32.8084,Technology,반도체 제조업,0.602557
009410,태영건설,KOSPI,1618,-0.68,177156,287734648,516875175666,-3.7478,0.8100,-1.9394,-12.2084,Industrials,토목 건설업,0.602354
256840,한국비엔씨,KOSDAQ,2635,-2.59,536977,1441789777,180220524610,-7.2183,7.9918,1.1516,-32.2622,Healthcare,기초 의약물질 제조업,0.602051
000490,대동,KOSPI,7540,-1.69,110307,835990400,217354562100,-4.1931,-0.7895,5.4545,-22.5873,Industrials,특수 목적용 기계 제조업,0.600913
237880,클리오,KOSDAQ,11900,-1.49,41922,500776175,215049100700,-1.7341,-7.1038,26.1930,0.0841,Materials,기타 화학제품 제조업,0.600755
484810,티엑스알로보틱스,KOSDAQ,11980,-0.58,96204,1164726035,185101961700,-2.3635,-12.2987,15.0817,-23.3525,Industrials,일반 목적용 기계 제조업,0.600651
036620,감성코퍼레이션,KOSDAQ,3715,1.64,142187,525806369,333840836960,-0.5355,-3.3810,-10.5897,-30.1692,Other,기타 전문 도매업,0.600525
474610,RF시스템즈,KOSDAQ,7800,1.56,91787,724916770,112438716000,10.7955,15.7270,6.8493,-14.2857,Industrials,기타 금속 가공제품 제조업,0.600136
278280,천보,KOSDAQ,34700,0.73,16814,582851325,425179967500,-6.5949,-4.6703,-15.2625,-26.1702,Materials,기초 화학물질 제조업,0.600090
0088M0,메쥬,KOSDAQ,13740,5.45,250716,3462135910,135775245000,11.3452,4.7256,-18.8902,,Healthcare,의료용 기기 제조업,0.599664
424870,이뮨온시아,KOSDAQ,3080,-2.07,465710,1445335900,281518988520,-12.5000,3.1826,-14.5631,-63.2458,Healthcare,자연과학 및 공학 연구개발업,0.599594
405100,큐알티,KOSDAQ,14210,1.36,23471,333471980,174630967210,5.6506,25.3086,11.2764,-19.2614,Other,그외 기타 전문  과학 및 기술 서비스업,0.599361
376300,디어유,KOSDAQ,17040,1.97,35119,594722925,404502438240,-0.8149,-6.9361,-17.2816,-49.1343,Technology,소프트웨어 개발 및 공급업,0.599226
092200,디아이씨,KOSPI,5560,-0.18,148196,826513550,216220443640,2.7726,-8.0992,-0.3584,-37.2460,Industrials,자동차 신품 부품 제조업,0.598807
317450,명인제약,KOSPI,42000,-0.12,6732,283334725,613200000000,-1.2926,-8.4967,-0.7092,-25.1337,Healthcare,의약품 제조업,0.598309
064850,에프앤가이드,KOSDAQ,19880,6.71,50922,994553865,226837400160,15.5814,19.3994,-24.5541,8.6933,Technology,기타 정보 서비스업,0.598084
344820,KCC글라스,KOSPI,23700,0.85,13601,320814675,378501134400,-3.4623,-4.8193,10.2326,-7.2407,Other,유리 및 유리제품 제조업,0.597990
217190,제너셈,KOSDAQ,7520,3.58,122697,917582380,98916282720,9.9415,17.6839,46.0194,24.9169,Industrials,특수 목적용 기계 제조업,0.597444
461300,아이스크림미디어,KOSDAQ,18580,0.11,16877,314852560,247744475140,1.5301,0.5956,14.9041,2.0879,Technology,소프트웨어 개발 및 공급업,0.597441
053300,한국정보인증,KOSDAQ,5060,-0.2,130456,665361690,200199638760,-6.2963,6.1910,12.9464,-16.0862,Technology,소프트웨어 개발 및 공급업,0.597218
014830,유니드,KOSPI,60100,0,6183,371551000,406732760000,-1.4754,-3.2206,-5.0553,-28.1959,Materials,기초 화학물질 제조업,0.597202
039830,오로라,KOSDAQ,15610,-1.08,25369,398604070,168008712900,11.7394,-12.4509,-14.9782,54.5545,Other,전문디자인업,0.596926
290690,아리바이오홀딩스,KOSDAQ,3980,2.05,412975,1663698118,211229763900,0.5051,1.9206,-31.1419,0.5051,Other,전구 및 조명장치 제조업,0.596853
002710,TCC스틸,KOSPI,11190,-5.65,104783,1193686495,293331269430,-2.6110,7.5962,3.4196,-14.7753,Materials,1차 철강 제조업,0.596704
041520,이엘씨,KOSDAQ,12590,1.21,13395,165790290,153456110700,7.6068,15.3987,55.2404,41.7793,Technology,측정  시험  항해  제어 및 기타 정밀기기 제조업; 광학기기 제외,0.596637
244920,에이플러스에셋,KOSPI,12600,-0.94,25292,318945040,284856931800,-7.2165,-4.1096,28.9662,15.0685,Financials,보험 및 연금관련 서비스업,0.596385
317330,덕산테코피아,KOSDAQ,12690,0.55,29186,371220190,259847850960,-6.7597,23.9258,-2.3846,-15.9046,Materials,기타 화학제품 제조업,0.595957
432320,KB스타리츠,KOSPI,1637,0.24,184409,302154872,246801134545,-0.8480,14.5556,25.5368,-32.6337,Real Estate,부동산 임대 및 공급업,0.595795
206650,유바이오로직스,KOSDAQ,8240,-0.96,76354,634368535,302839009680,-0.9615,-8.6475,-6.4699,-41.1008,Healthcare,의약품 제조업,0.595752
002810,삼영무역,KOSPI,20950,-2.33,14183,298155075,386882560600,-3.0093,-10.6610,9.6859,4.8549,Other,기타 전문 도매업,0.595613
030210,다올투자증권,KOSPI,3905,1.43,86752,338144815,237857868930,-0.2554,2.0915,18.8737,-4.2892,Financials,금융 지원 서비스업,0.595207
284740,쿠쿠홈시스,KOSPI,24000,0.84,6240,149170200,538495920000,1.2658,5.0328,14.5585,-4.0000,Real Estate,개인 및 가정용품 임대업,0.595189
037710,광주신세계,KOSPI,34650,0.43,17143,593142025,264281509800,0.0000,-5.3279,-19.2308,-11.0398,Consumer,종합 소매업,0.594931
008730,율촌화학,KOSPI,14870,2.06,49781,742961460,368776000000,-0.7343,-1.8482,-5.6472,-36.0430,Materials,플라스틱제품 제조업,0.594835
017860,DS단석,KOSPI,12210,0.83,42065,511302060,215550871140,1.8349,5.6228,2.6050,-35.8718,Materials,기타 화학제품 제조업,0.593696
001390,KG케미칼,KOSPI,4215,-0.24,111843,470251111,279891325740,-3.2147,-2.2042,0.4768,-19.7143,Materials,기초 화학물질 제조업,0.592992
091440,한울소재과학,KOSDAQ,3090,4.57,558438,1697414920,113787229140,14.4444,6.0034,22.6190,-0.3226,Technology,통신 및 방송 장비 제조업,0.592898
067080,대화제약,KOSDAQ,11450,3.9,90720,1033882870,213160642500,1.5972,7.0093,16.3618,-18.6212,Healthcare,의약품 제조업,0.592665
377450,리파인,KOSDAQ,14250,-1.66,16918,242488555,246952500000,-4.1695,-14.2599,59.5745,25.2197,Technology,기타 정보 서비스업,0.592334
089980,상아프론테크,KOSDAQ,15330,-1.41,26838,414656745,245111937210,3.0935,6.6806,-5.3704,-35.8577,Materials,플라스틱제품 제조업,0.592252
071280,로체시스템즈,KOSDAQ,8030,10.15,586377,4577458625,122831722090,16.7151,23.1595,25.2730,0.1247,Industrials,특수 목적용 기계 제조업,0.592059
039860,나노엔텍,KOSDAQ,4190,0.48,140848,592760298,159609892070,1.4528,9.9738,13.5501,-27.2569,Healthcare,의료용 기기 제조업,0.591590
174900,앱클론,KOSDAQ,19600,1.98,59853,1179361625,391061728400,-3.2099,-34.9917,-32.4138,-70.9630,Healthcare,의료용품 및 기타 의약 관련제품 제조업,0.591527
389470,인벤티지랩,KOSDAQ,24500,-2,45287,1119472025,326038846000,0.0000,-18.0602,-39.2060,-65.3955,Healthcare,자연과학 및 공학 연구개발업,0.590956
261780,아리바이오랩,KOSDAQ,3515,2.03,719595,2495483605,101780255640,-12.6708,50.5353,32.3917,-38.3333,Healthcare,자연과학 및 공학 연구개발업,0.590712
484590,삼양컴텍,KOSDAQ,6630,2.31,123665,818481145,273225283500,1.3761,9.4059,-10.0407,-43.7659,Other,무기 및 총포탄 제조업,0.590433
002020,코오롱,KOSPI,23900,0,38342,915872350,308493552000,-2.4490,-2.0492,-50.2083,-53.5019,Financials,기타 금융업,0.589968
071090,하이스틸,KOSPI,3410,-3.4,615929,2087630400,68852916110,8.5987,13.1012,7.2327,-2.7104,Materials,1차 철강 제조업,0.589797
459510,나우로보틱스,KOSDAQ,15690,0.71,33655,531828890,203630813580,-1.6917,5.7991,3.3597,-22.5185,Industrials,특수 목적용 기계 제조업,0.589787
241520,DSC인베스트먼트,KOSDAQ,8100,0,83035,676537325,215460000000,3.5806,-2.9940,-12.6214,-40.0000,Financials,신탁업 및 집합투자업,0.589737
086960,MDS테크,KOSDAQ,2045,-1.21,348580,719818830,86971130150,4.9256,7.8586,-5.1044,74.9358,Technology,소프트웨어 개발 및 공급업,0.589387
173130,오파스넷,KOSDAQ,7510,4.74,214017,1601985700,97979012230,9.1570,35.0719,13.7879,-0.2656,Technology,컴퓨터 프로그래밍  시스템 통합 및 관리업,0.589356
105630,한세실업,KOSPI,8550,-0.58,46635,398787465,342000000000,-4.4693,-5.5249,4.3956,-28.7500,Consumer,봉제의복 제조업,0.589016
001290,상상인증권,KOSPI,4055,-0.12,28482,114643267,87861404320,-2.1713,301.4851,406.8750,231.8331,Financials,금융 지원 서비스업,0.588924
078520,에이블씨엔씨,KOSPI,10530,-1.22,31786,335065360,262864875780,5.3000,-8.0349,6.6869,-21.4179,Materials,기타 화학제품 제조업,0.588903
023410,유진기업,KOSDAQ,3215,-0.77,159949,514714683,248554424545,-0.7716,-0.9245,-8.2739,-23.9053,Other,시멘트  석회  플라스터 및 그 제품 제조업,0.588898
299660,셀리드,KOSDAQ,2620,-9.19,7834941,23978768091,77297799740,18.5520,14.6608,7.8189,-0.1905,Healthcare,자연과학 및 공학 연구개발업,0.588848
054450,텔레칩스,KOSDAQ,10060,-0.2,53226,533983300,152350983980,9.1106,7.2495,-5.8934,-21.4063,Technology,반도체 제조업,0.588786
078160,메디포스트,KOSDAQ,8970,0,31991,289269070,351665288910,3.4602,1.9318,0.3356,-56.5617,Healthcare,기초 의약물질 제조업,0.588727
010690,화신,KOSPI,7340,-2.26,163637,1206438125,256315809400,-2.3936,-10.0490,-39.3388,-36.0070,Industrials,자동차 신품 부품 제조업,0.588601
115500,케이씨에스,KOSDAQ,10080,4.46,488290,5038789685,120960000000,-1.1765,16.9374,-8.4469,11.6279,Technology,컴퓨터 프로그래밍  시스템 통합 및 관리업,0.588544
108380,대양전기공업,KOSDAQ,18340,-3.63,33643,621132250,175464887220,-0.0545,5.2813,8.7782,-32.0741,Other,선박 및 보트 건조업,0.588189
034830,한국토지신탁,KOSPI,1133,-1.82,359249,408897929,286070297590,-3.8200,0.7111,3.3759,-30.3198,Financials,신탁업 및 집합투자업,0.588141
096760,JW홀딩스,KOSPI,4325,1.17,42344,182390404,319725374150,1.0514,7.0545,16.8919,-0.6889,Financials,기타 금융업,0.588045
003000,부광약품,KOSPI,3930,-0.13,91081,360004424,387752157030,0.0000,-5.4152,-3.7944,-44.7257,Healthcare,의약품 제조업,0.587790
007540,샘표,KOSPI,47400,0.85,18741,886765550,136312920000,-3.8540,6.6367,14.6312,-13.5036,Financials,기타 금융업,0.587434
064550,바이오니아,KOSDAQ,8180,-0.97,116250,956006350,211128180380,-11.1835,-8.7054,21.0059,-28.9931,Healthcare,의료용품 및 기타 의약 관련제품 제조업,0.587421
394800,쓰리빌리언,KOSDAQ,5800,23.27,3785681,21608822940,184570807400,42.8571,6.6176,-9.2332,-55.9939,Healthcare,자연과학 및 공학 연구개발업,0.587244
053350,이니텍,KOSDAQ,4560,0.44,47748,214896790,100416056400,2.4719,17.8295,93.6306,44.7619,Technology,소프트웨어 개발 및 공급업,0.587224
052900,KX하이텍,KOSDAQ,1121,0.99,870861,976562085,85944928890,12.1000,12.2122,-9.2308,-1.3204,Materials,플라스틱제품 제조업,0.587049
088800,에이스테크,KOSDAQ,2205,1.15,375358,846370084,166491686970,-10.0000,26.2164,5.7554,-47.4374,Technology,통신 및 방송 장비 제조업,0.586934
117580,대성에너지,KOSPI,7040,0.43,79848,564208730,193600000000,-1.4006,4.7619,5.2317,-31.8490,Utilities,연료용 가스 제조 및 배관공급업,0.586151
005250,녹십자홀딩스,KOSPI,9440,-0.84,31614,299789665,443946302400,-0.3168,-8.3495,-7.6321,-31.7426,Other,회사 본부 및 경영 컨설팅 서비스업,0.585569
246960,SCL사이언스,KOSDAQ,2720,11.25,477149,1256293632,92526367840,20.0883,34.3210,75.2577,31.7191,Healthcare,의료용품 및 기타 의약 관련제품 제조업,0.585316
004090,한국석유,KOSPI,11530,-0.52,91817,1060711160,146363203600,-2.9461,3.8739,3.8739,-33.3141,Materials,기타 비금속 광물제품 제조업,0.585104
183190,아세아시멘트,KOSPI,10420,-0.76,17066,178035425,374893594240,0.8712,3.7849,16.0356,-13.9554,Other,시멘트  석회  플라스터 및 그 제품 제조업,0.584980
058430,포스코스틸리온,KOSPI,4510,-2.38,152249,693824274,270600000000,-3.5294,-1.9565,-14.7448,-89.8992,Materials,1차 철강 제조업,0.584932
006660,삼성공조,KOSPI,12430,-1.11,92201,1157457425,101010083020,0.6478,-6.8914,26.3211,6.6953,Industrials,자동차 신품 부품 제조업,0.584795
145990,삼양사,KOSPI,45600,-0.44,4317,196653900,470293274400,-4.9009,0.7735,9.3525,-2.6681,Consumer,기타 식품 제조업,0.584794
036800,나이스정보통신,KOSDAQ,7420,-0.54,103228,766096030,337610000000,-5.2363,0.9524,-73.3094,-71.4615,Technology,전기 통신업,0.584320
004560,현대비앤지스틸,KOSPI,12420,-0.72,34893,438511640,187278832620,-0.6400,9.0430,8.0000,-24.1295,Materials,1차 철강 제조업,0.584131
352480,씨앤씨인터내셔널,KOSDAQ,21950,-0.23,10913,240820300,299176326950,2.0930,0.2283,7.3350,-17.1698,Materials,기타 화학제품 제조업,0.584016
199820,제일일렉트릭,KOSDAQ,7580,-1.3,90306,686807080,168427600000,1.2016,7.0621,-10.5077,-30.5225,Utilities,전동기  발전기 및 전기 변환 · 공급 · 제어 장치 제조업,0.583443
092460,한라IMS,KOSDAQ,16300,1.88,16591,269894760,278887784000,0.7417,-8.2724,9.0301,2.9690,Other,선박 및 보트 건조업,0.582812
378340,필에너지,KOSDAQ,11720,-2.5,22610,266862490,253666297040,-0.0853,13.4560,-0.8460,-15.8650,Industrials,특수 목적용 기계 제조업,0.582776
012860,모베이스전자,KOSDAQ,2275,-0.22,391921,899116124,166606114675,2.9412,-1.0870,-14.4737,-38.2632,Industrials,자동차 신품 부품 제조업,0.582711
015230,대창단조,KOSPI,6590,-3.51,57725,384554650,178876455800,-2.8024,7.8560,13.8169,1.3846,Industrials,자동차 신품 부품 제조업,0.582636
037350,성도이엔지,KOSDAQ,7700,-0.13,132303,1014409025,117117000000,7.9944,7.2423,-15.9389,-29.2279,Other,건축기술  엔지니어링 및 관련 기술 서비스업,0.582360
001790,대한제당,KOSPI,2805,-1.06,116459,328319814,241908571575,-2.9412,-0.1779,12.2000,-4.7538,Other,곡물가공품  전분 및 전분제품 제조업,0.582127
015590,DKME,KOSPI,2110,0,72259,152573085,112666209880,-1.1710,43.6351,8.6509,309.7087,Industrials,일반 목적용 기계 제조업,0.582028
126560,현대퓨처넷,KOSPI,3335,-0.45,48806,163397681,364185468400,0.1502,3.2508,14.6048,2.7735,Technology,전기 통신업,0.581875
145720,덴티움,KOSPI,36600,-1.88,9744,359663900,315634410600,-2.5300,-0.6784,-8.9552,-26.4322,Healthcare,의료용 기기 제조업,0.581430
950250,테라뷰,KOSDAQ,3160,-4.53,421176,1362474869,112802305120,1.6077,37.6906,26.4000,-59.8475,Financials,기타 금융업,0.581243
065710,서호전기,KOSDAQ,44750,-0.44,6930,310906100,230462500000,-0.7761,2.6376,1.5891,-0.7761,Utilities,전동기  발전기 및 전기 변환 · 공급 · 제어 장치 제조업,0.581239
084650,랩지노믹스,KOSDAQ,2925,17,789606,2220505885,43430394150,485.0000,377.1615,267.4623,118.2836,Healthcare,자연과학 및 공학 연구개발업,0.581116
052860,아이앤씨,KOSDAQ,6790,-0.73,22755,155523760,121315938660,-2.3022,23.9051,67.6543,71.2484,Technology,반도체 제조업,0.580729
112290,와이씨켐,KOSDAQ,10520,2.14,73024,762687020,212725866800,5.8350,5.7286,-4.3636,-58.8258,Materials,기타 화학제품 제조업,0.580485
147830,제룡산업,KOSDAQ,7100,0,68664,486822275,142000000000,3.3479,7.5758,4.7198,-7.1895,Other,구조용 금속제품  탱크 및 증기발생기 제조업,0.580289
187870,디바이스,KOSDAQ,11940,6.51,164027,1930031885,165521497680,20.1207,10.1476,-18.3869,-42.0388,Industrials,특수 목적용 기계 제조업,0.579803
097520,엠씨넥스,KOSPI,18340,0.99,20766,379993140,319143510000,-3.9791,-7.6071,-6.7616,-18.6696,Communication,영상 및 음향기기 제조업,0.579452
008490,서흥,KOSPI,19830,-2.32,18980,378136145,229415510790,-2.3153,-12.0621,15.0232,-0.7508,Materials,기타 화학제품 제조업,0.579403
271940,일진하이솔루스,KOSPI,11000,-2.74,18616,207631105,399445090000,-1.3453,4.3643,7.5269,-33.8147,Industrials,그외 기타 운송장비 제조업,0.579357
377740,바이오노트,KOSPI,4645,-0.54,43275,199515410,473260692960,-1.3800,-6.2563,4.3820,-13.6617,Healthcare,의료용품 및 기타 의약 관련제품 제조업,0.579255
487570,HS효성,KOSPI,49450,2.59,13064,631010100,184247090150,3.3438,9.2818,5.2128,-12.3227,Financials,기타 금융업,0.579151
304100,솔트룩스,KOSDAQ,15070,-0.99,39947,603736680,189789394850,0.6008,-14.3750,15.0382,-31.9639,Technology,소프트웨어 개발 및 공급업,0.578888
403850,더핑크퐁컴퍼니,KOSDAQ,12170,-1.14,41178,503136135,174651791700,-4.4741,6.1029,19.9015,-29.2442,Communication,영화  비디오물  방송프로그램 제작 및 배급업,0.578613
092230,KPX홀딩스,KOSPI,95300,-1.04,1429,137373900,402608763800,-0.9356,-2.5562,20.3283,16.6463,Materials,기초 화학물질 제조업,0.578492
331920,셀레믹스,KOSDAQ,11350,3.84,92326,1074864775,126910649250,-0.6130,27.5281,-6.4303,26.1111,Healthcare,기초 의약물질 제조업,0.578471
099750,이지케어텍,KOSDAQ,7230,0.28,93710,682585030,98755820790,7.9104,8.8855,15.3110,-18.3973,Technology,소프트웨어 개발 및 공급업,0.577954
018250,애경산업,KOSPI,11070,-0.09,26811,295484515,292357980450,-1.1607,-2.9798,0.8197,-22.6955,Materials,기타 화학제품 제조업,0.577213
025820,이구산업,KOSPI,4320,0.23,145157,636943203,144469440000,2.0071,-3.5714,4.0964,-11.4754,Materials,1차 비철금속 제조업,0.577082
017510,세명전기,KOSDAQ,7720,-1.28,88912,691717070,117699120000,4.8913,9.0395,1.0471,-18.9076,Industrials,기타 금속 가공제품 제조업,0.577068
234690,녹십자웰빙,KOSDAQ,8970,0.45,64316,576705515,161130711300,-3.2362,4.1812,17.8712,-27.1916,Healthcare,의약품 제조업,0.576994
432470,케이엔에스,KOSDAQ,10090,-0.88,75388,774637395,88505000040,3.1697,14.6591,33.6424,-26.2966,Industrials,특수 목적용 기계 제조업,0.576910
095570,AJ네트웍스,KOSPI,4285,2.76,177133,754511127,193908072315,3.6276,-1.4943,5.0245,-16.1448,Industrials,산업용 기계 및 장비 임대업,0.576304
200670,휴메딕스,KOSDAQ,24250,0.21,19055,460991050,272325802500,-3.9604,-3.1936,-11.4964,-30.4161,Healthcare,의약품 제조업,0.576186
024720,콜마홀딩스,KOSPI,9240,-1.91,21818,203096655,316897433160,-1.7021,-8.3333,23.2000,-0.6452,Financials,기타 금융업,0.576164
002240,고려제강,KOSPI,16560,-1.49,12862,214392005,447120000000,-1.7794,-1.8957,-8.3056,-22.0706,Materials,1차 철강 제조업,0.575888
002420,우양피앤엘,KOSPI,6180,-1.75,23124,141636200,192617523120,10.3571,10.7527,24.0964,9.1873,Energy,연료 소매업,0.575776
357880,SKAI,KOSDAQ,1937,1.1,758425,1476358111,104996679151,9.9319,13.2749,-35.5408,-53.2690,Technology,소프트웨어 개발 및 공급업,0.575316
136480,하림,KOSDAQ,2640,-0.19,99563,263211315,280393613280,0.1898,-0.1890,-0.3774,-17.8849,Other,도축  육류 가공 및 저장 처리업,0.575128
146320,비씨엔씨,KOSDAQ,10570,1.15,40100,424507570,135274046110,12.8068,7.5280,-9.6581,-29.5803,Technology,반도체 제조업,0.574577
025000,KPX케미칼,KOSPI,57000,0.88,2975,168920200,236363895000,3.0741,5.5556,17.2840,13.3201,Materials,기초 화학물질 제조업,0.574489
029530,신도리코,KOSPI,39300,0.38,5481,212268100,381828149700,1.9455,-4.6117,-1.0076,-30.3191,Technology,컴퓨터 및 주변장치 제조업,0.574283
228340,동양파일,KOSDAQ,3450,-1,294024,1012407065,69000000000,-12.4365,17.9487,43.1535,57.5342,Other,시멘트  석회  플라스터 및 그 제품 제조업,0.574203
298000,효성화학,KOSPI,51600,-0.58,12069,624208700,195657447600,-6.5217,-15.8238,-15.2709,32.6478,Materials,기초 화학물질 제조업,0.574064
472850,폰드그룹,KOSDAQ,4925,0,37804,186150440,283540386100,0.0000,0.4077,20.2686,-6.0115,Consumer,섬유  의복  신발 및 가죽제품 소매업,0.574016
153890,져스텍,KOSDAQ,10000,-4.03,236553,2412029800,120503050000,0.9082,-24.8685,,,Utilities,전동기  발전기 및 전기 변환 · 공급 · 제어 장치 제조업,0.573955
200880,서연이화,KOSPI,10800,-1.55,31554,342029500,291907119600,-1.6393,-11.6203,-0.6440,-21.5116,Industrials,자동차 신품 부품 제조업,0.573721
033530,SJG세종,KOSPI,6700,-0.15,52729,352535810,181250403300,0.6006,0.1495,15.5172,-15.2971,Industrials,자동차 신품 부품 제조업,0.572851
054210,이랜텍,KOSDAQ,6580,-3.52,159804,1056256805,166416161800,-4.4993,-3.9416,-11.6779,-35.4269,Technology,전자부품 제조업,0.572698
025560,미래산업,KOSPI,6520,3.16,353459,2296853800,181116980560,11.8353,-9.1922,-84.8372,-51.7751,Technology,측정  시험  항해  제어 및 기타 정밀기기 제조업; 광학기기 제외,0.572247
067280,멀티캠퍼스,KOSDAQ,25950,2.37,15534,401036500,153799915050,11.1349,8.8050,13.5667,-7.8153,Consumer,기타 교육기관,0.572082
005680,삼영전자,KOSPI,12720,0.32,20515,259607760,254400000000,3.1630,4.0065,-8.2913,-22.7217,Technology,전자부품 제조업,0.572050
493280,아이엠바이오로직스,KOSDAQ,17670,10.99,315717,5435943045,262328130870,10.3685,17.5649,-22.8384,-76.1216,Healthcare,자연과학 및 공학 연구개발업,0.571978
115450,HLB테라퓨틱스,KOSDAQ,1987,0.25,330261,646093054,188135705178,-2.3587,-0.6500,-12.0796,-34.0962,Other,기타 전문 도매업,0.571508
126720,수산인더스트리,KOSPI,21350,-1.39,11160,239335000,305006100000,-1.1574,1.9093,1.6667,-26.7581,Technology,전기 및 통신 공사업,0.571453
464080,에스오에스랩,KOSDAQ,9990,3.42,104622,1034780410,179955554310,3.2025,5.6025,-0.1000,-36.0845,Technology,측정  시험  항해  제어 및 기타 정밀기기 제조업; 광학기기 제외,0.571354
290720,푸드나무,KOSDAQ,3050,0.49,117406,356884315,116355282650,7.7739,5.7192,26.8191,-6.4417,Consumer,무점포 소매업,0.571058
073010,케이에스피,KOSDAQ,3325,-2.35,125453,422141827,133635906250,-1.9174,18.9624,6.9132,-9.4005,Industrials,일반 목적용 기계 제조업,0.570806
243840,신흥에스이씨,KOSDAQ,5440,-0.73,59901,328711970,209756798400,-4.5614,7.5099,6.6667,-13.3758,Other,일차전지 및 이차전지 제조업,0.570623
017390,서울가스,KOSPI,54500,-0.37,4559,247754450,269775000000,-0.7286,0.1838,4.0076,-17.7979,Utilities,연료용 가스 제조 및 배관공급업,0.570496
058860,KTis,KOSPI,2575,5.1,5043256,13838265700,89615150000,1.7787,1.1788,5.5328,-8.3630,Technology,기타 정보 서비스업,0.570343
001340,PKC,KOSPI,5120,5.79,286444,1446171873,230543815680,5.0256,2.6052,-21.2308,-19.8748,Materials,기초 화학물질 제조업,0.569968
170900,동아에스티,KOSPI,34450,-1.15,7906,272909800,335125500450,-3.6364,-9.1029,1.6224,-20.1622,Healthcare,의약품 제조업,0.569738
027410,BGF,KOSPI,3710,-1.46,61405,228098312,355109294610,-1.8519,-5.8376,-2.8796,-16.4414,Financials,기타 금융업,0.568887
140070,서플러스글로벌,KOSDAQ,2195,1.86,138740,302772402,81188660000,9.2040,20.0109,38.9241,14.1446,Industrials,기계장비 및 관련 물품 도매업,0.568779
064820,케이프,KOSDAQ,7600,-2.94,53399,408606115,234537634000,-2.0619,0.7958,-16.7579,-27.7567,Other,선박 및 보트 건조업,0.568624
286940,롯데이노베이트,KOSPI,17230,-3.26,20872,363236605,260678993410,-3.9576,-6.3587,0.0000,-24.4298,Technology,컴퓨터 프로그래밍  시스템 통합 및 관리업,0.568590
215000,골프존,KOSDAQ,35750,0,8548,305667775,224346086250,1.5625,2.7299,-7.7419,-26.8916,Technology,소프트웨어 개발 및 공급업,0.568549
035600,KG이니시스,KOSDAQ,9910,-0.4,21121,209838300,273064440940,-0.9000,-0.9000,5.8761,-3.9729,Technology,소프트웨어 개발 및 공급업,0.568287
036890,진성티이씨,KOSDAQ,11970,-0.5,29879,356198895,263730497310,-1.8852,-2.2059,-13.1980,-27.3665,Industrials,특수 목적용 기계 제조업,0.568125
151860,KG에코솔루션,KOSDAQ,5390,-1.82,50431,272836705,256580180780,-3.4050,-1.1009,6.9444,-15.9126,Industrials,자동차 차체나 트레일러 제조업,0.567912
004360,세방,KOSPI,13390,-0.67,17050,226199440,255957924170,-0.8148,1.1329,7.9839,-12.9389,Industrials,도로 화물 운송업,0.567558
100120,뷰웍스,KOSDAQ,25850,2.17,13108,339187950,231910974350,2.5794,-2.4528,13.6264,-0.9579,Healthcare,의료용 기기 제조업,0.567502
214180,헥토이노베이션,KOSDAQ,14030,0.57,25685,359758830,182296939010,4.3123,-3.0408,4.2348,-27.1169,Technology,기타 정보 서비스업,0.567425
304360,에스바이오메딕스,KOSDAQ,20150,0.25,16852,338968790,251494729200,-1.7073,4.8933,-10.0446,-37.6161,Healthcare,의약품 제조업,0.567400
033270,유나이티드제약,KOSPI,17630,-0.11,13540,239512440,280506963250,-2.1643,-2.3810,2.9189,-12.2886,Healthcare,의약품 제조업,0.567396
138610,나이벡,KOSDAQ,15280,0.59,34840,531367905,173699877040,8.2153,-8.4482,-11.7273,-46.6667,Healthcare,의료용품 및 기타 의약 관련제품 제조업,0.567046
348080,큐라티스,KOSDAQ,4105,7.6,164898,648709875,52657926065,10.7962,35.7025,1037.1191,301.6634,Healthcare,자연과학 및 공학 연구개발업,0.566969
0007C0,아크릴,KOSDAQ,19040,-7.8,178569,3517312565,152897368960,-3.9354,25.5937,12.7294,-47.1111,Technology,소프트웨어 개발 및 공급업,0.566746
198440,강동씨앤엘,KOSDAQ,1639,1.05,458814,748637506,99867377544,-14.1885,30.5976,-24.2956,54.0414,Other,시멘트  석회  플라스터 및 그 제품 제조업,0.566360
043150,바텍,KOSDAQ,17460,-0.8,18884,330802400,259355309760,-0.6826,-10.0000,-1.9101,-23.0837,Healthcare,의료용 기기 제조업,0.566328
011500,한농화성,KOSPI,13070,0.62,31238,408111540,204376138940,0.0766,1.1610,-8.9199,-35.2970,Materials,기타 화학제품 제조업,0.566265
187790,나노,KOSDAQ,3060,1.83,482739,1483670489,94372939800,2.0000,4.6154,-17.1854,-17.2973,Materials,기초 화학물질 제조업,0.565945
900290,GRT,KOSDAQ,3385,-4.11,203400,699037552,313964453725,-5.8414,-15.4806,26.3060,-41.6379,Financials,기타 금융업,0.565902
067630,HLB생명과학,KOSDAQ,2620,-0.19,112439,293915499,319422691960,0.7692,-6.9272,-17.8683,-33.8384,Healthcare,의료용품 및 기타 의약 관련제품 제조업,0.565643
402490,그린리소스,KOSDAQ,7140,-0.83,109250,783664830,120917449380,5.9347,14.0575,-23.3906,-45.4962,Technology,반도체 제조업,0.565362
950190,고스트스튜디오,KOSDAQ,9650,-3.11,69607,679678350,125614619350,-13.1413,11.4319,4.8913,17.6829,Technology,소프트웨어 개발 및 공급업,0.564923
255220,SG,KOSDAQ,1196,6.31,9721549,11161191835,131037709192,7.2646,0.0000,-19.3527,-55.8672,Materials,기타 비금속 광물제품 제조업,0.564621
004440,삼일씨엔에스,KOSPI,5020,-2.33,743750,4287308320,63914373940,0.9045,2.8689,10.8168,-27.3517,Other,시멘트  석회  플라스터 및 그 제품 제조업,0.563791
078020,LS증권,KOSDAQ,6530,-1.21,21748,142347360,362292170700,2.5118,-0.6088,8.4718,-17.6545,Financials,금융 지원 서비스업,0.563781
003300,한일홀딩스,KOSPI,17510,-0.51,6805,119038075,539858584440,-1.2408,-3.6854,10.6827,-12.4500,Other,시멘트  석회  플라스터 및 그 제품 제조업,0.563704
098070,한텍,KOSDAQ,23900,-8.43,186728,4538206025,265795269900,-3.6290,-0.4167,-11.1524,-55.0752,Other,구조용 금속제품  탱크 및 증기발생기 제조업,0.563606
334890,이지스밸류플러스리츠,KOSPI,3670,1.66,56534,205735925,254876666610,0.8242,-2.5232,9.8802,-11.2455,Real Estate,부동산 임대 및 공급업,0.563579
298830,슈어소프트테크,KOSDAQ,4035,-0.37,136396,552008121,215705043465,-5.6140,-2.7711,-6.1628,-44.3448,Technology,소프트웨어 개발 및 공급업,0.563441
083930,아바코,KOSDAQ,12110,0.25,20814,251703930,177741485390,3.1516,6.5084,5.5798,-10.9559,Industrials,특수 목적용 기계 제조업,0.563041
014280,금강공업,KOSPI,4365,-2.13,129317,569450197,128022643305,-1.6892,0.4603,12.2108,-12.1730,Materials,1차 철강 제조업,0.562771
052420,오성첨단소재,KOSDAQ,9810,-0.61,17222,169683445,95569108290,2.4008,7.8022,34.7527,605.7554,Materials,플라스틱제품 제조업,0.562673
084110,휴온스글로벌,KOSDAQ,21300,-0.7,21655,463101625,269653995600,-4.2697,-6.5789,-13.2383,-67.7761,Healthcare,의약품 제조업,0.562558
474170,루미르,KOSDAQ,6940,-1.28,98169,690743470,123654810240,3.1204,13.7705,-11.1396,-53.2974,Industrials,항공기 우주선 및 부품 제조업,0.562509
054950,제이브이엠,KOSDAQ,23000,0,8672,200250100,278067516000,-0.6479,-5.3498,9.7852,-6.6937,Industrials,일반 목적용 기계 제조업,0.562267
417500,제이아이테크,KOSDAQ,3965,-0.63,97557,385478156,129991509960,-0.6266,11.2202,18.1818,-18.2474,Materials,기타 화학제품 제조업,0.562135
143240,사람인,KOSDAQ,17320,-0.97,14096,243951460,185890900920,0.7563,-0.6881,13.4250,2.2432,Technology,자료처리  호스팅  포털 및 기타 인터넷 정보매개 서비스업,0.561952
005010,휴스틸,KOSPI,3830,-4.73,231714,900124421,215200327250,-1.6688,5.0754,-8.2635,-28.1426,Materials,1차 철강 제조업,0.561776
048910,대원미디어,KOSDAQ,7090,6.46,125302,867050445,89184727140,9.5827,28.4420,58.4358,-8.2794,Other,기타 전문 도매업,0.561620
035080,그래디언트,KOSDAQ,11900,0.08,23808,282055540,132972135100,-2.4590,0.5068,55.5556,-3.6437,Consumer,무점포 소매업,0.561619
013990,아가방컴퍼니,KOSDAQ,4765,-0.73,36044,170593535,156709109040,4.4956,12.6478,36.1429,-0.8325,Other,생활용품 도매업,0.561553
138360,앤로보틱스,KOSDAQ,1659,-1.89,393973,660322646,145948756506,0.3630,-2.1239,-21.3744,-13.7285,Industrials,특수 목적용 기계 제조업,0.561334
322310,오로스테크놀로지,KOSDAQ,14500,4.77,112862,1607227335,135814859000,17.9821,9.6823,-34.2404,-58.7482,Industrials,특수 목적용 기계 제조업,0.561329
061090,세나테크놀로지,KOSDAQ,36650,-1.74,7408,272002825,200385707500,-1.6107,-11.2591,22.7806,-1.6107,Technology,통신 및 방송 장비 제조업,0.561131
024900,디와이덕양,KOSPI,2220,5.21,535244,1184070323,72294255600,11.5578,31.2833,23.4705,8.8235,Industrials,자동차 신품 부품 제조업,0.561123
092070,디엔에프,KOSDAQ,13050,1.95,22417,290028585,151012746900,14.4737,1.1628,-6.7857,-33.5201,Materials,기타 화학제품 제조업,0.561098
005500,삼진제약,KOSPI,18450,-0.05,10969,202380790,245754000000,-0.5391,2.2727,0.2717,-0.1623,Healthcare,의약품 제조업,0.561071
445180,퓨릿,KOSDAQ,9000,12.64,276255,2423364170,154702692000,18.2654,6.8884,10.0244,5.8824,Materials,기초 화학물질 제조업,0.560978
148150,세경하이테크,KOSDAQ,4035,1.89,59889,240435915,143415270630,-2.0631,18.8513,29.9517,-9.4276,Technology,전자부품 제조업,0.560597
002630,오리엔트바이오,KOSPI,1829,-1.4,33231,60980697,54222078579,100.3286,95.1974,107.8409,248.3810,Healthcare,의약품 제조업,0.559052
037030,파워넷,KOSDAQ,3645,-1.49,236746,865624775,92994855840,3.1117,13.9063,-15.6250,-16.8757,Utilities,전동기  발전기 및 전기 변환 · 공급 · 제어 장치 제조업,0.558946
214680,디알텍,KOSDAQ,3820,-2.8,33688,130300247,63776470020,-4.3805,297.9167,289.7959,125.2358,Healthcare,의료용 기기 제조업,0.558818
141000,비아트론,KOSDAQ,9420,1.84,41940,393746910,114120568200,1.3994,9.5349,15.8672,-5.3266,Industrials,특수 목적용 기계 제조업,0.558767
039010,현대에이치티,KOSDAQ,8540,0.35,57904,500078385,73657500000,8.9286,14.7849,16.8263,3.5152,Technology,통신 및 방송 장비 제조업,0.558199
036010,아비코전자,KOSDAQ,7430,1.78,76984,566673440,98766499620,9.2647,12.5758,-16.2345,-18.8865,Technology,전자부품 제조업,0.558106
123890,한국자산신탁,KOSPI,2425,-0.21,73425,178130184,296756770550,-1.6227,-5.2734,14.1176,-14.9123,Financials,신탁업 및 집합투자업,0.558018
008350,남선알미늄,KOSPI,1063,-0.37,415424,441213598,137211072670,0.1885,6.4064,1.1418,-22.5783,Materials,1차 비철금속 제조업,0.557952
353810,이지바이오,KOSDAQ,6180,-1.28,45259,279329600,204446265600,-0.4831,-2.0602,-1.1200,-11.4613,Consumer,동물용 사료 및 조제식품 제조업,0.557836
214330,금호에이치티,KOSPI,6600,0.92,27892,183406150,69015731400,2.6439,0.3040,158.3170,1266.4596,Industrials,자동차 신품 부품 제조업,0.557435
026890,스틱인베스트먼트,KOSPI,7880,-0.25,24706,194111000,305514195560,-4.8309,-5.0602,17.4367,-17.8311,Financials,신탁업 및 집합투자업,0.556808
042520,한스바이오메드,KOSDAQ,17780,2.66,66408,1168451650,253567105260,-4.5113,-3.6314,-29.0220,-63.4908,Healthcare,의료용품 및 기타 의약 관련제품 제조업,0.556491
004980,성신양회,KOSPI,8140,0.49,31194,252550570,199560834220,0.4938,0.2463,4.2254,-17.9435,Other,시멘트  석회  플라스터 및 그 제품 제조업,0.556410
123410,코리아에프티,KOSDAQ,5910,0.68,37961,224412310,164540688240,4.0493,6.8716,15.4297,-17.8025,Industrials,자동차 신품 부품 제조업,0.556022
119830,아이텍,KOSDAQ,6230,-0.64,77740,482300570,165335079280,0.8091,-13.4722,-8.9181,-7.0149,Other,그외 기타 전문  과학 및 기술 서비스업,0.555524
217820,원익피앤이,KOSDAQ,2250,-0.22,231325,525327789,106772757750,-2.8078,17.8010,14.7959,-26.8293,Industrials,특수 목적용 기계 제조업,0.555155
043370,피에이치에이,KOSDAQ,11240,-0.09,16643,185752390,236040000000,2.9304,1.5357,-1.4035,-11.1462,Industrials,자동차 신품 부품 제조업,0.555133
217730,강스템바이오텍,KOSDAQ,2060,0,228283,464009214,193751546940,-3.9627,-10.2397,-9.4505,-21.6730,Healthcare,기초 의약물질 제조업,0.553637
418420,라온텍,KOSDAQ,4130,0.73,121022,498183612,127098924540,0.7317,11.9241,-10.7027,-29.2808,Technology,전자부품 제조업,0.553288
104480,티케이케미칼,KOSDAQ,1803,-0.17,116346,209201161,163884467502,4.9476,5.4386,15.7253,-16.9124,Materials,화학섬유 제조업,0.553083
323350,다원넥스뷰,KOSDAQ,9970,5.06,112961,1067364595,79867396840,23.2386,21.8826,-5.1380,-13.3043,Industrials,특수 목적용 기계 제조업,0.553059
008040,사조동아원,KOSPI,7480,-5.44,17415,132245960,105576160800,-6.1481,1043.7309,838.5194,611.0266,Other,곡물가공품  전분 및 전분제품 제조업,0.552939
404990,신한서부티엔디리츠,KOSPI,3915,1.03,41926,162174190,241273071900,4.5394,2.2193,-0.5083,-10.9215,Real Estate,부동산 임대 및 공급업,0.552175
377190,디앤디플랫폼리츠,KOSPI,2220,-0.67,113860,253948482,196248000000,-1.9868,3.0162,9.0909,-27.2131,Real Estate,부동산 임대 및 공급업,0.552168
000070,삼양홀딩스,KOSPI,58300,0.34,2097,121850400,452594035300,-3.4768,-2.3451,10.4167,-16.4756,Financials,기타 금융업,0.552144
037070,파세코,KOSDAQ,6420,0.63,36011,229724585,128400000000,3.2154,20.4503,18.4502,-22.0874,Other,가정용 기기 제조업,0.551735
003120,일성아이에스,KOSPI,21950,0.46,5260,115412250,291935000000,-0.4535,6.8127,14.3229,-5.9957,Healthcare,의약품 제조업,0.551180
104700,한국철강,KOSPI,9450,-1.15,13524,127250180,344452500000,0.0000,-4.7379,6.0606,1.0695,Materials,1차 철강 제조업,0.551104
475960,토모큐브,KOSDAQ,27850,2.01,15718,433551575,375311445900,1.2727,-14.3077,-23.8030,-49.8198,Technology,사진장비 및 광학기기 제조업,0.550953
321550,티움바이오,KOSDAQ,4440,-0.78,117810,521690770,133370829000,-1.5521,8.2927,3.9813,-63.0000,Healthcare,자연과학 및 공학 연구개발업,0.550649
226320,잇츠한불,KOSPI,10500,-0.1,13716,143061775,230257807500,0.8646,1.0587,16.9265,2.4390,Materials,기타 화학제품 제조업,0.550506
008970,KBI동양철관,KOSPI,1130,-3.42,671305,767111845,117256604910,-2.8375,9.8154,-11.5114,-34.1875,Materials,1차 철강 제조업,0.550479
211270,AP위성,KOSDAQ,9030,2.38,82571,745762370,136193205120,1.5748,16.0668,-0.8782,-46.4095,Technology,통신 및 방송 장비 제조업,0.550417
448280,에코아이,KOSDAQ,9340,1.08,11792,108455700,276754744860,3.3186,2.7503,31.5493,-23.2539,Other,기타 전문 서비스업,0.550413
002360,SH에너지화학,KOSPI,2610,23.11,1374746,3494287925,29005903530,71.9368,66.4541,56.1939,538.1418,Materials,기초 화학물질 제조업,0.550196
380550,뉴로핏,KOSDAQ,7740,5.02,766627,6307088800,94419222840,13.8235,0.7813,-26.2857,-63.6620,Technology,소프트웨어 개발 및 공급업,0.549967
234300,에스트래픽,KOSDAQ,3110,-0.8,116165,361067402,84616195800,9.1228,15.1852,9.5070,-6.8862,Technology,컴퓨터 프로그래밍  시스템 통합 및 관리업,0.549742
439580,블루엠텍,KOSDAQ,2710,-13.14,1839482,5070323720,91724142370,4.2308,54.7687,37.0071,-21.4493,Other,기타 전문 도매업,0.549667
320000,한울반도체,KOSDAQ,10630,2.21,93670,995769380,73492312100,-0.9320,13.2055,-48.0196,538.8221,Industrials,특수 목적용 기계 제조업,0.549618
041440,현대에버다임,KOSDAQ,6670,-1.91,63847,429195720,119004219040,1.9878,8.8091,-0.4478,-21.2515,Industrials,특수 목적용 기계 제조업,0.549572
014940,오리엔탈정공,KOSDAQ,4470,-1.54,70040,314807341,203714264670,0.4494,-3.6638,-9.3306,-34.6491,Industrials,일반 목적용 기계 제조업,0.549403
114190,강원에너지,KOSDAQ,8320,-1.3,39881,331580105,217343676160,-4.1475,-2.4619,-4.6964,-34.7451,Technology,기타 전기장비 제조업,0.549288
084690,대상홀딩스,KOSPI,7750,-0.13,22057,170484670,280647169500,-2.6382,2.5132,3.7483,-18.2489,Financials,기타 금융업,0.549235
287840,인투셀,KOSDAQ,17480,2.22,28361,498786690,262583860800,6.2614,-8.9583,-27.9175,-61.1987,Healthcare,자연과학 및 공학 연구개발업,0.549154
489500,엘케이켐,KOSDAQ,22800,0.88,12191,278816750,145720226400,4.3478,14.0000,-3.7975,-34.5768,Materials,기타 화학제품 제조업,0.548840
377480,마음AI,KOSDAQ,10350,0.29,153772,1593901510,73591346250,4.1247,-1.2405,0.7790,-32.4413,Technology,소프트웨어 개발 및 공급업,0.548446
226340,본느,KOSDAQ,4590,-2.75,167734,780095588,38512321560,-6.7073,-8.7475,117.0213,995.4654,Materials,기타 화학제품 제조업,0.547612
058650,세아홀딩스,KOSPI,127400,-2.23,847,108428050,516637066400,-3.9940,-3.9216,11.2664,-20.2753,Materials,1차 철강 제조업,0.546788
144510,지씨셀,KOSDAQ,14050,0.72,18082,251119520,221994833200,-0.8469,1.5907,-6.5203,-40.0853,Other,그외 기타 전문  과학 및 기술 서비스업,0.546605
095500,미래나노텍,KOSDAQ,6410,-1.08,68296,438279425,198774093590,-2.8788,-6.9666,-25.4651,-28.2195,Materials,플라스틱제품 제조업,0.546393
232830,아이티센피엔에스,KOSDAQ,2930,5.97,2741495,8760098676,48443817180,-15.8046,51.9710,63.5958,-1.3468,Technology,소프트웨어 개발 및 공급업,0.546226
270660,에브리봇,KOSDAQ,13640,2.1,26942,367717250,173099552120,1.7151,-0.1464,17.0815,-22.1017,Other,가정용 기기 제조업,0.546010
950210,프레스티지바이오파마,KOSPI,5970,1.88,26523,157506770,358774045350,0.3361,-2.6101,-0.5000,-42.3188,Healthcare,자연과학 및 공학 연구개발업,0.546005
267980,매일유업,KOSDAQ,33400,-1.33,5183,173534500,255965509200,-1.9090,-2.7656,5.1969,-8.4932,Other,동·식물성 유지 및 낙농제품 제조업,0.545917
093640,케이알엠,KOSDAQ,4765,0.11,27398,130338910,156500306740,2.6940,10.8140,43.7406,-0.7292,Technology,반도체 제조업,0.545915
900270,헝셩그룹,KOSDAQ,2765,-0.18,86089,238196835,34456437365,-4.8193,558.3333,268.6667,136.3248,Financials,기타 금융업,0.545343
129920,대성하이텍,KOSDAQ,6040,7.09,321885,1974926655,98142123840,18.1996,3.0717,21.6516,-47.5694,Industrials,특수 목적용 기계 제조업,0.545307
213500,한솔제지,KOSPI,7480,0,26781,200428000,178028308480,-0.2667,0.2681,19.2982,-10.3118,Materials,펄프  종이 및 판지 제조업,0.544589
128820,대성산업,KOSPI,4030,-0.62,90863,366928620,182298976340,-1.4670,0.7500,-10.6430,-43.5574,Energy,연료 소매업,0.544462
0001A0,덕양에너젠,KOSDAQ,8420,-0.59,35801,303642560,214448660040,-1.7503,-0.7075,-6.5483,-52.8027,Utilities,연료용 가스 제조 및 배관공급업,0.544429
0015G0,그린광학,KOSDAQ,14570,2.75,41786,608529780,170506022370,3.9971,4.2949,-7.7848,-57.3353,Technology,사진장비 및 광학기기 제조업,0.543971
394420,리센스메디컬,KOSDAQ,9710,1.89,63282,612696240,106807096710,8.1292,-17.9205,-54.8372,,Healthcare,의료용 기기 제조업,0.543901
483350,딜리셔스,KOSDAQ,3240,5.02,884611,2855122841,71777210400,5.7096,-7.0301,,,Consumer,무점포 소매업,0.543879
025900,동화기업,KOSDAQ,6730,-0.3,27327,184008600,340250528050,-3.1655,-7.1724,-1.3196,-33.1678,Other,나무제품 제조업,0.543877
431190,케이쓰리아이,KOSDAQ,4360,13.25,1695384,7672630935,32640887120,26.9287,65.7795,89.5652,6.2119,Technology,소프트웨어 개발 및 공급업,0.543596
102460,이연제약,KOSPI,10080,0.7,19905,198876100,187355054880,0.0993,0.6993,2.9622,-0.1980,Healthcare,의약품 제조업,0.543129
365270,큐라클,KOSDAQ,9570,3.8,100867,959039750,212042413440,4.0217,-12.6027,-21.8776,-45.0316,Healthcare,자연과학 및 공학 연구개발업,0.542773
009070,KCTC,KOSPI,4005,-2.79,132911,535570541,120150000000,0.7547,0.8816,-1.1111,-35.8173,Industrials,도로 화물 운송업,0.542648
204840,지엘팜텍,KOSDAQ,4320,-3.14,46113,199908580,67002340320,-4.9505,2.1277,410.6383,308.3176,Other,생활용품 도매업,0.542646
372320,큐로셀,KOSDAQ,21200,1.44,13937,294512550,322815622400,-1.1655,-10.9244,-33.1230,-56.2887,Healthcare,자연과학 및 공학 연구개발업,0.542590
307870,비투엔,KOSDAQ,1279,7.57,769796,940390082,95028785515,8.0236,29.1919,21.8095,9.4098,Technology,소프트웨어 개발 및 공급업,0.542527
003800,에이스침대,KOSDAQ,32350,-1.07,3257,105343750,358761500000,-0.1543,-1.3720,4.3548,-5.4094,Other,가구 제조업,0.542329
365660,레몬헬스케어,KOSDAQ,4350,-0.46,482319,2138017558,58531681650,-5.1254,-12.2099,,,Technology,소프트웨어 개발 및 공급업,0.542251
108230,톱텍,KOSDAQ,3150,-2.17,137547,437489774,119773221750,-1.2539,6.0606,3.7891,-25.3555,Industrials,특수 목적용 기계 제조업,0.541972
016590,신대양제지,KOSPI,9660,-1.43,12918,125992390,389276941200,-4.0715,-1.0246,4.0948,-19.9005,Materials,골판지  종이 상자 및 종이용기 제조업,0.541962
396470,워트,KOSDAQ,6760,0.6,40213,271444390,108971200000,3.0488,9.3851,17.7700,-2.5937,Industrials,특수 목적용 기계 제조업,0.541739
017810,풀무원,KOSPI,8720,-1.02,19976,175516890,332411126240,-0.7964,-9.8242,-6.2366,-30.1841,Consumer,기타 식품 제조업,0.541366
085670,뉴프렉스,KOSDAQ,3105,0.49,303108,953582056,76074862905,7.6256,8.5664,-11.1588,-47.1939,Technology,전자부품 제조업,0.541087
072870,메가스터디,KOSDAQ,13170,-0.15,17362,229009305,156999030030,0.4577,0.0000,5.4444,1.3857,Communication,서적  잡지 및 기타 인쇄물 출판업,0.541061
289930,웨이비스,KOSDAQ,8120,1.75,33681,271173705,106769961200,12.0000,25.1156,-8.4555,-57.2407,Technology,반도체 제조업,0.541017
082800,비보존 제약,KOSDAQ,2790,-1.41,108712,305556827,169407868140,-2.9565,-3.7931,2.5735,-19.5965,Healthcare,의약품 제조업,0.540992
000680,LS네트웍스,KOSPI,2910,-0.68,52325,153398144,229316776560,1.2174,-1.0204,5.2441,-7.9114,Other,상품 종합 도매업,0.540674
176750,듀켐바이오,KOSDAQ,6270,-0.95,30441,189535455,178624274400,9.2334,0.4808,-2.6398,-33.5805,Healthcare,의약품 제조업,0.540289
293780,압타바이오,KOSDAQ,6460,3.03,31611,202512220,181483396300,3.8585,4.5307,45.8239,-10.6501,Healthcare,자연과학 및 공학 연구개발업,0.540219
403550,쏘카,KOSPI,10600,-0.75,10771,114461260,402163385200,-2.2140,-3.8985,-6.1947,-3.6364,Industrials,운송장비 임대업,0.540080
005800,신영와코루,KOSPI,13510,-0.52,25703,349017130,121590000000,0.0741,0.5957,13.1491,-14.6557,Consumer,봉제의복 제조업,0.540044
125210,아모그린텍,KOSDAQ,6120,-0.65,90893,554958510,100960354800,-0.6494,10.6691,-11.6883,-13.8028,Technology,전자부품 제조업,0.539987
018310,삼목에스폼,KOSDAQ,14470,-1.7,12052,174913545,212709000000,-1.8318,7.2646,6.4753,-22.2043,Other,구조용 금속제품  탱크 및 증기발생기 제조업,0.539917
206640,바디텍메드,KOSDAQ,9350,0.54,28490,266458935,204839061350,-1.2672,-9.3113,-4.5918,-22.1482,Healthcare,의료용품 및 기타 의약 관련제품 제조업,0.539893
091700,파트론,KOSDAQ,5220,1.16,41378,214921060,261000000000,-0.7605,-5.6058,-10.4631,-37.8571,Technology,전자부품 제조업,0.539674
041020,폴라리스오피스,KOSDAQ,3020,0,107708,326752648,150045054860,-1.3072,4.3178,3.4247,-34.9138,Technology,소프트웨어 개발 및 공급업,0.539610
083500,에프엔에스테크,KOSDAQ,12200,3.04,74507,894011950,101337799400,12.3389,6.3644,-17.2320,-25.1074,Industrials,특수 목적용 기계 제조업,0.539517
264660,씨앤지하이테크,KOSDAQ,13490,1.58,21344,287833480,131138610280,4.0895,1.8113,4.2504,-24.0855,Industrials,특수 목적용 기계 제조업,0.539511
205100,엑셈,KOSDAQ,1378,-0.07,362305,499490708,93069257372,7.3209,2.0741,-1.7118,-27.4737,Technology,소프트웨어 개발 및 공급업,0.539053
003610,방림,KOSPI,5700,0.18,28283,160843610,183031434600,0.5291,3.6364,12.6482,1.7857,Other,직물직조 및 직물제품 제조업,0.538893
058970,엠로,KOSDAQ,16220,-1.82,12733,208057105,200524518680,1.6928,4.7804,-2.1123,-43.4843,Technology,소프트웨어 개발 및 공급업,0.538782
012800,대창,KOSPI,1166,-0.6,471858,557251308,106269821834,-1.7692,-1.0187,0.8651,-12.3967,Materials,1차 비철금속 제조업,0.538611
119610,인터로조,KOSDAQ,14400,-0.48,19045,275288760,164357956800,0.6289,4.1968,-9.3199,-25.9640,Healthcare,의료용 기기 제조업,0.538395
348350,위드텍,KOSDAQ,9290,-3.23,41291,385318080,90796744000,4.2649,-3.7306,26.9126,-7.5622,Technology,측정  시험  항해  제어 및 기타 정밀기기 제조업; 광학기기 제외,0.538216
142280,녹십자엠에스,KOSDAQ,3155,-1.56,251870,797878937,75603362805,2.9364,-0.1582,4.8173,-11.8715,Healthcare,의료용품 및 기타 의약 관련제품 제조업,0.537949
039980,폴라리스AI,KOSDAQ,4980,-2.54,94938,477067065,71618445720,-2.1611,-15.5932,1.6327,192.0821,Technology,컴퓨터 프로그래밍  시스템 통합 및 관리업,0.537803
000700,유수홀딩스,KOSPI,6640,-1.04,24225,161877700,172917631680,-0.3003,3.1056,23.1911,-2.9240,Other,회사 본부 및 경영 컨설팅 서비스업,0.537235
078070,유비쿼스홀딩스,KOSDAQ,8770,1.04,32506,283403445,149606053110,3.4198,-2.0112,4.4048,-35.8918,Financials,기타 금융업,0.537229
005670,푸드웰,KOSDAQ,6160,-0.81,261002,1665083580,61600000000,-1.2821,-0.4847,3.5294,3.8786,Other,과실  채소 가공 및 저장 처리업,0.537045
308430,셀비온,KOSDAQ,14700,4.03,23493,338428550,189707189700,12.0427,13.0769,-12.0813,-51.2438,Healthcare,의약품 제조업,0.536699
297090,씨에스베어링,KOSDAQ,4510,-0.88,75737,341400991,122987700000,-4.5503,19.6286,12.0497,-43.0556,Industrials,일반 목적용 기계 제조업,0.536625
072710,농심홀딩스,KOSPI,90000,0.33,1001,89821150,417401100000,-0.5525,-5.0633,6.5089,-6.2500,Financials,기타 금융업,0.536611
475230,엔알비,KOSDAQ,10180,-1.45,62565,632092045,110948592940,-9.9115,13.7430,14.8984,-55.3509,Industrials,기타 금속 가공제품 제조업,0.536526
008830,대동기어,KOSDAQ,6230,-0.48,119692,746477895,119503336680,2.1311,7.7855,-43.4151,-68.5671,Industrials,특수 목적용 기계 제조업,0.536188
001460,BYC,KOSPI,34950,-3.19,7077,248711100,218302942500,-6.5508,-6.8000,6.0698,-26.8063,Consumer,봉제의복 제조업,0.535998
140430,카티스,KOSDAQ,2535,1.4,259693,666869075,27097900245,-23.5294,49.5575,44.3622,308.2126,Technology,컴퓨터 프로그래밍  시스템 통합 및 관리업,0.535821
474650,링크솔루션,KOSDAQ,27100,-2.34,13850,379798900,155913942200,-2.6930,8.6172,-11.7264,-55.1325,Industrials,특수 목적용 기계 제조업,0.535791
000050,경방,KOSPI,7990,0,23236,184524575,219048007300,-2.4420,-2.5610,3.4974,-16.5971,Consumer,종합 소매업,0.535646
406820,뷰티스킨,KOSDAQ,2410,3.88,3088228,7709839471,34068138370,-5.1181,28.9460,41.5981,21.1664,Materials,기타 화학제품 제조업,0.535590
058850,KTcs,KOSPI,2175,3.57,933504,2035913718,90054678750,2.8369,-1.1364,-2.6846,-15.8607,Technology,기타 정보 서비스업,0.535357
460870,에스엠씨지,KOSDAQ,3080,0.33,87076,268658100,61825776320,12.6143,12.0000,61.2565,-14.0865,Other,유리 및 유리제품 제조업,0.534637
389020,자람테크놀로지,KOSDAQ,16190,0.43,63710,1025959055,111793277580,9.0970,-20.4423,-34.4534,-70.0185,Technology,반도체 제조업,0.534089
001940,KISCO홀딩스,KOSPI,26400,-4.35,6225,164561850,374256432000,-0.5650,-2.2222,8.6420,2.3256,Materials,1차 철강 제조업,0.534012
065450,빅텍,KOSDAQ,2910,0.52,264815,769247760,85832786730,4.1145,0.5181,-6.1290,-39.8760,Technology,측정  시험  항해  제어 및 기타 정밀기기 제조업; 광학기기 제외,0.533735
015360,INVENI,KOSPI,14570,0.69,7217,104959075,382462500000,0.4135,4.4444,5.1986,-81.3921,Other,회사 본부 및 경영 컨설팅 서비스업,0.533706
011370,서한,KOSDAQ,3675,0.27,15462,56644320,74157725775,-2.6490,369.3487,374.1935,247.3535,Industrials,건물 건설업,0.533687
419530,SAMG엔터,KOSDAQ,17220,-0.46,31040,533156090,175770343140,-0.6920,-15.5882,-23.8053,-49.2784,Communication,영화  비디오물  방송프로그램 제작 및 배급업,0.533637
066310,큐에스아이,KOSDAQ,8170,1.49,76758,628384010,75749143570,3.8119,15.8865,-1.0896,-38.0121,Technology,반도체 제조업,0.533316
457600,벡트,KOSDAQ,4345,-0.34,64644,278615070,59559087500,-4.5055,-6.9593,97.0522,97.0522,Communication,영상 및 음향기기 제조업,0.533224
007700,F&F홀딩스,KOSPI,13280,-0.52,7907,105307450,519438793760,-1.6296,-5.4804,-8.9788,-30.4712,Financials,기타 금융업,0.533056
099430,바이오플러스,KOSDAQ,3285,-0.61,82056,269457545,202489771770,0.7669,-3.5242,-23.3372,-35.5882,Healthcare,기초 의약물질 제조업,0.533053
140670,알에스오토메이션,KOSDAQ,10470,0.38,24620,256494360,134433124800,3.8690,9.5188,-2.5140,-38.0840,Technology,전자부품 제조업,0.532774
002320,한진,KOSPI,14120,-0.35,16368,230932990,219122857920,-2.6878,-6.4281,-8.4306,-28.7229,Industrials,도로 화물 운송업,0.532656
194480,데브시스터즈,KOSDAQ,14290,1.13,20877,298325500,173897153500,-0.8328,-4.4786,1.8532,-59.0544,Technology,소프트웨어 개발 및 공급업,0.532620
285800,진영,KOSDAQ,4435,-4.52,88099,396310403,15938423170,17.4834,505.0477,440.1949,154.0092,Materials,플라스틱제품 제조업,0.532545
102260,동성케미컬,KOSPI,3615,1.26,54725,196750144,183170571465,-1.2295,0.0000,1.9746,-10.6304,Materials,합성고무 및 플라스틱 물질 제조업,0.532221
025770,한국정보통신,KOSDAQ,7860,-0.63,12906,101602150,294311970060,-1.9950,-0.5063,7.3770,0.1274,Technology,전기 통신업,0.531789
460850,동국씨엠,KOSPI,5290,-0.94,38826,204659540,158163890240,-0.5639,1.7308,8.1800,-9.5726,Materials,1차 철강 제조업,0.531566
282620,기도산업,KOSDAQ,12700,-0.16,47091,602230160,74430978900,1.0342,-18.6419,,,Consumer,봉제의복 제조업,0.531067
487400,케이앤에스아이앤씨,KOSDAQ,7420,8.16,1044623,7952282870,76135744440,4.8023,-15.2000,,,Technology,통신 및 방송 장비 제조업,0.531000
034950,한국기업평가,KOSDAQ,104000,-0.1,559,57854000,472213456000,0.2893,1.8609,4.5226,3.4826,Other,기타 사업지원 서비스업,0.530851
001270,부국증권,KOSPI,51800,1.37,1762,89932100,537160094800,0.7782,-5.3016,-10.0694,-30.8411,Financials,금융 지원 서비스업,0.530788
058400,KNN,KOSDAQ,5720,0.35,18473,105489410,75749799840,-4.9834,11.0680,914.1844,677.1739,Communication,텔레비전 방송업,0.530615
389650,넥스트바이오메디컬,KOSDAQ,32400,14.49,75810,2376901000,268184066400,10.9589,-2.5564,-22.6730,-56.1570,Healthcare,의료용 기기 제조업,0.530040
900140,엘브이엠씨홀딩스,KOSPI,1100,-0.63,237249,260954131,212564475200,-0.8115,-11.5756,-12.7676,-34.2105,Industrials,자동차 판매업,0.529861
099220,SDN,KOSDAQ,5040,-1.75,14805,75538830,31723952400,886.3014,886.3014,430.5263,286.5031,Industrials,기계장비 및 관련 물품 도매업,0.529769
220260,켐트로스,KOSDAQ,3925,1.68,65025,252571907,125882815875,3.5620,5.6528,1.2903,-25.0954,Materials,기타 화학제품 제조업,0.529607
0004V0,엔비알모션,KOSDAQ,6250,-1.73,148595,928414110,68814900000,10.0352,12.2083,-23.3129,-62.5300,Industrials,기타 금속 가공제품 제조업,0.529239
013700,까뮤이앤씨,KOSPI,1571,-3.08,182746,288143690,93868553930,-4.4985,-4.0318,40.8969,24.6825,Industrials,건물 건설업,0.529122
037270,YG PLUS,KOSPI,3080,0,81748,251150514,196082378800,-1.2821,-3.7500,-8.3333,-43.5897,Technology,자료처리  호스팅  포털 및 기타 인터넷 정보매개 서비스업,0.529064
122990,와이솔,KOSDAQ,6550,0.61,28496,187233530,167994917450,-4.7965,13.5182,-0.3044,-10.7629,Technology,전자부품 제조업,0.528776
086820,바이오솔루션,KOSDAQ,6390,-0.93,56101,353555760,165654903150,-3.1818,-10.2528,6.5000,-48.0065,Healthcare,기초 의약물질 제조업,0.528763
267320,나인테크,KOSDAQ,2180,0.23,153933,335013440,125165343100,-1.1338,5.8252,-2.4609,-28.0528,Industrials,특수 목적용 기계 제조업,0.528495
003920,남양유업,KOSPI,42100,-0.94,3598,152363300,238852118700,-1.9790,-1.7503,3.1863,-20.2652,Other,동·식물성 유지 및 낙농제품 제조업,0.528366
036170,에이치엠넥스,KOSDAQ,2710,4.43,166266,441898130,166300846460,8.8353,15.3191,-17.8788,-53.0329,Technology,반도체 제조업,0.527824
130580,나이스디앤비,KOSDAQ,6770,0.3,21466,144007080,104258000000,2.2659,20.8929,27.7358,19.8230,Other,기타 사업지원 서비스업,0.527574
250060,모비스,KOSDAQ,3040,0.16,124641,380999156,97800794560,1.1647,9.7473,8.3779,-36.0000,Technology,컴퓨터 프로그래밍  시스템 통합 및 관리업,0.527251
294630,서남,KOSDAQ,3015,-2.43,133224,406655939,79895024685,-0.8224,16.6344,13.5593,-21.4844,Technology,기타 전기장비 제조업,0.527005
034310,NICE,KOSPI,11750,-0.84,8899,105059440,431896594750,-4.0816,-10.7821,3.9823,-17.3699,Other,회사 본부 및 경영 컨설팅 서비스업,0.526962
001360,삼성제약,KOSPI,1307,-0.08,332519,432860484,123069837253,-5.8357,2.9134,-2.1707,-27.9890,Healthcare,의약품 제조업,0.526672
036090,위지트,KOSDAQ,1398,-0.14,243440,339593318,59485618572,8.6247,1.0846,-27.5648,145.2632,Industrials,특수 목적용 기계 제조업,0.526049
317770,엑스페릭스,KOSDAQ,2640,0.19,121207,316356425,97672085280,2.5243,4.3478,10.9244,-17.5000,Technology,전자부품 제조업,0.524694
253840,수젠텍,KOSDAQ,4565,1.44,134603,612602603,76432708000,0.1096,-5.4865,12.1622,-6.6462,Healthcare,의료용품 및 기타 의약 관련제품 제조업,0.524611
052330,코텍,KOSDAQ,10250,-3.03,25366,261688370,182056287250,-6.2214,-11.7900,-8.2363,0.7866,Communication,영상 및 음향기기 제조업,0.524538
226400,오스테오닉,KOSDAQ,3980,-3.63,322216,1291385770,82233171980,-5.6872,-5.2381,-2.9268,-40.1504,Healthcare,의료용 기기 제조업,0.524332
306620,지아이에스,KOSDAQ,2010,-1.95,183754,371832898,96363789840,5.9009,17.3380,-24.0076,-35.0565,Industrials,특수 목적용 기계 제조업,0.524269
080160,모두투어,KOSDAQ,8310,-0.84,52699,438855375,157059000000,-13.5276,-7.5640,0.3623,-26.0018,Consumer,여행사 및 기타 여행보조 서비스업,0.524204
318060,그래피,KOSDAQ,15980,0.76,29593,469266980,178771088460,-6.5497,-16.0273,-10.8259,-63.8870,Materials,합성고무 및 플라스틱 물질 제조업,0.523892
066430,아이로보틱스,KOSDAQ,2110,0.72,303788,644597368,82613834360,0.4762,2.6764,-27.6158,1.1990,Other,기타 전문 도매업,0.523687
372910,한컴라이프케어,KOSPI,2095,0.24,250232,526481115,57977880570,5.8081,13.9826,20.0573,-12.5261,Healthcare,의료용 기기 제조업,0.523493
065170,비엘팜텍,KOSDAQ,2395,6.44,1727818,4300077789,66853534235,6.2084,20.3518,13.5071,-41.5140,Other,음·식료품 및 담배 도매업,0.523466
307930,컴퍼니케이,KOSDAQ,6480,0.93,29929,193646250,101152800000,10.0170,6.7545,11.7241,-9.1164,Financials,기타 금융업,0.523230
016740,두올,KOSPI,4020,0.63,48480,194420040,115269576480,1.1321,21.8182,2.8133,-13.5484,Industrials,자동차 신품 부품 제조업,0.522770
009270,신원,KOSPI,1109,-1.07,190798,211577198,127280365837,1.2785,2.2120,9.2611,-15.0192,Consumer,봉제의복 제조업,0.522193
001540,안국약품,KOSDAQ,10000,-0.3,21097,211526875,130424200000,-1.8646,-6.7164,2.1450,28.3697,Healthcare,의약품 제조업,0.521927
282880,코윈로보틱스,KOSDAQ,10770,-2,20728,224072400,125945263140,0.0929,12.3045,0.7484,-25.0000,Industrials,특수 목적용 기계 제조업,0.521831
031820,아이티센씨티에스,KOSPI,5650,-1.05,47990,272084910,68394074900,-1.7391,-8.8710,17.0984,701.4184,Technology,컴퓨터 프로그래밍  시스템 통합 및 관리업,0.521663
000540,흥국화재,KOSPI,3430,-1.01,43474,149749012,220352272350,-4.3236,-0.4354,10.1124,-25.8378,Financials,보험업,0.521559
007980,TP,KOSPI,1790,4.56,641318,1142549281,83946256500,3.7080,2.2273,6.2315,-2.2926,Consumer,봉제의복 제조업,0.521344
223250,드림씨아이에스,KOSDAQ,3290,-4.91,567746,1927603231,80935460760,6.1290,-2.0833,-2.5185,-33.8693,Healthcare,자연과학 및 공학 연구개발업,0.521051
0082N0,카나프테라퓨틱스,KOSDAQ,11980,0.5,29148,348329810,159340948400,4.1739,-11.9118,-24.9843,-70.1247,Healthcare,자연과학 및 공학 연구개발업,0.520484
204610,티쓰리,KOSDAQ,2980,0.34,51345,152593738,166064135600,-2.7732,-9.2846,29.8475,4.5614,Technology,소프트웨어 개발 및 공급업,0.520203
012610,경인양행,KOSPI,3190,0.16,76913,245081502,132756204350,2.4077,1.9169,-11.3889,-21.0396,Materials,기초 화학물질 제조업,0.520171
0117P0,피스피스스튜디오,KOSDAQ,5540,0.54,54946,304979120,78495766940,1.0949,7.9922,-4.1522,,Consumer,섬유  의복  신발 및 가죽제품 소매업,0.519687
251370,와이엠티,KOSDAQ,7620,2.01,65205,494648685,137260683060,7.0225,1.7356,-33.1579,-41.3846,Materials,기초 화학물질 제조업,0.519510
297890,HB솔루션,KOSDAQ,1538,-2.72,420831,651014591,112490725732,-8.4524,-6.1050,-10.1110,-23.6725,Industrials,특수 목적용 기계 제조업,0.518917
094840,슈프리마에이치큐,KOSDAQ,12600,4.13,22838,284838240,123556973400,2.8571,-2.7027,10.6234,62.3711,Technology,통신 및 방송 장비 제조업,0.518879
020710,시공테크,KOSDAQ,3660,-1.61,165545,617007432,73375570200,-2.4000,4.2735,4.7210,-8.9552,Other,전문디자인업,0.518729
376270,HEM파마,KOSDAQ,34200,0.59,6244,209025050,246894827400,0.7364,-12.0823,-22.2727,-50.0000,Healthcare,자연과학 및 공학 연구개발업,0.518386
043710,코스리거글로벌,KOSDAQ,3015,0.17,162636,556369827,52197193530,-4.2857,4.5061,-19.3850,258.5018,Other,기타 전문 도매업,0.518273
248170,샘표식품,KOSPI,22200,-0.22,19870,442767325,101415949200,-3.0568,-4.5161,5.2133,-21.1368,Consumer,기타 식품 제조업,0.518234
192440,슈피겐코리아,KOSDAQ,29950,-0.17,3604,107968150,186180071850,-0.6633,1.0118,2.2184,26.1053,Other,그외 기타 제품 제조업,0.517663
255440,야스,KOSDAQ,7460,5.67,98444,722219550,97412680000,14.7692,4.7753,4.3357,-28.2692,Industrials,특수 목적용 기계 제조업,0.517166
038390,레드캡투어,KOSDAQ,10020,0.7,13720,137788330,167542636440,0.4008,0.6024,6.8230,-3.6538,Consumer,여행사 및 기타 여행보조 서비스업,0.517061
300080,플리토,KOSDAQ,8500,-0.7,23464,200859420,140517333500,-6.5934,0.9501,33.8583,-26.2793,Technology,자료처리  호스팅  포털 및 기타 인터넷 정보매개 서비스업,0.516704
361390,제노코,KOSDAQ,13200,2.8,24513,320835860,128520229200,10.0000,11.0177,-3.7901,-57.4879,Technology,통신 및 방송 장비 제조업,0.516323
017550,수산세보틱스,KOSPI,1821,-1.41,142090,259619276,113628815730,0.4967,2.8233,-3.9050,-8.4004,Industrials,특수 목적용 기계 제조업,0.516261
045970,코아시아,KOSDAQ,3500,0,59322,206323490,92102066000,6.2215,18.6441,16.6667,-35.6618,Technology,전자부품 제조업,0.516096
396270,넥스트칩,KOSDAQ,2275,-0.66,200813,456692340,74818905525,6.8075,17.0267,-17.4229,-39.7351,Technology,반도체 제조업,0.516069
256940,킵스파마,KOSDAQ,6070,1.68,33276,199901090,121874352290,2.3609,7.4336,8.3929,-22.9695,Healthcare,의약품 제조업,0.516039
234030,싸이닉솔루션,KOSDAQ,3385,-2.73,71583,244282199,79902925000,17.3310,13.2107,-4.1076,-52.7235,Technology,반도체 제조업,0.515971
048870,시너지이노베이션,KOSDAQ,1476,0.41,259508,386180031,130045877388,-1.3369,-11.0843,-11.4577,-31.9816,Healthcare,의료용 기기 제조업,0.515697
285490,노바텍,KOSDAQ,12180,-0.08,20576,250694095,128813621580,1.7544,3.7479,-1.6949,-44.3836,Other,그외 기타 제품 제조업,0.515644
005720,넥센,KOSPI,5400,-0.18,25861,140358540,283737475800,-3.2258,-12.9032,-7.0568,-20.4713,Materials,고무제품 제조업,0.515594
003070,코오롱글로벌,KOSPI,9170,-0.43,12925,118192100,233137704030,0.5482,-6.1412,-0.7576,-14.5387,Industrials,토목 건설업,0.515466
041920,메디아나,KOSDAQ,8910,3.85,57305,498646840,165710166930,8.2625,0.1124,-29.2857,-51.8118,Healthcare,의료용 기기 제조업,0.514398
200130,콜마비앤에이치,KOSDAQ GLOBAL,7650,-0.26,26860,205941045,220133018700,-2.9188,-17.9185,-4.7323,-33.4783,Healthcare,기초 의약물질 제조업,0.514055
475560,더본코리아,KOSPI,14560,0,13672,199257615,215895243200,1.8182,-24.1667,-6.3063,-30.3349,Other,상품 종합 도매업,0.513928
381970,KG모빌리티플랫폼,KOSPI,6320,-0.94,19962,126194730,308547759360,-0.6289,3.6066,-25.9086,-55.6491,Industrials,자동차 판매업,0.513171
493330,지에프아이,KOSDAQ,11280,0,43169,502847605,90685706640,-5.3691,0.7143,-1.0526,-16.9367,Industrials,일반 목적용 기계 제조업,0.513078
205500,넥써쓰,KOSDAQ,1774,-1.39,93093,165157351,148238627878,-5.8886,6.0371,9.5062,2.4249,Technology,소프트웨어 개발 및 공급업,0.512927
037440,희림,KOSDAQ,4230,0.71,128139,541959739,58892069250,2.9197,7.9082,8.7404,0.3559,Other,건축기술  엔지니어링 및 관련 기술 서비스업,0.512719
088280,쏘닉스,KOSDAQ,3170,-2.76,88019,281679143,54861573300,7.2758,38.7309,-3.0581,4.2763,Technology,반도체 제조업,0.512323
100130,동국S&C,KOSDAQ,1438,-2.38,345284,497217126,82171634000,-0.6906,7.3936,-3.3602,-36.9298,Other,구조용 금속제품  탱크 및 증기발생기 제조업,0.512272
089600,KT나스미디어,KOSDAQ,12270,-1.05,12887,158217895,139958491200,-3.1571,-4.7360,26.6254,3.9831,Communication,광고업,0.512196
105740,디케이락,KOSDAQ,7970,-0.5,34547,275774385,81043048610,1.5287,13.3713,13.2102,-18.0041,Industrials,일반 목적용 기계 제조업,0.512131
0015S0,페스카로,KOSDAQ,7930,-1.61,92607,747471715,78243168900,-8.6406,15.5977,1.5365,-49.3614,Other,그외 기타 전문  과학 및 기술 서비스업,0.512123
001780,알루코,KOSPI,1546,0.59,160703,247693207,149699384072,-0.5148,-5.6742,-12.6554,-26.3810,Materials,1차 비철금속 제조업,0.511876
004770,써니전자,KOSPI,2005,5.92,856173,1699130628,71192413190,-7.6037,14.5060,25.3909,25.0000,Technology,전자부품 제조업,0.511860
001750,한양증권,KOSPI,19210,0.16,4371,84105850,290253226060,0.7870,-1.3354,2.6724,-27.3724,Financials,금융 지원 서비스업,0.511799
084010,대한제강,KOSPI,7880,-1.38,15324,120747890,270848176480,-5.2885,1.2853,-4.0195,-30.0178,Materials,1차 철강 제조업,0.511690
052260,현대바이오랜드,KOSDAQ,3985,2.71,93557,375556109,119550000000,-0.7472,-3.3939,17.2059,-2.2086,Materials,기타 화학제품 제조업,0.511472
053210,스카이라이프,KOSPI,3990,-0.25,38381,152651161,189616590450,-0.6227,-1.3597,-6.0071,-22.0703,Communication,텔레비전 방송업,0.511401
418550,제이오,KOSDAQ,4805,0.1,35741,170824847,153844918765,-0.8256,10.9700,0.1042,-37.6783,Other,건축기술  엔지니어링 및 관련 기술 서비스업,0.511190
004380,삼익THK,KOSPI,7370,-2.9,35457,265443900,152559000000,-2.3841,-11.0977,-7.5282,-26.0040,Industrials,일반 목적용 기계 제조업,0.510127
105330,케이엔더블유,KOSDAQ,7930,0.51,18797,147534960,127034793600,0.7624,17.1344,-12.4724,8.3333,Industrials,자동차 신품 부품 제조업,0.509838
016580,환인제약,KOSPI,10060,-0.1,10857,108810500,187116704200,0.0995,0.1992,4.7917,-1.3725,Healthcare,의약품 제조업,0.509799
032680,소프트센,KOSDAQ,999,0,398208,393474296,23032825119,13.3939,2.3566,35.0000,340.0881,Technology,기타 정보 서비스업,0.509608
184230,SGA솔루션즈,KOSDAQ,2110,0.72,164363,350517722,39739638720,-3.4325,13.4409,17.0272,298.1132,Technology,소프트웨어 개발 및 공급업,0.509367
060570,드림어스컴퍼니,KOSDAQ,4900,0.51,6400,31536215,72619538600,-0.5076,573.0769,507.9404,298.3740,Communication,영상·오디오물 제공 서비스업,0.509332
003650,미창석유,KOSPI,125300,-0.63,1092,137523300,217980901600,-3.6895,-17.0199,-3.6154,12.1755,Energy,석유 정제품 제조업,0.509024
102940,코오롱생명과학,KOSDAQ,13920,0.87,22505,313055420,182221193760,-0.9253,-8.6014,-69.0667,-74.6448,Healthcare,기초 의약물질 제조업,0.508863
147760,피엠티,KOSDAQ,3810,12.39,812632,3069183780,76200000000,27.2120,18.8768,-12.9143,-6.6176,Technology,측정  시험  항해  제어 및 기타 정밀기기 제조업; 광학기기 제외,0.508779
007160,사조산업,KOSPI,48800,-0.91,1444,70556000,244000000000,0.0000,-0.7121,18.5905,-8.4428,Other,수산물 가공 및 저장 처리업,0.508705
001130,대한제분,KOSPI,10990,0.73,18420,200058710,185731000000,-2.9152,-5.7461,1.8536,-92.6831,Other,곡물가공품  전분 및 전분제품 제조업,0.508693
456070,이엔셀,KOSDAQ,5920,0.34,113985,675946770,65294740640,14.5068,0.3390,-24.5860,-61.0782,Healthcare,기초 의약물질 제조업,0.508426
123860,아나패스,KOSDAQ,13350,0,13204,175500890,161847590250,-1.6212,0.6029,-11.6479,-10.9406,Technology,반도체 제조업,0.508340
365330,에스와이스틸텍,KOSDAQ,1593,0.31,254083,405073668,79922403000,5.4269,11.1654,-12.5686,-54.5506,Other,구조용 금속제품  탱크 및 증기발생기 제조업,0.508223
333430,일승,KOSDAQ,3740,-0.93,63192,235836415,114918033780,1.4925,1.3550,6.2500,-34.0388,Other,선박 및 보트 건조업,0.508206
042420,네오위즈홀딩스,KOSDAQ,23250,0.65,4625,107326450,189308079750,-3.1250,-1.2739,15.3846,-0.4283,Technology,소프트웨어 개발 및 공급업,0.507962
091590,남화토건,KOSDAQ,5920,0.17,98917,588659805,69500800000,-8.2171,-6.6246,-1.0033,49.4949,Industrials,건물 건설업,0.507816
457550,우진엔텍,KOSDAQ,13750,-4.78,65389,913135375,128135672500,-2.6893,6.2597,-20.7493,-50.1812,Other,그외 기타 전문  과학 및 기술 서비스업,0.507371
033920,무학,KOSPI,7440,-0.27,16173,120596920,212040000000,-2.1053,-2.7451,1.0870,-17.5166,Consumer,알코올음료 제조업,0.506953
317850,대모,KOSDAQ,6230,-0.64,94344,588369205,51861136600,5.4146,18.6667,1.3008,-27.1345,Industrials,특수 목적용 기계 제조업,0.506593
009620,삼보산업,KOSDAQ,5060,0.6,20187,102315095,17682721540,481.6092,459.7345,707.0175,261.1706,Materials,1차 비철금속 제조업,0.505954
059210,메타바이오메드,KOSDAQ,3630,-2.16,108412,396192120,98632345350,-3.3289,-6.9231,1.5385,-20.8288,Healthcare,의료용품 및 기타 의약 관련제품 제조업,0.505803
123690,한국화장품,KOSPI,6340,-0.78,46297,293412070,101871120000,-1.7054,0.0000,4.7934,-22.9648,Other,생활용품 도매업,0.505267
095700,제넥신,KOSDAQ,2735,0.37,113839,310740950,124553251090,-2.1467,-13.1746,7.2549,-40.0876,Healthcare,자연과학 및 공학 연구개발업,0.504468
058730,다스코,KOSPI,3200,0.95,186161,594644256,64804003200,-1.0819,3.8961,1.2658,-8.5714,Other,구조용 금속제품  탱크 및 증기발생기 제조업,0.504068
302430,이노메트리,KOSDAQ,7160,-0.14,47207,341385260,70190969280,-5.7895,13.4707,17.3770,6.2315,Industrials,특수 목적용 기계 제조업,0.503650
004970,신라교역,KOSPI,8980,0,19928,179109960,143680000000,-3.1284,-2.8139,0.4474,-8.1800,Other,어로 어업,0.503379
046440,KG파이낸셜,KOSDAQ,4060,0,39202,158404240,147176567160,-1.4563,0.4950,4.2362,-17.1429,Technology,소프트웨어 개발 및 공급업,0.503276
002100,경농,KOSPI,8980,0.11,13327,119735535,175312723500,0.0000,-2.7086,-1.1013,-3.6481,Other,비료  농약 및 살균  살충제 제조업,0.503028
092600,앤씨앤,KOSDAQ,2945,5.18,207017,581542105,14774190335,35.4023,59.9674,23.4801,307.8947,Technology,반도체 제조업,0.502940
042500,링네트,KOSDAQ,4170,-0.48,60587,253315260,92954070480,-0.8323,-2.5701,6.1069,4.9057,Technology,컴퓨터 프로그래밍  시스템 통합 및 관리업,0.502633
475580,에이럭스,KOSDAQ,7460,-1.32,51604,386055955,101641754000,-3.3679,1.0840,-4.8469,-42.0807,Other,그외 기타 제품 제조업,0.502464
259630,엠플러스,KOSDAQ,9010,0.11,42389,381568830,110123787960,-3.7393,-1.6376,-13.9446,-32.7110,Industrials,특수 목적용 기계 제조업,0.502463
007860,서연,KOSPI,7300,-0.14,24155,176729355,171402861200,-1.6173,-6.1697,-8.9776,-26.7803,Financials,기타 금융업,0.502323
194700,노바렉스,KOSDAQ,10100,0,16908,171064625,184373964800,-0.0989,-9.2543,-17.0772,-23.8885,Consumer,기타 식품 제조업,0.502185
011690,와이투솔루션,KOSPI,3345,-0.15,59314,196557009,122757358890,5.3543,7.2115,-9.5946,-45.1639,Technology,반도체 제조업,0.502004
950220,네오이뮨텍,KOSDAQ,1886,2.22,210984,399455148,64523530240,-2.1277,-38.1639,35.6835,259.2381,Healthcare,자연과학 및 공학 연구개발업,0.501934
104040,디에스엠,KOSDAQ,2565,4.69,70423,180249851,68776794225,7.0981,-2.4715,64.5285,292.8025,Industrials,자동차 신품 부품 제조업,0.501777
005610,삼립,KOSPI,38750,-0.77,1722,66942150,334374098750,-3.7267,-1.6497,8.3916,-23.5700,Consumer,기타 식품 제조업,0.501775
014530,극동유화,KOSPI,3270,-0.15,66937,220276975,114023003400,-3.5398,0.6154,4.3062,-9.6685,Energy,석유 정제품 제조업,0.501714
420570,제이투케이바이오,KOSDAQ,9220,0.11,31090,288283770,53913793260,7.5846,0.1086,30.9659,21.1564,Materials,기타 화학제품 제조업,0.501660
056360,코위버,KOSDAQ,6370,9.26,419159,2599574275,62405616000,9.4502,23.4496,10.7826,-4.2105,Technology,통신 및 방송 장비 제조업,0.501608
002150,도화엔지니어링,KOSPI,5030,0.4,28028,139900125,169611600000,-2.1401,-1.5656,4.3568,-22.1362,Other,건축기술  엔지니어링 및 관련 기술 서비스업,0.501501
0156T0,에이치엘지노믹스,KOSDAQ,8370,0.36,44800,377248100,65136687570,-2.3337,-6.0606,,,Healthcare,기초 의약물질 제조업,0.500923
011300,우성머티리얼스,KOSPI,2860,5.15,145098,408833442,49303268300,16.7347,-11.1801,25.9912,831.5961,Other,직물직조 및 직물제품 제조업,0.500920
012280,영화금속,KOSPI,3560,-1.11,24753,87206399,35261447560,-0.5587,343.3375,318.8235,239.3708,Industrials,자동차 신품 부품 제조업,0.500593
101360,에코앤드림,KOSDAQ,7690,4.63,80219,609066490,136775216660,1.5852,1.3175,-8.8863,-54.4701,Other,일차전지 및 이차전지 제조업,0.500479
005860,한일사료,KOSDAQ,2360,1.29,158172,369747117,92992696600,-2.8807,-1.2552,5.5928,-36.6443,Consumer,동물용 사료 및 조제식품 제조업,0.500163
243070,휴온스,KOSDAQ,18830,-0.63,13219,250039100,225577091950,-6.5509,-24.2254,-29.8696,-27.4374,Healthcare,의약품 제조업,0.500142
004960,한신공영,KOSPI,10860,-4.23,40106,441252405,125657823720,-4.4855,1.0233,12.0743,-31.9975,Industrials,건물 건설업,0.500132
339770,교촌에프앤비,KOSPI,3810,0.13,26603,100536468,190366954800,-0.3922,0.5277,0.3953,-9.5012,Other,음·식료품 및 담배 도매업,0.500103
009680,모토닉,KOSPI,10210,0.49,7059,71463515,221894889740,0.0000,0.6903,6.0228,-5.4630,Industrials,자동차 신품 부품 제조업,0.499750
475430,키스트론,KOSDAQ,4290,-1.04,96446,412677926,76568391900,2.2646,0.9412,-24.3386,-4.3478,Other,절연선 및 케이블 제조업,0.499611
322510,제이엘케이,KOSDAQ,4800,0,53702,260970780,123484281600,-6.0665,-1.5385,3.4483,-32.5843,Technology,소프트웨어 개발 및 공급업,0.499042
262260,에이프로,KOSDAQ,4525,0,36985,164951095,68226411500,2.9579,37.1212,23.1293,-9.3186,Technology,기타 전기장비 제조업,0.499038
004150,한솔홀딩스,KOSPI,3455,-0.14,34046,117379367,141746972100,-1.2857,3.4431,10.5600,0.5822,Financials,기타 금융업,0.498873
308080,바이젠셀,KOSDAQ,5720,2.33,68316,388723495,117255767200,-2.8862,0.5272,-13.4644,0.7042,Healthcare,자연과학 및 공학 연구개발업,0.498794
005320,온타이드,KOSPI,1270,3.5,159829,200378067,43418563150,3.2520,72.5543,28.1534,154.0000,Other,생활용품 도매업,0.498345
078890,가온그룹,KOSDAQ,4440,-0.34,81839,364067650,81806746920,0.1127,5.9666,-8.2645,-29.5238,Technology,통신 및 방송 장비 제조업,0.498210
214420,토니모리,KOSPI,4985,-0.5,46351,230929273,119913173015,-0.8946,-6.6479,3.6383,-27.8582,Materials,기타 화학제품 제조업,0.498068
402030,코난테크놀로지,KOSDAQ,13080,0.93,11933,155653190,163728743040,2.7494,-17.5803,9.1820,-28.4072,Technology,소프트웨어 개발 및 공급업,0.497994
003460,유화증권,KOSPI,2985,0.17,44053,130682510,169256708775,-0.1672,-3.0844,-3.0844,-19.5418,Financials,금융 지원 서비스업,0.497623
481070,에이유브랜즈,KOSDAQ,15370,-1.98,4797,73282890,220255942500,2.5350,-13.4572,23.0584,-14.1820,Consumer,섬유  의복  신발 및 가죽제품 소매업,0.497495
126700,하이비젼시스템,KOSDAQ,10570,-0.28,19056,201722210,157938123840,-3.0275,-8.0870,-0.0945,-41.6988,Technology,사진장비 및 광학기기 제조업,0.497453
389680,유디엠텍,KOSDAQ,3005,7.9,117456,343076715,25003682465,19.2460,210.7549,65.1099,378.5032,Technology,소프트웨어 개발 및 공급업,0.497281
067170,오텍,KOSDAQ,2455,0.2,158361,382886232,67431698585,-1.0081,-1.8000,-7.1834,36.6166,Industrials,자동차 재제조 부품 제조업,0.497266
208710,포톤,KOSDAQ,2780,2.77,513815,1473999490,36640766960,-0.5367,1.4599,30.8235,41.5479,Technology,전자부품 제조업,0.496825
088130,동아엘텍,KOSDAQ,5530,-1.43,50134,277374870,96693786420,-2.6408,6.3462,1.4679,-31.5594,Industrials,특수 목적용 기계 제조업,0.496676
101170,우림피티에스,KOSDAQ,8600,1.18,23940,205384440,116100000000,-0.3476,-1.1494,10.8247,-35.2897,Industrials,일반 목적용 기계 제조업,0.496661
067990,도이치모터스,KOSDAQ,3765,-0.4,53526,202483355,109868535750,0.4000,2.8689,-2.4611,-16.7956,Industrials,자동차 판매업,0.496591
013520,화승코퍼레이션,KOSPI,2535,3.68,118080,292966370,126879923820,0.7952,3.4694,7.6433,-10.8963,Industrials,자동차 신품 부품 제조업,0.496535
210120,캔버스엔,KOSDAQ,1893,-0.99,150302,284035761,18352617963,7.9863,46.6305,103.5484,18.7578,Communication,영화  비디오물  방송프로그램 제작 및 배급업,0.496309
090350,노루페인트,KOSPI,7800,0.91,17426,136100335,156000000000,-1.7632,-4.5288,6.9959,-13.4295,Materials,기타 화학제품 제조업,0.496224
042600,새로닉스,KOSDAQ,11780,1.2,12318,144869800,146349701720,-3.2046,-3.2841,6.1261,-6.5079,Technology,전자부품 제조업,0.496051
054540,삼영엠텍,KOSDAQ,6530,-2.83,56114,370885505,84890000000,1.2403,6.3518,-14.6405,-43.8038,Other,구조용 금속제품  탱크 및 증기발생기 제조업,0.495958
066620,국보디자인,KOSDAQ,24850,-0.4,3420,85612400,186375000000,-1.1928,-1.9724,7.1121,6.8817,Other,실내건축 및 건축마무리 공사업,0.495701
053700,삼보모터스,KOSDAQ,3840,-0.39,85048,327490535,102588506880,-1.2853,-5.4187,-2.0408,-38.1643,Industrials,자동차 신품 부품 제조업,0.495625
459550,알트,KOSDAQ,2020,-2.18,676519,1401609461,50945937220,-13.4904,-10.4213,48.3113,-28.4956,Technology,통신 및 방송 장비 제조업,0.495070
092780,DYP,KOSPI,3540,-0.14,123333,429486545,46616348400,15.3094,5.5142,-1.2552,-21.2458,Industrials,자동차용 엔진 및 자동차 제조업,0.494998
150900,파수AI,KOSDAQ,3980,-1.24,126061,504347887,46581609560,-6.6823,13.5521,29.8532,15.3623,Technology,소프트웨어 개발 및 공급업,0.494954
051630,진양화학,KOSPI,1625,1.25,188265,298094444,34450000000,18.9605,59.1577,-13.1016,-25.9681,Materials,플라스틱제품 제조업,0.494369
086890,이수앱지스,KOSDAQ,3525,-0.14,36167,127932110,143731839750,-0.9831,4.4444,8.4615,-25.7895,Healthcare,의료용품 및 기타 의약 관련제품 제조업,0.494285
180400,DXVX,KOSDAQ,2385,0.63,39605,95040410,234754195320,1.4894,-9.3156,8.9041,-48.0958,Other,기타 과학기술 서비스업,0.494261
043200,파루,KOSDAQ,1253,1.05,136309,169182327,26190402721,7.2774,144.7266,93.3642,35.7530,Utilities,전동기  발전기 및 전기 변환 · 공급 · 제어 장치 제조업,0.494101
078590,휴림에이텍,KOSDAQ,2940,0.86,133868,409196015,29365693140,0.0000,2.7972,20.7392,212.4336,Industrials,자동차 신품 부품 제조업,0.494059
293580,나우IB,KOSDAQ,1275,2.99,356121,453472279,121035686250,3.2389,-12.0690,-7.6087,-27.5568,Financials,기타 금융업,0.493889
000860,강남제비스코,KOSPI,12010,-2.6,14011,169210660,156130000000,-4.8336,-3.9200,-2.6742,-19.3418,Materials,기타 화학제품 제조업,0.493705
053030,바이넥스,KOSDAQ,6060,1,34488,208294280,198066179280,-4.4164,-14.8876,-17.5510,-48.8608,Healthcare,의약품 제조업,0.493559
039560,다산네트웍스,KOSDAQ,2515,1,108957,272564418,107864497020,-3.2692,9.1106,-7.3665,-49.7000,Technology,통신 및 방송 장비 제조업,0.493462
005710,대원산업,KOSDAQ,10740,-2.36,6560,70251610,215203824000,2.5788,-1.9178,6.0217,-19.1265,Industrials,자동차 신품 부품 제조업,0.493025
300120,라온피플,KOSDAQ,3080,-5.23,83779,260432457,30494473240,-4.9383,51.3514,523.4818,184.6580,Technology,소프트웨어 개발 및 공급업,0.492923
019180,티에이치엔,KOSPI,4910,-1.6,111484,552999471,88380000000,-1.8000,-8.2243,-17.8930,-43.2370,Technology,기타 전기장비 제조업,0.492873
082850,우리바이오,KOSDAQ,4510,-0.22,14935,67393820,43707830650,-4.5503,402.7871,310.3731,137.6185,Consumer,기타 식품 제조업,0.492712
114840,아이패밀리에스씨,KOSDAQ,8370,0.72,17421,146516660,139623192450,1.2092,-6.7929,9.2689,-26.8357,Materials,기타 화학제품 제조업,0.492136
024800,유성티엔에스,KOSDAQ,4480,0.22,20946,93009945,157809657600,-4.5793,2.2831,13.4177,15.4639,Industrials,육상 여객 운송업,0.491863
000020,동화약품,KOSPI,4990,-0.2,31578,157913759,139378035300,-2.1569,-3.1068,0.4024,-15.8516,Healthcare,의약품 제조업,0.491698
126600,BGF에코머티리얼즈,KOSDAQ,3000,0.17,27748,82812898,188300697000,-0.4975,5.8201,1.5228,-16.2011,Materials,합성고무 및 플라스틱 물질 제조업,0.491399
027970,한국제지,KOSPI,2730,-0.18,10660,28933630,103822293120,-0.1828,-1.2658,392.7798,267.4293,Materials,펄프  종이 및 판지 제조업,0.491115
299170,더블유에스아이,KOSDAQ,1361,-11.91,6347495,9145459416,56496862968,20.1236,10.4708,0.9644,-45.4509,Other,생활용품 도매업,0.491089
027710,팜스토리,KOSDAQ,1120,-0.27,117766,131613632,124786592000,-1.9264,4.5752,14.2857,-13.3797,Consumer,동물용 사료 및 조제식품 제조업,0.491018
003220,대원제약,KOSPI,7850,0.51,13778,107947810,176056526550,-0.7585,0.5122,-0.8838,-23.5638,Healthcare,의약품 제조업,0.490926
054050,NH농우바이오,KOSDAQ,7070,1,20853,146806400,113336066270,0.8559,5.2083,6.7976,-13.0381,Other,작물 재배업,0.490715
049960,쎌바이오텍,KOSDAQ,14920,-1.52,8632,129613950,140248000000,-3.0539,-2.0355,-1.6480,6.5714,Healthcare,기초 의약물질 제조업,0.489853
400760,NH올원리츠,KOSPI,2780,-0.54,51375,142609391,152703384500,-1.7668,-2.7972,-8.8525,-13.7984,Real Estate,부동산 임대 및 공급업,0.489644
093190,빅솔론,KOSDAQ,8040,-2.78,14121,113811070,154680796200,-2.1898,-2.8986,1.7722,1.3871,Technology,컴퓨터 및 주변장치 제조업,0.489161
000650,천일고속,KOSPI,142000,-1.73,852,122114600,202949240000,2.0848,-5.5223,-25.4593,-36.7483,Industrials,육상 여객 운송업,0.488723
039840,디오,KOSDAQ,9430,-2.58,46290,439003320,126511258040,-6.8182,-17.2081,-25.3365,-41.3192,Healthcare,의료용 기기 제조업,0.488679
330350,위더스제약,KOSDAQ,7160,0.85,56009,397978430,94509708800,-4.4059,-18.8209,-4.6605,-13.0012,Healthcare,의약품 제조업,0.488604
004080,신흥,KOSPI,14650,0,5668,82523880,136245000000,4.3447,3.9007,5.6999,6.7784,Industrials,기계장비 및 관련 물품 도매업,0.488277
003100,선광,KOSDAQ,20400,0,5546,112787700,134640000000,0.4926,-2.3923,10.2107,-5.5556,Industrials,기타 운송관련 서비스업,0.488242
299030,하나기술,KOSDAQ,13320,0.91,18486,248794505,106492201200,1.2158,-2.1308,-6.5263,-48.3721,Industrials,특수 목적용 기계 제조업,0.487723
065660,안트로젠,KOSDAQ,14700,0.96,16415,237355520,147089670000,-3.4166,-1.9346,-28.8136,-65.8140,Other,기타 전문 도매업,0.487687
054940,엑사이엔씨,KOSDAQ,3665,-0.54,63902,234179629,24316208485,-3.0423,11.7378,535.1820,451.1278,Other,실내건축 및 건축마무리 공사업,0.487293
033250,체시스,KOSPI,4180,-1.65,141938,590292460,26752000000,-7.0078,4.6308,23.6686,345.6290,Industrials,자동차 신품 부품 제조업,0.487254
001630,종근당홀딩스,KOSPI,37450,0,2929,109425150,187619294450,-2.7273,-3.9744,-1.5769,-23.5714,Healthcare,의약품 제조업,0.487194
309960,LB인베스트먼트,KOSDAQ,4325,0.46,41215,176048565,100414558675,2.9762,-0.9164,5.2311,-19.1589,Financials,기타 금융업,0.486888
0017J0,세미티에스,KOSDAQ,2515,-0.2,145329,366277210,75829868115,-2.3301,-5.0943,-33.2005,,Industrials,특수 목적용 기계 제조업,0.486781
038110,에코플라스틱,KOSDAQ,1990,0.3,173608,345767763,81927046300,-2.2113,4.4619,-2.4510,-44.7222,Industrials,자동차 신품 부품 제조업,0.486568
311320,지오엘리먼트,KOSDAQ,8400,1.94,21241,177837780,105962304000,1.4493,-6.0403,-19.2308,22.2707,Technology,전자부품 제조업,0.486560
021080,에이티넘인베스트,KOSDAQ,2085,0.48,129738,269630660,100080000000,-0.9501,-4.5767,-8.9520,-26.5845,Financials,신탁업 및 집합투자업,0.486273
298690,에어부산,KOSPI,1526,0,42363,65190679,248608094672,0.0000,-2.9879,-3.1726,-17.2002,Industrials,항공 여객 운송업,0.486240
267290,경동도시가스,KOSPI,21550,0.23,5236,112520850,127045999300,-1.5982,0.0000,15.7980,-3.1461,Utilities,연료용 가스 제조 및 배관공급업,0.485088
055490,테이팩스,KOSPI,14750,-0.2,16644,241608760,70603087500,-1.8629,10.3216,8.5357,-1.0731,Materials,플라스틱제품 제조업,0.485008
263800,데이타솔루션,KOSDAQ,4550,-0.76,85760,395329355,73825479000,-6.1856,-8.2661,3.1746,0.5525,Industrials,기계장비 및 관련 물품 도매업,0.483303
049720,고려신용정보,KOSDAQ,9070,-0.66,14820,134691930,129701000000,0.3319,-1.8398,-5.0262,-13.0393,Other,기타 사업지원 서비스업,0.483278
035610,솔본,KOSDAQ,5060,-2.32,9135,46987280,138370744820,-3.0651,3.0550,47.7372,43.7500,Other,회사 본부 및 경영 컨설팅 서비스업,0.483264
487580,폴레드,KOSDAQ,2895,0,116903,339834298,72904382595,-4.2975,-8.9623,-11.0599,,Other,가정용 기기 제조업,0.483262
100700,세운메디칼,KOSDAQ,2290,-0.65,90185,206581435,100302000000,-4.9793,-1.9272,6.0185,-7.8471,Healthcare,의료용품 및 기타 의약 관련제품 제조업,0.483069
000320,노루홀딩스,KOSPI,15830,0.19,5874,92259620,210398920330,-2.2840,-5.0390,-1.3092,-29.9558,Financials,기타 금융업,0.482682
003520,영진약품,KOSPI,1022,0.29,164547,168391512,186916371082,-3.4026,-14.9042,-15.1867,-41.2644,Healthcare,의약품 제조업,0.482648
048430,유라테크,KOSDAQ,6120,-1.61,48690,300500440,70502400000,-1.2903,1.8303,10.4693,-18.5087,Utilities,전동기  발전기 및 전기 변환 · 공급 · 제어 장치 제조업,0.482532
000850,화천기공,KOSPI,37300,-2.23,6142,230023900,82060000000,-2.6110,2.3320,-1.0610,-2.4837,Industrials,특수 목적용 기계 제조업,0.482325
101930,인화정공,KOSDAQ,6380,-0.16,11984,75829410,291532000980,0.6309,-6.3142,-15.3846,-87.6117,Other,선박 및 보트 건조업,0.482011
040300,YTN,KOSDAQ,2190,-1.79,94675,208787435,104412586200,-8.3682,10.1610,6.3107,-30.9148,Communication,영화  비디오물  방송프로그램 제작 및 배급업,0.481940
323990,박셀바이오,KOSDAQ,4210,0.48,60633,255264653,97913422450,-3.5510,5.5138,-4.2093,-46.6413,Healthcare,자연과학 및 공학 연구개발업,0.481901
450950,아스테라시스,KOSDAQ,5220,0.58,22290,117053310,196416030240,0.7722,-3.1540,-19.9387,-52.7602,Healthcare,의료용 기기 제조업,0.481852
013120,동원개발,KOSDAQ,2080,-1.19,44622,93139820,188880848000,0.0000,-3.9261,-1.6548,-31.3531,Industrials,건물 건설업,0.481696
053080,케이엔솔,KOSDAQ,8620,-0.23,21726,188716570,112058336340,-0.6912,-2.8185,-6.8108,-22.2723,Industrials,일반 목적용 기계 제조업,0.481294
048550,SM C&C,KOSDAQ,1060,-1.4,357515,380605341,102517497200,-4.3321,-17.0579,-31.0793,-7.2616,Communication,광고업,0.480883
037560,LG헬로비전,KOSPI,1533,-2.17,142192,217740243,118726044045,-2.3567,-4.6049,-15.1163,-32.3179,Communication,텔레비전 방송업,0.480127
032620,GC메디아이,KOSDAQ,3070,-0.49,29503,90200994,160245216730,-0.4862,1.3201,7.3427,-23.2500,Technology,소프트웨어 개발 및 공급업,0.480126
246710,티앤알바이오팹,KOSDAQ,2290,1.1,58990,133743565,109151714160,2.6906,-5.7613,18.4074,-21.8430,Healthcare,기초 의약물질 제조업,0.479615
049520,유아이엘,KOSDAQ,3730,-0.8,34994,130933391,115042991250,-1.9711,1.4966,2.4725,-0.2674,Technology,전자부품 제조업,0.479545
089230,THE E&M,KOSDAQ,2140,3.88,136120,286184085,84361697560,17.2603,-9.1295,7.0000,-24.9123,Technology,기타 정보 서비스업,0.479486
210540,디와이파워,KOSPI,11100,-0.45,12094,134536820,122562958800,0.4525,-2.6316,1.3699,-16.7292,Industrials,특수 목적용 기계 제조업,0.479251
089470,HDC현대EP,KOSPI,3745,-1.32,50628,188565640,119465500000,-3.9744,-2.3468,-1.4474,-30.3903,Materials,기타 화학제품 제조업,0.478865
051500,CJ프레시웨이,KOSDAQ,21650,-1.37,3294,71709850,257019836900,-1.5909,-10.3520,-0.4598,-31.8110,Other,음·식료품 및 담배 도매업,0.478738
007570,일양약품,KOSPI,7720,-1.15,20854,162621600,147341326080,-4.6914,-6.9880,1.0471,-40.8429,Healthcare,의약품 제조업,0.478434
494120,큐리오시스,KOSDAQ,8170,2.13,57599,469449480,124672271880,3.8119,-14.0904,-71.8761,-84.6717,Technology,사진장비 및 광학기기 제조업,0.477959
241790,티이엠씨씨엔에스,KOSDAQ,6350,1.93,35932,223537130,63516725900,-0.3140,13.7993,22.5869,-15.7825,Industrials,특수 목적용 기계 제조업,0.477853
366030,나인앤컴퍼니,KOSDAQ,4685,5.4,91511,422079979,106133287250,5.7562,-3.1024,-7.4111,-12.2659,Consumer,의복 액세서리 제조업,0.477794
040350,크레오에스지,KOSDAQ,3735,-1.71,74283,274781865,74162892060,-4.2308,-46.5665,-63.7026,378.8462,Technology,컴퓨터 프로그래밍  시스템 통합 및 관리업,0.477591
047310,파워로직스,KOSDAQ,3140,-0.16,47048,147486772,114957770700,0.6410,8.8388,-8.4548,-36.1139,Utilities,전동기  발전기 및 전기 변환 · 공급 · 제어 장치 제조업,0.476692
010280,아이티센엔텍,KOSDAQ,5110,0.59,22974,116671880,66556508270,2.2000,-7.9279,8.9552,391.8191,Technology,컴퓨터 프로그래밍  시스템 통합 및 관리업,0.476655
215100,로보로보,KOSDAQ,4055,0.12,61959,251958357,82512980970,0.7453,0.9963,-2.1713,-43.0478,Technology,기타 전기장비 제조업,0.476449
036560,KZ정밀,KOSDAQ,12040,0.75,5533,66379170,189630000000,-0.6601,-4.2164,4.7868,-7.4558,Industrials,일반 목적용 기계 제조업,0.476427
166480,코아스템켐온,KOSDAQ,2125,2.66,99187,209539813,112349549000,0.7109,5.1980,-3.4091,-6.7982,Healthcare,의약품 제조업,0.476424
115530,씨엔플러스,KOSDAQ,2830,-4.87,151995,428179435,24287215650,8.4291,-7.3650,75.7764,879.2388,Technology,전자부품 제조업,0.476403
038290,마크로젠,KOSDAQ,12090,2.2,14645,176760350,131072526000,2.9813,-3.2026,1.1715,-23.5777,Other,그외 기타 전문  과학 및 기술 서비스업,0.476390
067920,이글루,KOSDAQ,5860,1.03,34051,197054830,64437257340,1.5598,12.2605,20.3285,-4.5603,Technology,기타 정보 서비스업,0.476305
291230,컴투스엔,KOSDAQ,2570,0,18103,46224267,61708863670,1.3807,7.9832,517.7885,249.1848,Other,기타 사업지원 서비스업,0.476202
027040,서울전자통신,KOSDAQ,1895,11.21,7056070,14817978958,26374172255,9.5376,1.1206,3.5519,379.7468,Utilities,전동기  발전기 및 전기 변환 · 공급 · 제어 장치 제조업,0.476157
242040,나무AX,KOSDAQ,3030,0.17,120387,365746124,104856979920,-1.1419,-5.3125,-40.2367,-54.4361,Technology,소프트웨어 개발 및 공급업,0.476076
350520,이지스레지던스리츠,KOSPI,3325,-0.6,36797,122595625,122580121650,0.0000,-0.7463,-1.9174,-9.4005,Real Estate,부동산 임대 및 공급업,0.476022
338100,NH프라임리츠,KOSPI,3770,-0.13,74054,278617100,70348200000,-0.7895,2.0298,4.5770,-18.5745,Real Estate,부동산 임대 및 공급업,0.475988
007460,에이프로젠,KOSPI,2010,-0.99,123574,251821416,49900165530,2.1341,-12.7983,-16.9421,501.7964,Healthcare,의약품 제조업,0.475854
480370,씨케이솔루션,KOSPI,1770,-5.65,231555,416221144,57492092160,4.7337,31.2083,34.1926,-35.1648,Industrials,일반 목적용 기계 제조업,0.475829
389140,포바이포,KOSDAQ,5510,0.55,32757,180259075,78626239850,3.7665,10.3103,5.3537,-35.9302,Communication,영화  비디오물  방송프로그램 제작 및 배급업,0.475512
117670,알파칩스,KOSDAQ,10800,-4.76,35173,385204155,71946813600,-0.7353,30.4348,5.6751,-31.4286,Technology,반도체 제조업,0.475364
079960,동양이엔피,KOSDAQ,16660,-0.77,12610,210517150,125810622280,-1.9423,-11.0043,-12.7292,-44.0940,Utilities,전동기  발전기 및 전기 변환 · 공급 · 제어 장치 제조업,0.475066
088260,이리츠코크렙,KOSPI,3275,-0.15,18704,61444800,207443707250,1.3932,3.6392,-6.1605,-31.4854,Real Estate,부동산 임대 및 공급업,0.474802
011040,경동제약,KOSDAQ,5020,0,16799,83972860,154459205320,-0.3968,-1.5686,3.9337,-8.2267,Healthcare,의약품 제조업,0.474461
101400,엔시트론,KOSDAQ,1672,0.12,279325,453133762,25345252768,1.5796,-7.1111,13.8189,304.8426,Technology,반도체 제조업,0.474335
054300,팬스타엔터프라이즈,KOSDAQ,1058,-0.66,129433,135577877,61544859810,-3.1136,-4.8561,31.4286,97.0205,Industrials,일반 목적용 기계 제조업,0.473574
185490,아이진,KOSDAQ,1950,1.04,35327,68466387,84298078800,2.3085,2.6316,49.7696,34.9481,Healthcare,자연과학 및 공학 연구개발업,0.473323
137950,제이씨케미칼,KOSDAQ,3600,0.56,53801,194078860,80164130400,-5.2632,-0.5525,30.1989,-16.0839,Materials,기타 화학제품 제조업,0.473273
234080,JW생명과학,KOSPI,10980,0.37,6751,73966210,173863402920,0.1825,-2.0517,-0.3630,-16.1832,Healthcare,의약품 제조업,0.472986
310200,애니플러스,KOSDAQ,1919,-0.62,149295,285085579,100100482284,-1.2352,-29.4485,-3.1297,-29.5780,Communication,영화  비디오물  방송프로그램 제작 및 배급업,0.470792
115310,인포바인,KOSDAQ,9550,0.74,5960,56817870,141641292950,0.8448,14.6459,39.0102,-86.1994,Technology,전기 통신업,0.470771
389030,지니너스,KOSDAQ,1939,-0.31,196432,378256488,76381613469,0.0516,-4.7174,-14.3929,-66.0420,Healthcare,자연과학 및 공학 연구개발업,0.470769
039020,이건홀딩스,KOSDAQ,2555,3.65,717194,1876940861,57703931495,-0.1953,-11.8966,0.5906,-22.8097,Materials,제재 및 목재 가공업,0.470526
235980,메드팩토,KOSDAQ,2805,2.56,117070,325770572,96141714405,2.0000,7.2658,-8.3333,-50.7895,Healthcare,자연과학 및 공학 연구개발업,0.470520
002210,동성제약,KOSPI,1265,-2.09,75815,96704321,122223676355,-6.2963,-13.2373,30.0103,30.0103,Healthcare,의약품 제조업,0.470515
192250,케이사인,KOSDAQ,7960,0.89,44912,361863140,56254315000,-1.7284,6.1333,9.6419,-21.9608,Technology,소프트웨어 개발 및 공급업,0.470120
003480,한진중공업홀딩스,KOSPI,4705,-0.95,18187,85835515,138937765460,-1.1555,2.3939,2.2826,-7.5639,Utilities,연료용 가스 제조 및 배관공급업,0.470120
011330,유니켐,KOSPI,4080,-4.67,77896,320375892,40876638720,-5.1163,-14.1053,930.3030,438.2586,Industrials,자동차 신품 부품 제조업,0.470012
004700,조광피혁,KOSPI,65200,-0.91,239,15682300,433523797600,-0.7610,-0.6098,6.0163,-4.3988,Other,가죽  가방 및 유사제품 제조업,0.469881
033560,블루콤,KOSDAQ,4775,0.53,14506,68095125,81652500000,4.0305,3.9173,31.7241,48.5226,Communication,영상 및 음향기기 제조업,0.469793
085310,엔케이,KOSPI,8800,-0.45,16338,142415250,65279051200,-2.1135,-6.6808,-4.2437,682.2222,Other,구조용 금속제품  탱크 및 증기발생기 제조업,0.469759
246690,TS인베스트먼트,KOSDAQ,2180,0.69,50516,109721095,51836419320,0.0000,17.8378,65.5277,30.4608,Financials,신탁업 및 집합투자업,0.469560
372170,윤성에프앤씨,KOSDAQ,19870,-0.65,4548,90653270,158543683760,-2.1182,-2.5980,5.9168,-29.2883,Industrials,특수 목적용 기계 제조업,0.469198
100250,진양홀딩스,KOSPI,3065,0,15859,48806550,195853500000,-0.9693,-1.7628,6.9808,2.8523,Materials,플라스틱제품 제조업,0.469147
007330,푸른저축은행,KOSDAQ,10020,0.1,8692,86920860,151129656000,-1.6683,-0.4965,-0.7921,-12.1053,Financials,은행 및 저축기관,0.469127
095190,신화프리텍,KOSDAQ,1830,-0.87,70231,128917142,119426645460,-3.2770,-0.0546,4.2141,-20.2614,Industrials,기타 금속 가공제품 제조업,0.469014
338220,뷰노,KOSDAQ,5570,8.16,398402,2227640355,77990154110,28.9352,-23.6986,-24.2177,-66.8452,Technology,소프트웨어 개발 및 공급업,0.468950
036190,금화피에스시,KOSDAQ,33750,-2.74,1574,53648450,202500000000,-1.4599,-1.3158,6.6351,-14.5570,Technology,전기 및 통신 공사업,0.468928
071840,롯데하이마트,KOSPI,5960,-1.65,19690,117711400,140701963520,-1.4876,-5.9937,-5.2464,-25.5930,Technology,가전제품 및 정보통신장비 소매업,0.468874
148780,비큐AI,KOSDAQ,3755,-4.21,74410,284270172,23615739475,1.0767,13.2730,652.5050,231.1287,Technology,소프트웨어 개발 및 공급업,0.468515
037760,쎄니트,KOSDAQ,2425,0.83,50501,121501940,82044833425,2.9724,1.2526,-0.2058,24.8070,Materials,1차 철강 제조업,0.468379
307750,국전,KOSDAQ,2250,-1.75,65393,147769995,121469148000,-3.8462,4.6512,3.6866,-52.7311,Healthcare,의약품 제조업,0.468306
012320,경동인베스트,KOSPI,44350,0.34,5101,227493475,104888770050,-6.9255,-2.9540,-13.0392,-24.8305,Financials,기타 금융업,0.468302
293480,하나제약,KOSPI,8160,0.12,12447,101514205,145027239360,-1.9231,-3.5461,-5.9908,-12.2581,Healthcare,의약품 제조업,0.468257
011700,한신기계,KOSPI,2385,-2.85,135671,326472661,77384070135,-4.7904,5.7650,-8.4453,-50.0524,Industrials,일반 목적용 기계 제조업,0.467932
290660,다이나믹솔루션,KOSDAQ,1419,-5.34,865103,1238147578,60786963072,-4.6371,-31.7788,51.1182,-14.1041,Healthcare,의료용 기기 제조업,0.467911
340810,시선AI,KOSDAQ,3840,-12.63,680803,2703256866,53566010880,-5.8824,7.8652,59.3361,46.0076,Technology,소프트웨어 개발 및 공급업,0.467298
004140,동방,KOSPI,1746,-2.08,140424,246124003,83758703436,-1.5228,-4.3812,-4.3288,-37.1942,Industrials,기타 운송관련 서비스업,0.466654
069920,엑시온그룹,KOSDAQ,1254,3.98,190293,237350483,28458800172,9.5197,26.6667,25.5255,194.3662,Consumer,무점포 소매업,0.466368
084850,아이티엠반도체,KOSDAQ,8110,0,8945,72249350,183958594740,-0.4908,-4.2503,-10.7811,-16.3918,Technology,전자부품 제조업,0.466068
191410,육일씨엔에쓰,KOSDAQ,1773,-3.27,161269,285962054,27499534956,-2.4216,42.7536,60.5978,-30.7422,Technology,전자부품 제조업,0.465962
076610,해성옵틱스,KOSDAQ,1123,-1.32,614138,693214684,68406456813,-7.5720,-21.1376,6.5465,-41.8135,Technology,사진장비 및 광학기기 제조업,0.465894
038540,상상인,KOSDAQ,1906,1.28,89664,166689855,105455764578,-3.3469,-4.6523,-5.8765,-12.9680,Technology,컴퓨터 프로그래밍  시스템 통합 및 관리업,0.465755
241590,화승엔터프라이즈,KOSPI,2700,0,49641,131706673,163591045200,-3.9146,-6.7358,-15.7566,-42.5532,Consumer,신발 및 신발 부분품 제조업,0.465747
208370,셀바스헬스케어,KOSDAQ,2345,1.08,221999,537297299,60361622580,2.1786,-4.4807,-16.9912,-47.1847,Healthcare,의료용 기기 제조업,0.465582
066980,한성크린텍,KOSDAQ,1464,-0.88,155543,229050887,78721041192,0.0684,-5.9730,-19.3388,-1.7450,Other,건축기술  엔지니어링 및 관련 기술 서비스업,0.465028
008700,아남전자,KOSPI,1253,0.56,105898,132590306,96637399460,-0.0797,4.4167,5.2941,-23.9684,Communication,영상 및 음향기기 제조업,0.465002
036220,오상헬스케어,KOSDAQ,6380,-1.69,36885,236202115,91294074080,-8.8571,-5.6213,11.5385,-31.3978,Healthcare,의료용 기기 제조업,0.464901
460940,피앤에스로보틱스,KOSDAQ,5150,1.18,41065,212372715,69294692000,5.1020,3.4137,-0.9615,-36.1042,Healthcare,의료용 기기 제조업,0.464865
430690,한싹,KOSDAQ,2960,3.86,449114,1393038689,32250099840,-0.5042,23.0769,18.8755,-18.6813,Technology,소프트웨어 개발 및 공급업,0.464665
002680,한탑,KOSDAQ,2830,6.79,115905,309697710,21949564900,7.8095,30.7159,656.6845,295.8042,Other,곡물가공품  전분 및 전분제품 제조업,0.464521
067000,조이시티,KOSDAQ,1131,-0.96,156284,175418362,79060797426,4.5287,0.7124,12.5373,-51.9745,Technology,소프트웨어 개발 및 공급업,0.464520
016880,웅진,KOSPI,1839,0.82,56988,105098088,146985900120,0.4918,-11.5865,1.9401,-33.7297,Financials,기타 금융업,0.464322
014580,태경비케이,KOSPI,3795,-0.39,33085,125238625,104677864500,1.0652,-1.3004,-0.5242,-16.0398,Other,시멘트  석회  플라스터 및 그 제품 제조업,0.463847
189860,서전기전,KOSDAQ,4940,-5.73,186946,934325969,47911973200,-1.7893,23.5000,14.7503,-25.6024,Utilities,전동기  발전기 및 전기 변환 · 공급 · 제어 장치 제조업,0.463387
381620,제닉스로보틱스,KOSDAQ,6070,0,32595,197814570,79625774400,2.1886,2.1886,-5.1562,-36.4398,Industrials,특수 목적용 기계 제조업,0.463309
084990,헬릭스미스,KOSDAQ,2995,0.5,41138,123726890,138047927015,2.3932,2.7444,-29.6122,-48.4509,Healthcare,자연과학 및 공학 연구개발업,0.462962
145170,노브랜드,KOSDAQ,2755,5.15,938378,2741583673,46582655775,4.1588,-0.7207,-10.8414,-27.0199,Consumer,편조의복 제조업,0.462721
950140,잉글우드랩,KOSDAQ,8150,-0.61,9701,79232625,161923107900,-0.2448,0.1229,-0.6098,-38.2576,Materials,기타 화학제품 제조업,0.462441
049950,미래컴퍼니,KOSDAQ,10560,1.64,15423,162116790,93116855040,-0.6585,-2.2222,1.9305,-25.8947,Industrials,특수 목적용 기계 제조업,0.461997
006490,프리티,KOSPI,1355,-1.88,88159,119904683,24046281215,-33.2512,50.8909,337.0968,494.2982,Technology,전기 통신업,0.461835
008260,NI스틸,KOSPI,3250,-0.76,42290,137500825,92950380250,-0.9146,-6.0694,12.8472,-9.9723,Materials,1차 철강 제조업,0.461765
288180,케이피항공산업,KOSDAQ,7560,1.75,28257,213526620,55893060720,5.5866,1.4765,-19.2308,,Industrials,항공기 우주선 및 부품 제조업,0.461710
214390,경보제약,KOSPI,5390,0.94,14744,79543755,128857975400,0.1859,4.0541,7.1571,-26.4666,Healthcare,기초 의약물질 제조업,0.461147
038460,바이오스마트,KOSDAQ,2790,-2.11,80926,225648870,70515972180,-2.2767,3.5250,12.9555,-37.2328,Technology,전자부품 제조업,0.460985
332290,누보,KOSDAQ,4370,0,9149,39752630,34694518130,0.4598,387.1795,375.5169,237.7125,Other,비료  농약 및 살균  살충제 제조업,0.460779
067900,와이엔텍,KOSDAQ,5820,-1.52,28209,164497365,105922015380,-3.0000,-3.6424,-13.5215,-18.1435,Other,폐기물 처리업,0.460325
019680,대교,KOSPI,1636,-0.06,25199,40895960,65822578600,-0.9085,63.6000,80.5740,2.2500,Consumer,초등 교육기관,0.459726
314930,바이오다인,KOSDAQ,6670,-0.6,16832,112155220,198526567010,-4.0288,-10.3495,-26.7033,-46.2097,Healthcare,의료용 기기 제조업,0.459461
014710,사조씨푸드,KOSPI,9200,-3.77,5864,54980600,158410595600,-8.1836,-4.7619,24.1565,23.4899,Other,수산물 가공 및 저장 처리업,0.459042
270520,앱튼,KOSDAQ,2020,-16.36,1717544,3400429174,46781006280,-29.6167,-44.8840,165.7895,910.0000,Other,건축기술  엔지니어링 및 관련 기술 서비스업,0.458712
051360,토비스,KOSDAQ,11940,0.84,11173,131827670,111765707280,-0.2506,5.5703,-23.3141,-27.4605,Communication,영상 및 음향기기 제조업,0.458591
079810,APS이노베이션,KOSDAQ,3550,-2.74,45621,163695017,76424733700,-4.5699,8.7289,11.1111,-15.6770,Technology,기타 전기장비 제조업,0.458159
272550,삼양패키징,KOSPI,9590,-0.83,7772,74511305,144506013540,-2.5407,-3.5211,18.2491,-31.6952,Materials,플라스틱제품 제조업,0.457515
131100,티엔엔터테인먼트,KOSDAQ,3120,30,137268,416861612,20121953280,29.4606,34.1935,342.5532,140.1848,Communication,영화  비디오물  방송프로그램 제작 및 배급업,0.457164
035150,백산,KOSPI,10370,-0.19,4505,46753780,205026089230,-2.8116,-2.3540,7.3499,-20.9604,Materials,플라스틱제품 제조업,0.456516
019550,SBI인베스트먼트,KOSDAQ,954,0.63,130070,124249680,76857077196,-3.0488,-7.3786,5.2980,52.6400,Financials,신탁업 및 집합투자업,0.456266
004410,서울식품,KOSPI,1213,0.83,77228,93752331,47858930769,3.7639,-3.6537,29.0426,515.7360,Consumer,기타 식품 제조업,0.456214
227840,현대코퍼레이션홀딩스,KOSPI,12780,-1.08,6128,78449720,116308684080,-1.2365,-1.3127,10.1724,1.9952,Other,음·식료품 및 담배 도매업,0.456063
002220,한일철강,KOSPI,2870,-2.71,95933,277770775,76621710200,-2.5467,2.5000,-37.0614,-22.9530,Materials,1차 철강 제조업,0.456000
143160,아이디스,KOSDAQ,15910,-0.13,2905,45932860,170497764900,-0.4380,-1.1187,12.6771,-10.0113,Technology,통신 및 방송 장비 제조업,0.455978
000590,CS홀딩스,KOSPI,68400,1.03,2318,155679200,78966568800,0.4405,0.7364,-0.2915,-14.1782,Financials,기타 금융업,0.455578
023910,대한약품,KOSDAQ,26300,0.38,2085,54462150,157800000000,-0.1898,-0.7547,6.4777,-10.0855,Healthcare,의약품 제조업,0.455426
004590,한국가구,KOSDAQ,5200,-1.14,24371,128256730,78000000000,-1.5152,7.2165,0.7752,4.5226,Consumer,기타 상품 전문 소매업,0.455410
318160,셀바이오휴먼텍,KOSDAQ,7120,-0.84,15990,112332150,66483092560,2.0057,11.7739,28.9855,-1.7931,Other,기타 섬유제품 제조업,0.455158
011230,삼화전자,KOSPI,2680,-0.37,101627,272558485,51364303800,-0.7407,3.4749,1.5152,3.6750,Communication,영상 및 음향기기 제조업,0.454903
453450,그리드위즈,KOSDAQ,12560,-0.32,13626,170612270,99760940000,-0.5542,-7.3063,-6.5476,-39.7602,Other,그외 기타 전문  과학 및 기술 서비스업,0.454505
038680,에스넷,KOSDAQ,3590,-2.45,61126,221994875,71486384780,-6.3885,-14.6254,16.1812,5.4332,Technology,컴퓨터 프로그래밍  시스템 통합 및 관리업,0.453898
015890,태경산업,KOSPI,4725,-0.42,12624,59798490,138105843750,-0.7353,-0.2112,5.4688,-2.9774,Materials,기초 화학물질 제조업,0.453348
131030,옵투스제약,KOSDAQ,5840,0.34,19114,111187310,103056085600,3.7300,2.6362,1.3889,-58.8152,Healthcare,의약품 제조업,0.453334
315640,딥노이드,KOSDAQ,1935,2.16,156648,308209678,56835268920,5.3348,12.9597,15.1786,-45.1841,Technology,소프트웨어 개발 및 공급업,0.453025
006620,동구바이오제약,KOSDAQ,3520,0,40568,141262356,100196771840,0.8596,-4.9933,-6.3830,-32.9524,Healthcare,의약품 제조업,0.452847
271980,제일약품,KOSPI,9970,0.5,6794,67813760,146607573840,-0.3996,-1.2871,3.1024,-27.2263,Healthcare,의약품 제조업,0.452819
047560,이스트소프트,KOSDAQ,7460,-1.84,24112,181856675,87677991720,-3.3679,0.1342,0.5391,-44.6177,Technology,소프트웨어 개발 및 공급업,0.452579
136540,윈스테크넷,KOSDAQ,10750,0,5361,57749720,132007269500,0.0000,3.2661,7.3926,-7.5666,Technology,컴퓨터 프로그래밍  시스템 통합 및 관리업,0.452320
039610,화성밸브,KOSDAQ,5880,-4.7,96356,573840570,61213152000,-2.3256,10.9434,1.9064,-26.8657,Industrials,일반 목적용 기계 제조업,0.452310
014790,HL D&I,KOSPI,2450,0,52225,129513370,92753572450,-0.2037,-1.4085,4.2553,-27.9412,Industrials,토목 건설업,0.452168
024740,한일단조,KOSDAQ,2205,-0.23,80158,177564865,72537993045,-2.2173,5.0000,4.5024,-25.1273,Industrials,자동차 신품 부품 제조업,0.451100
034940,조아제약,KOSDAQ,2670,-0.19,34984,93977839,16543226550,-2.9091,385.4545,196.6667,201.6949,Healthcare,의약품 제조업,0.450858
286750,나노실리칸첨단소재,KOSDAQ,2675,7.21,51467,132945930,42838594900,1.1342,87.7193,64.4130,109.6395,Materials,기초 화학물질 제조업,0.450533
196450,코아시아씨엠,KOSDAQ,3880,0.13,7322,28053695,35168320000,1.3055,391.1392,437.3961,164.8464,Technology,사진장비 및 광학기기 제조업,0.450236
001260,남광토건,KOSPI,7670,1.46,18861,143195085,75415827240,2.4032,1.5894,-3.8847,-13.9169,Industrials,토목 건설업,0.449866
009200,무림페이퍼,KOSPI,1504,0.07,130992,200906331,62580402240,1.6903,-1.0526,12.9977,-26.6341,Materials,펄프  종이 및 판지 제조업,0.449668
362320,청담글로벌,KOSDAQ,4245,-1.16,40208,171694905,87841432665,-5.2455,-10.3485,3.0340,-14.5015,Other,생활용품 도매업,0.448928
090850,현대이지웰,KOSDAQ,4935,0.82,21920,108584290,110928451305,-1.4970,-3.4247,-3.2353,-21.4172,Technology,소프트웨어 개발 및 공급업,0.448920
000480,CR홀딩스,KOSPI,4280,-0.12,10907,46725975,200691297200,-2.3945,-5.0998,-7.5594,-12.5638,Other,내화  비내화 요업제품 제조업,0.447985
084440,유비온,KOSDAQ,5210,0,5448,27768300,19935981640,335.6187,393.8389,477.6053,413.3005,Technology,소프트웨어 개발 및 공급업,0.447874
021320,KCC건설,KOSDAQ,5790,-1.53,9525,55511350,123906000000,-1.6978,4.8913,20.3742,-13.0631,Industrials,건물 건설업,0.447642
096350,대창솔루션,KOSDAQ,1890,-1.92,111842,210934501,69655500180,-1.0989,-0.2639,5.7047,-45.1379,Other,구조용 금속제품  탱크 및 증기발생기 제조업,0.447549
066360,체리부로,KOSDAQ,1497,-0.27,34719,52066461,35892082479,1.6293,123.4328,109.9579,42.4358,Other,도축  육류 가공 및 저장 처리업,0.447439
083420,그린케미칼,KOSPI,4635,0.22,19476,90115008,111240000000,-1.3830,-2.7282,6.5517,-17.2321,Materials,기타 화학제품 제조업,0.447335
024880,케이피에프,KOSDAQ,3785,-1.3,48856,185625970,75479046840,-0.5256,0.3979,-1.8158,-42.2137,Industrials,기타 금속 가공제품 제조업,0.446525
007820,엠엑스로보틱스,KOSDAQ,3485,1.6,44149,152972835,81282115215,-0.1433,-15.5152,23.1449,-31.1265,Industrials,일반 목적용 기계 제조업,0.446443
011390,부산산업,KOSPI,49850,-0.7,4254,209257750,52641600000,4.9474,2.7835,10.7778,-32.3609,Other,시멘트  석회  플라스터 및 그 제품 제조업,0.446162
020180,대신정보통신,KOSDAQ,3975,0.13,23530,94163355,30550987425,-0.9963,-1.1194,319.7466,271.8428,Technology,컴퓨터 프로그래밍  시스템 통합 및 관리업,0.446104
109080,옵티시스,KOSDAQ,9580,2.24,26866,257373730,53992880000,4.5852,14.4564,5.0439,-15.5947,Technology,통신 및 방송 장비 제조업,0.445960
093380,풍강,KOSDAQ,3120,-0.16,77087,241594440,30823456560,1.2987,5.0505,38.6667,20.6963,Industrials,기타 금속 가공제품 제조업,0.445878
066590,스모트로닉,KOSDAQ,2305,0.88,60718,138637270,89152644785,-3.7578,-12.1905,18.8144,-21.3311,Industrials,자동차 신품 부품 제조업,0.445677
002920,유성기업,KOSPI,1843,-0.86,125715,232091622,47821242500,0.3813,5.0142,9.0533,-6.0652,Industrials,자동차 신품 부품 제조업,0.445432
220100,퓨쳐켐,KOSDAQ,6230,4.18,135042,835717985,139722826600,-23.0864,-23.3702,-39.6902,-69.3103,Healthcare,의약품 제조업,0.445363
473980,노머스,KOSDAQ,10140,-0.49,15255,154533030,110351105280,-4.3396,-11.5955,-2.5000,-41.5899,Other,창작 및 예술관련 서비스업,0.445244
073560,우리손에프앤지,KOSDAQ,1529,0.39,56052,85204301,105864356147,-0.5205,-0.3259,1.5947,-9.5266,Other,도축  육류 가공 및 저장 처리업,0.445101
004060,SG세계물산,KOSPI,2115,-1.17,79861,168755322,42812879040,-0.7042,-4.0816,-15.5689,297.5564,Other,상품 종합 도매업,0.444169
025950,동신건설,KOSDAQ,9880,-1.1,15630,154568980,82992000000,-0.3027,-1.8868,-8.0930,-32.1429,Industrials,토목 건설업,0.443998
101000,KS인더스트리,KOSDAQ,1321,-4.21,506178,638853926,13091753327,-36.0291,74.2744,160.0394,8.7243,Industrials,특수 목적용 기계 제조업,0.443678
090080,평화산업,KOSPI,1000,2.46,287966,287764010,54902259000,-0.1996,-3.6609,22.5490,11.1111,Industrials,자동차 신품 부품 제조업,0.443310
053950,경남제약,KOSDAQ,1971,-2.91,83248,166006517,38670328179,-14.1176,20.5505,-5.2404,134.0855,Healthcare,의약품 제조업,0.442461
010100,한국무브넥스,KOSPI,3335,-0.74,38074,127279560,101552150700,-2.1994,-5.3901,-8.6301,-28.3566,Industrials,자동차 신품 부품 제조업,0.441966
179290,엠아이텍,KOSDAQ,4520,-0.11,20533,92399030,146292864560,-7.3770,-12.7413,6.2280,-32.9377,Healthcare,의료용 기기 제조업,0.441734
0030R0,대신밸류리츠,KOSPI,3705,-0.13,7770,28914335,221484900000,-1.2000,-3.1373,-2.8834,-13.6364,Financials,신탁업 및 집합투자업,0.441602
003310,대주산업,KOSDAQ,1632,0.62,180623,294840127,57760315200,-1.0909,0.3073,0.2457,-56.1290,Consumer,동물용 사료 및 조제식품 제조업,0.441250
212710,아이에스티이,KOSDAQ,7050,3.22,50209,351677940,68490594900,5.6972,-11.0971,-14.7521,-6.1252,Technology,반도체 제조업,0.441235
007210,벽산,KOSPI,1430,0,73792,104397610,93464800000,0.7042,-1.6506,-0.1397,-23.4065,Materials,기타 비금속 광물제품 제조업,0.441065
462520,조선내화,KOSPI,12720,0.95,4487,56745410,150797736960,0.0000,-2.5287,-15.5939,-7.6253,Other,내화  비내화 요업제품 제조업,0.440990
002450,삼익악기,KOSPI,1078,-1.37,103949,112155272,97592326370,-2.7953,-1.2821,-8.3333,-12.8537,Other,악기 제조업,0.440877
0010F0,보원케미칼,KOSDAQ,2545,11.38,2701358,6993269826,28360464545,8.7607,12.6106,3.0364,,Materials,플라스틱제품 제조업,0.440562
006090,사조오양,KOSPI,8930,1.48,7883,70490030,84145032480,1.0181,2.2910,15.8236,6.6906,Other,수산물 가공 및 저장 처리업,0.440545
109610,에스와이,KOSDAQ,1885,-0.16,46205,87202309,92190449000,1.4532,6.7989,2.4457,-28.3270,Other,구조용 금속제품  탱크 및 증기발생기 제조업,0.440307
900300,오가닉티코스메틱,KOSDAQ,2930,-2.82,40907,121464634,60299684210,-2.1703,-13.4417,-15.3179,2362.1849,Financials,기타 금융업,0.440253
900260,로스웰,KOSDAQ,1908,0.21,29380,57408389,87824679048,-1.9023,15.0090,14.2515,15.0784,Financials,기타 금융업,0.440055
950170,JTC,KOSDAQ,4200,-0.12,9336,39188570,204847083000,-1.1765,-3.2258,-13.4912,-17.1598,Consumer,종합 소매업,0.439880
003960,사조대림,KOSPI,26600,0,1399,37263800,243774822200,-4.1441,-13.3550,2.7027,-19.6375,Other,수산물 가공 및 저장 처리업,0.439826
187420,HLB제넥스,KOSDAQ,1787,-0.72,185443,331168053,58336520289,-1.7592,-5.2492,-14.0865,-30.8704,Healthcare,기초 의약물질 제조업,0.439824
003780,진양산업,KOSPI,4285,0.82,39078,166104249,55705000000,6.1958,13.3598,-11.4669,-23.0700,Materials,플라스틱제품 제조업,0.439383
081000,일진다이아,KOSPI,9200,0.44,8040,74073495,130667370000,-2.6455,-0.3250,-4.2664,-31.9527,Materials,기타 화학제품 제조업,0.439343
054930,유신,KOSDAQ,18060,-1.9,11229,204839700,54180000000,1.6892,0.6128,6.9905,-22.4893,Other,건축기술  엔지니어링 및 관련 기술 서비스업,0.439084
377030,비트맥스,KOSDAQ,2050,4.86,52319,104539316,29297989100,13.8889,24.6201,57.6923,175.5376,Technology,소프트웨어 개발 및 공급업,0.439007
002880,디와이에이,KOSPI,3455,0.29,7083,24870355,32320830545,1.3196,358.8313,355.8047,271.5054,Industrials,자동차 신품 부품 제조업,0.438845
013890,지누스,KOSPI,7340,-2.26,9483,69280350,160935467420,-3.5480,-0.5420,-18.5350,-34.4643,Other,가구 제조업,0.438730
123420,위메이드플레이,KOSDAQ,6470,0,19786,128144950,67294735270,-1.6717,2.6984,15.5357,-2.9985,Technology,소프트웨어 개발 및 공급업,0.438566
106190,하이텍팜,KOSDAQ,9880,0.61,21066,208623260,105055749240,-4.5411,-15.3385,-26.9771,-52.0388,Healthcare,기초 의약물질 제조업,0.438386
101970,우양에이치씨,KOSDAQ,9550,-1.24,6028,57173730,141244585950,3.2432,-10.1599,-0.7277,-25.5070,Other,구조용 금속제품  탱크 및 증기발생기 제조업,0.438238
002230,피에스텍,KOSDAQ,5000,0.81,24846,124277459,92105350000,-0.5964,-0.5964,1.0101,-50.9323,Technology,측정  시험  항해  제어 및 기타 정밀기기 제조업; 광학기기 제외,0.438229
010660,화천기계,KOSPI,2980,-0.5,70439,209422815,65560000000,-5.0955,10.7807,0.5059,-47.7193,Industrials,특수 목적용 기계 제조업,0.438222
063080,컴투스홀딩스,KOSDAQ,11890,0,12077,143323070,78416832880,1.0195,-8.0433,3.3913,-33.0141,Technology,소프트웨어 개발 및 공급업,0.437961
027580,상보,KOSDAQ,1822,-3.19,72736,132980669,21565656610,1.5042,13.7328,42.6782,214.1379,Materials,플라스틱제품 제조업,0.437365
215790,이노인스트루먼트,KOSDAQ,681,-0.87,1226847,859432705,27432824469,-4.8883,4.9307,-40.2632,34.8515,Technology,통신 및 방송 장비 제조업,0.437243
434480,모니터랩,KOSDAQ,2800,1.08,120972,346000102,34468840000,-4.7619,10.2362,20.6897,-19.4245,Technology,소프트웨어 개발 및 공급업,0.437166
059100,아이컴포넌트,KOSDAQ,6920,0,10008,69283940,48930351200,6.4615,12.8874,44.1667,29.3458,Technology,전자부품 제조업,0.436906
388870,파로스아이바이오,KOSDAQ,5500,0.36,31638,171252710,71202626000,-1.2567,3.5782,-1.0791,-45.0000,Healthcare,자연과학 및 공학 연구개발업,0.436817
002460,HS화성,KOSPI,11030,0.27,5360,58839910,111954500000,1.9409,6.0577,-5.1591,-13.0812,Industrials,건물 건설업,0.436399
120240,대정화금,KOSDAQ,14700,-0.07,3656,53642740,105698747700,1.3793,-1.3423,9.7015,7.6923,Materials,기초 화학물질 제조업,0.436366
001550,조비,KOSPI,10470,-0.95,23521,247759470,54362742330,-0.1907,-1.7824,-0.2857,-29.7315,Other,비료  농약 및 살균  살충제 제조업,0.436286
063170,서울옥션,KOSDAQ,5650,-2.59,10705,61079480,100424608550,-1.7391,3.4799,31.7016,-27.5641,Other,상품 중개업,0.436206
224060,더코디,KOSDAQ,4395,5.14,737370,3147912049,22681373190,-40.8479,47.9798,19.1057,-38.0986,Technology,전자부품 제조업,0.436041
035000,HS애드,KOSPI,6310,-0.16,16596,104689830,102270233640,0.0000,-5.9613,-7.4780,-27.7205,Communication,광고업,0.435840
036640,HRS,KOSDAQ,5010,-0.4,16213,81110149,81937548000,-0.1992,1.8293,12.3318,-1.9569,Materials,합성고무 및 플라스틱 물질 제조업,0.435711
013570,디와이,KOSPI,4155,0.24,16694,69099037,109358075115,-0.5981,-3.1469,10.0662,-19.4767,Financials,기타 금융업,0.435543
092130,이크레더블,KOSDAQ,14210,-0.21,2020,28760000,171139556000,-0.7682,0.7801,4.4853,-5.2035,Technology,기타 정보 서비스업,0.435280
034120,SBS,KOSPI,11780,-0.84,2302,27159700,218533583640,-1.1745,-4.4607,6.1261,-29.0789,Communication,텔레비전 방송업,0.435100
081180,쎄크,KOSDAQ,5960,-1.16,33622,201245370,52600188600,2.0548,18.7251,-7.7399,-50.2919,Industrials,일반 목적용 기계 제조업,0.434430
072020,중앙백신,KOSDAQ,9150,0,9610,87624590,84699546150,0.0000,-0.9740,-0.5435,0.0000,Healthcare,기초 의약물질 제조업,0.434294
034810,해성산업,KOSDAQ,5950,0.17,4603,27298650,187901904400,0.0000,-1.9769,5.4965,-18.3813,Financials,기타 금융업,0.434227
382840,원준,KOSDAQ,4935,-0.9,40627,200094390,75365252235,-4.9133,3.0271,-16.3559,-43.1452,Industrials,특수 목적용 기계 제조업,0.434215
016710,대성홀딩스,KOSPI,7000,-0.71,8712,60610990,112626213000,1.0101,0.4304,3.5503,-20.5448,Other,회사 본부 및 경영 컨설팅 서비스업,0.433902
355690,에이텀,KOSDAQ,5030,1.41,35374,176618670,48139056670,0.7007,16.9767,-8.5455,-2.1401,Technology,전자부품 제조업,0.433890
010960,삼호개발,KOSPI,3060,-0.49,42193,128984105,73807200000,0.0000,0.4926,0.1637,-24.4444,Other,기반조성 및 시설물 축조관련 전문공사업,0.433884
418470,KT밀리의서재,KOSDAQ,9440,-0.11,12372,116872025,80861048160,-0.5269,0.2123,-2.3785,-27.9939,Communication,서적  잡지 및 기타 인쇄물 출판업,0.433152
408920,메쎄이상,KOSDAQ,2890,0.35,20761,59063770,124941794950,-0.6873,-7.3718,3.2143,-10.8025,Other,기타 사업지원 서비스업,0.432885
003580,HLB글로벌,KOSPI,1583,0.25,72861,114804110,80200328415,-4.1768,1.9317,5.4630,-22.2113,Consumer,종합 소매업,0.432749
000140,하이트진로홀딩스,KOSPI,7750,-0.39,4460,34749495,179852428750,-1.5248,-3.8462,-1.0217,-15.0219,Financials,기타 금융업,0.432436
382150,온코크로스,KOSDAQ,3630,0.14,61838,227520040,47358265020,8.0357,2.9787,-6.6838,-45.8209,Healthcare,자연과학 및 공학 연구개발업,0.432160
357550,석경에이티,KOSDAQ,30600,1.16,2135,64972000,166923000000,-1.2903,-7.5529,-22.1374,-39.7638,Materials,기초 화학물질 제조업,0.432010
074430,아미노로직스,KOSDAQ,1067,1.91,75993,79966815,95327905464,6.9138,-13.0399,-0.7442,-20.7869,Healthcare,기초 의약물질 제조업,0.431713
101330,모베이스,KOSDAQ,3460,-1.84,29615,102821024,80088720340,-0.7174,2.9762,3.5928,-25.8307,Technology,통신 및 방송 장비 제조업,0.431246
004780,대륙제관,KOSDAQ,4170,-0.71,27253,114475260,66316339830,-1.9976,1.7073,11.2000,8.3117,Industrials,기타 금속 가공제품 제조업,0.431213
004650,창해에탄올,KOSDAQ,9300,0.22,9276,86124610,85475230500,0.2155,-0.6410,-1.6913,-4.7131,Consumer,알코올음료 제조업,0.431151
356890,싸이버원,KOSDAQ,2545,1.39,117207,303153045,30422484625,-1.9268,14.1256,18.9252,-19.2063,Technology,소프트웨어 개발 및 공급업,0.430644
073570,리튬포어스,KOSDAQ,2155,2.86,46974,101343265,25940441840,10.0051,38.3184,20.3911,295.4128,Other,그외 기타 제품 제조업,0.430422
334970,프레스티지바이오로직스,KOSDAQ,1364,-0.8,121218,161738903,106054596868,1.0370,-22.1905,-27.3695,-45.3307,Healthcare,의약품 제조업,0.430120
478560,블랙야크아이앤씨,KOSDAQ,3170,-0.31,15291,48203225,81882044660,4.6205,13.0125,13.0125,-2.3112,Consumer,신발 및 신발 부분품 제조업,0.430106
017480,삼현철강,KOSDAQ,4775,-1.34,20712,98809085,73739799750,0.0000,-1.0363,2.7987,4.6002,Materials,1차 철강 제조업,0.430056
094280,효성ITX,KOSPI,12040,0.25,2933,35246390,139160728000,0.5008,0.4170,2.5554,-3.3708,Other,기타 사업지원 서비스업,0.430031
352090,스톰테크,KOSDAQ,3640,-0.14,16549,59854672,97817712720,-0.2740,1.1111,5.3546,2.6798,Materials,플라스틱제품 제조업,0.429995
289010,아이스크림에듀,KOSDAQ,1180,1.03,280530,328223521,16455402080,3.2371,31.9911,29.1028,-24.0180,Communication,서적  잡지 및 기타 인쇄물 출판업,0.429860
060590,씨티씨바이오,KOSDAQ,3005,-1.15,46886,140751497,72663965100,-2.9079,-0.3317,0.8389,-23.1458,Healthcare,의약품 제조업,0.429814
049480,오픈베이스,KOSDAQ,1882,0.21,94602,179959790,59136924806,-2.5880,2.3382,-1.6719,-12.4651,Technology,컴퓨터 프로그래밍  시스템 통합 및 관리업,0.429556
900110,딥커머스,KOSDAQ,5430,-0.18,2555,13952370,20022723180,352.1232,357.8415,347.2817,589.0863,Financials,기타 금융업,0.429283
090410,덕신이피씨,KOSDAQ,3420,-0.58,7842,26505360,31521520980,-3.1161,317.5824,340.7216,180.7882,Other,구조용 금속제품  탱크 및 증기발생기 제조업,0.429142
016800,퍼시스,KOSPI,24350,-2.01,1464,35902750,280025000000,-9.8148,-10.1476,-1.6162,-35.3254,Other,가구 제조업,0.429062
032790,엠젠솔루션,KOSDAQ,1220,-0.41,104007,122363463,31329729320,-3.5573,35.5556,1.7515,72.8045,Industrials,기계장비 및 관련 물품 도매업,0.428988
205470,휴마시스,KOSDAQ,2600,-0.76,37779,97307565,64155002600,-11.5646,-15.5844,15.5556,240.3141,Healthcare,의료용품 및 기타 의약 관련제품 제조업,0.428644
239340,이스트에이드,KOSDAQ,2580,14.92,111036,297385380,13921489080,411.9048,376.8946,349.4774,85.3448,Technology,자료처리  호스팅  포털 및 기타 인터넷 정보매개 서비스업,0.428549
032850,비트컴퓨터,KOSDAQ,4025,-2.9,27377,111571060,66908754325,5.7819,0.8772,3.8710,-24.6255,Technology,소프트웨어 개발 및 공급업,0.428227
063570,NICE인프라,KOSDAQ,3165,-2.01,27480,87675316,108077559120,-6.4993,-3.2110,3.0945,-24.6429,Other,기타 사업지원 서비스업,0.428162
061040,알에프텍,KOSDAQ,7570,1.88,2958,21954950,68495048110,3.6986,21.1200,0.2649,326.4789,Technology,통신 및 방송 장비 제조업,0.427849
023600,삼보판지,KOSDAQ,9020,-0.55,3944,35645010,144394866000,-1.4208,-2.1692,6.8720,-6.7218,Materials,펄프  종이 및 판지 제조업,0.427417
171120,라이온켐텍,KOSDAQ,1995,0.1,53962,107007059,71624011200,-0.1502,-0.9926,2.3077,-4.5455,Materials,기타 화학제품 제조업,0.427055
273060,와이즈버즈,KOSDAQ,3870,-0.39,3302,12873450,38037672720,-1.7766,347.9167,304.8117,252.4590,Communication,광고업,0.426847
322180,LS티라유텍,KOSDAQ,4025,-1.11,30110,120964305,86521826650,0.3741,-2.7778,-10.0559,-47.7273,Technology,소프트웨어 개발 및 공급업,0.426697
041930,SY동아,KOSDAQ,5030,0.9,16973,85003282,76456000000,0.6000,6.6808,5.4507,-19.5200,Materials,고무제품 제조업,0.426569
053580,웹케시,KOSDAQ,6920,0.29,8744,60393035,89644697120,1.7647,0.2899,18.4932,-20.9143,Technology,소프트웨어 개발 및 공급업,0.425993
950200,소마젠,KOSDAQ,3115,0.32,50720,157193580,59920305095,1.1364,-18.3486,22.6378,-7.0149,Other,그외 기타 전문  과학 및 기술 서비스업,0.425786
048530,인트론바이오,KOSDAQ,2815,-1.05,33357,94317630,86960298770,-2.9310,-1.2281,11.9284,-35.5835,Healthcare,기초 의약물질 제조업,0.425597
013360,일성건설,KOSPI,1382,0.14,81290,111742485,74662384160,0.6555,-5.6655,9.1627,-27.2632,Industrials,토목 건설업,0.425593
083640,인콘,KOSDAQ,5380,0.19,6342,34086520,24703173840,0.0000,394.9402,320.9703,1218.6275,Other,상품 종합 도매업,0.425387
347860,알체라,KOSDAQ,1441,-2.17,83579,121104558,60743405327,2.5623,9.4153,0.8397,-21.0411,Technology,소프트웨어 개발 및 공급업,0.425177
079430,현대리바트,KOSPI,5600,-0.71,13015,73430360,112639531200,-2.0979,-6.5109,-4.5997,-21.2377,Other,가구 제조업,0.425086
463020,뉴엔AI,KOSDAQ,6740,0.15,54055,365254745,60573728000,-1.3177,-20.6125,-17.1990,-46.7615,Technology,소프트웨어 개발 및 공급업,0.424844
043590,웰킵스하이텍,KOSDAQ,1717,3.5,47485,80510375,23296910177,14.4667,16.4068,76.8280,168.2812,Technology,반도체 제조업,0.424743
371950,풍원정밀,KOSDAQ,3065,-2.39,134775,415233235,72226755650,-12.5535,-8.0960,-54.3899,-75.9419,Technology,전자부품 제조업,0.424632
030960,양지사,KOSDAQ,4905,0.72,19522,95218435,78381900000,4.4728,8.8790,-25.0000,-29.1185,Other,인쇄 및 인쇄관련 산업,0.424516
228670,레이,KOSDAQ,4350,0.81,38539,168736640,68034091350,-4.7097,-4.8140,0.0000,-18.5393,Healthcare,의료용 기기 제조업,0.424134
069730,DSR제강,KOSPI,5360,0.19,12818,68629120,77184000000,1.7078,-1.6514,6.1386,10.2881,Materials,1차 철강 제조업,0.424101
000220,유유제약,KOSPI,3695,-1.07,50544,186758077,58186872090,-3.2723,-1.9894,-1.8592,-12.9564,Healthcare,의약품 제조업,0.423906
330730,스톤브릿지벤처스,KOSDAQ,4670,1.74,14778,68683870,85077266100,2.8634,-3.5124,6.3781,-15.7040,Financials,기타 금융업,0.423318
001620,케이비아이동국실업,KOSPI,2230,1.83,26642,58571520,49636691380,4.2056,3.9627,-4.7009,252.8481,Industrials,자동차 신품 부품 제조업,0.422634
052300,오션인더블유,KOSDAQ,1563,-3.58,155750,249092822,25389572064,7.2752,15.7778,17.1664,-27.3023,Other,상품 종합 도매업,0.422306
061250,화일약품,KOSDAQ,6350,-1.09,25110,158039675,53451658400,-9.5442,-18.5897,-18.1701,511.1646,Healthcare,의약품 제조업,0.422050
092440,기신정기,KOSPI,1850,0,119393,221423918,54020000000,-2.4776,-6.9884,-3.7461,-19.9134,Industrials,특수 목적용 기계 제조업,0.422026
360350,코셈,KOSDAQ,7080,-3.67,16097,114470845,38500827600,16.8317,26.4286,-2.8807,-58.6207,Technology,측정  시험  항해  제어 및 기타 정밀기기 제조업; 광학기기 제외,0.421886
360070,탑머티리얼,KOSDAQ,9000,0.22,10030,89522500,73728387000,7.0155,9.3560,-10.2692,-46.8399,Other,일차전지 및 이차전지 제조업,0.421765
155650,와이엠씨,KOSDAQ,3270,0.77,26846,87003227,62046150660,2.0281,9.1820,13.7391,-6.4378,Technology,전자부품 제조업,0.421638
053270,구영테크,KOSDAQ,1916,-0.31,103877,199893267,52518335980,-3.2323,-2.5432,6.2673,-17.9443,Industrials,자동차 신품 부품 제조업,0.421509
044990,에이치엔에스하이텍,KOSDAQ,10850,1.69,7996,86572780,83386861250,4.3269,-2.9517,-11.7886,-28.3828,Technology,전자부품 제조업,0.420983
278650,HLB바이오스텝,KOSDAQ,2500,-1.77,36376,92190550,43580990000,0.0000,7.7586,-10.2334,100.6421,Healthcare,자연과학 및 공학 연구개발업,0.420977
302550,리메드,KOSDAQ,2615,0.38,37582,97585785,79169158995,-0.7590,-4.9091,0.3839,-18.4087,Healthcare,의료용 기기 제조업,0.420930
153490,우리이앤엘하루틴,KOSDAQ,3160,1.94,4043,12530370,32535360000,0.4769,81.6092,445.7686,310.3896,Technology,반도체 제조업,0.420841
227950,엔투텍,KOSDAQ,1208,-0.74,92422,110609252,41685916472,-6.3566,-11.1111,20.3187,160.3448,Industrials,특수 목적용 기계 제조업,0.420800
451220,아이엠티,KOSDAQ,8320,1.96,22359,184068610,65516763520,2.2113,-2.4619,-32.2476,-30.0840,Industrials,특수 목적용 기계 제조업,0.420735
900250,크리스탈신소재,KOSDAQ,1215,-1.86,74384,90938399,43515226215,0.9136,4.7414,-12.9032,105.9322,Financials,기타 금융업,0.419972
070960,모나용평,KOSPI,2030,1.6,37479,75988165,97710665990,3.7832,-6.6667,-12.5000,-30.9524,Consumer,일반 및 생활 숙박시설 운영업,0.419830
042040,케이피엠테크,KOSDAQ,5110,0,884,4496420,44308764010,8.4926,16.0045,582.2430,3054.3210,Other,기타 전문 도매업,0.419830
408470,한패스,KOSDAQ,4915,-0.1,27439,136742838,51961380000,3.3649,-4.3774,-19.5581,,Financials,기타 금융업,0.419821
011320,유니크,KOSDAQ,3855,0.13,18228,70533767,74481279225,1.7150,2.2546,1.8494,0.9162,Industrials,자동차 신품 부품 제조업,0.419353
000440,중앙에너비스,KOSDAQ,12450,-0.88,10160,127449850,77527768500,-3.8610,6.5013,-10.3026,-52.1154,Other,기타 전문 도매업,0.419314
066670,디티씨,KOSDAQ,3280,1.55,19457,63717745,61309491040,2.0218,4.1270,28.3757,21.9331,Real Estate,부동산 임대 및 공급업,0.419050
016450,한세예스24홀딩스,KOSPI,4310,0,5233,22541550,172400000000,-0.5767,-5.0661,5.3790,-11.0423,Consumer,봉제의복 제조업,0.418978
336680,탑런토탈솔루션,KOSDAQ,2995,0.34,8953,26610150,117240946210,1.3536,13.6622,11.3383,-16.5738,Technology,전자부품 제조업,0.418948
338840,와이바이오로직스,KOSDAQ,8340,4.25,25331,208475950,128468217420,0.7246,-11.1821,-35.4988,-73.1833,Healthcare,자연과학 및 공학 연구개발업,0.418601
078140,대봉엘에스,KOSDAQ,7380,0.14,12349,90525330,81818953020,0.8197,-6.8182,0.9576,-27.0030,Healthcare,의약품 제조업,0.418298
000890,보해양조,KOSPI,1289,-0.62,125331,161988915,35607368225,-1.9772,2.2205,-67.3671,198.3796,Consumer,알코올음료 제조업,0.418246
043910,자연과환경,KOSDAQ,3220,0.63,29997,94837660,36512046900,-0.9231,-1.6794,8.9679,546.5863,Other,시멘트  석회  플라스터 및 그 제품 제조업,0.418242
019990,에너토크,KOSDAQ,5210,-3.34,38288,201192545,50829218480,-2.4345,11.3248,-4.7532,-42.8728,Industrials,일반 목적용 기계 제조업,0.418120
182360,큐브엔터,KOSDAQ,6580,3.62,13349,87006820,102283375880,-1.0526,20.7339,12.4786,-37.8072,Communication,오디오물 출판 및 원판 녹음업,0.417529
067570,엔브이에이치코리아,KOSDAQ,1612,-0.25,88562,142590553,67978040000,-1.8868,-3.9333,-3.3573,-26.2243,Industrials,자동차 신품 부품 제조업,0.417198
032860,더라미,KOSDAQ,2770,-1.25,12109,33114455,22379306440,-0.3597,301.4493,379.2388,122.3114,Other,해체  선별 및 원료 재생업,0.416824
095270,웨이브일렉트로,KOSDAQ,4250,3.28,43688,180533009,61082725500,0.0000,8.1425,17.5657,-13.7931,Technology,측정  시험  항해  제어 및 기타 정밀기기 제조업; 광학기기 제외,0.416691
014910,성문전자,KOSPI,1954,-5.38,287468,569127364,42709080178,-0.5092,3.6055,-23.9689,17.2869,Technology,전자부품 제조업,0.416678
294140,레몬,KOSDAQ,2740,-1.26,9901,26881900,68266601320,18.3585,23.9819,0.3663,-8.2077,Materials,화학섬유 제조업,0.416609
013310,아진산업,KOSDAQ,2280,-0.22,38858,88836037,88479006960,1.3333,-5.5901,-14.1243,-28.7500,Industrials,자동차 신품 부품 제조업,0.415993
261520,이지스,KOSDAQ,5120,0.99,14535,74029700,52622336000,6.4449,24.8780,22.7818,-42.9844,Technology,소프트웨어 개발 및 공급업,0.415959
126880,제이엔케이글로벌,KOSDAQ,2545,-3.78,58320,149244180,58962873035,2.6210,2.6210,-12.0898,-31.8608,Industrials,일반 목적용 기계 제조업,0.415505
359090,씨엔알리서치,KOSDAQ,2335,0.86,10445,23862320,26838823905,10.4019,20.6718,324.5455,193.3417,Other,그외 기타 전문  과학 및 기술 서비스업,0.415429
065510,휴비츠,KOSDAQ,6610,0.46,15900,105103930,71902885950,-0.4518,-1.6369,-3.9244,-18.7961,Healthcare,의료용 기기 제조업,0.415397
041910,폴라리스AI파마,KOSDAQ,5390,0.75,17131,92003080,71597256500,-2.1779,1.1257,16.0388,-26.9648,Healthcare,의약품 제조업,0.415132
039570,HDC랩스,KOSPI,7510,0.27,1509,11335280,194941583510,0.0000,-0.6614,0.2670,-11.8545,Technology,전기 및 통신 공사업,0.415131
065440,이루온,KOSDAQ,1445,1.9,199881,296518723,39412403900,-1.7007,5.3975,-12.4242,-37.1739,Technology,소프트웨어 개발 및 공급업,0.414951
040160,누리플렉스,KOSDAQ,6490,-2.11,15933,104374360,77122947990,2.2047,1.5649,-19.2786,-36.5591,Technology,소프트웨어 개발 및 공급업,0.414944
282720,금양그린파워,KOSDAQ,7310,-1.35,10390,76631720,88593545000,0.4121,2.8129,0.0000,-52.2534,Technology,전기 및 통신 공사업,0.414701
023450,동남합성,KOSPI,32000,0,1003,31976200,112000000000,0.6289,0.9464,6.8447,5.4366,Materials,기초 화학물질 제조업,0.414612
352910,오비고,KOSDAQ,4815,0.42,7334,35254185,60851016630,-0.3106,40.1747,23.4615,13.8298,Technology,컴퓨터 프로그래밍  시스템 통합 및 관리업,0.414388
000180,성창기업지주,KOSPI,4910,-1.21,8415,41553191,68496071200,-2.3857,-7.1834,5.3648,234.0136,Other,회사 본부 및 경영 컨설팅 서비스업,0.414363
054780,키이스트,KOSDAQ,1597,19.98,669484,1031283527,31393495421,22.7517,23.5112,18.3840,-37.8599,Communication,영화  비디오물  방송프로그램 제작 및 배급업,0.414311
339950,아이비김영,KOSDAQ,2400,1.27,18515,43906359,107871972000,0.2088,-5.5118,-1.0309,6.4302,Other,일반 교습 학원,0.413864
045340,토탈소프트,KOSDAQ,6860,1.33,12809,86522090,58708154400,3.0030,2.3881,14.9079,-1.7192,Technology,소프트웨어 개발 및 공급업,0.413770
036580,팜스코,KOSPI,2535,1.2,26598,66719700,93105335505,-3.2443,-2.5000,9.2672,-23.8739,Other,곡물가공품  전분 및 전분제품 제조업,0.413544
094940,푸른로보틱스,KOSDAQ,6180,1.15,28163,173676330,51673365480,1.6447,-1.7488,-0.4831,-35.2201,Technology,컴퓨터 및 주변장치 제조업,0.413537
000970,한국주철관,KOSPI,6560,-0.46,3708,24290700,149571280000,-1.3534,-2.5260,2.9827,-3.6711,Materials,1차 철강 제조업,0.413316
086980,쇼박스,KOSDAQ,1787,-0.11,49828,89395724,111576706000,-5.1486,-9.0122,-14.0865,-34.7810,Communication,영화  비디오물  방송프로그램 제작 및 배급업,0.413184
060540,에스에이티,KOSDAQ,1385,-1.07,106950,148086584,36194113590,-5.9742,18.2750,23.0018,8.7981,Technology,측정  시험  항해  제어 및 기타 정밀기기 제조업; 광학기기 제외,0.412996
023800,인지컨트롤스,KOSPI,5010,-0.79,17027,85605570,79204076970,0.3003,-5.2930,0.6024,-24.2057,Industrials,자동차 신품 부품 제조업,0.412949
004450,삼화왕관,KOSPI,28500,3.26,4369,123850100,61399801500,5.1661,10.8949,10.8949,2.3339,Industrials,기타 금속 가공제품 제조업,0.412916
029480,광무,KOSDAQ,1385,-0.93,77495,107595827,82710997820,-1.0714,-12.7834,-4.0194,-34.6698,Technology,통신 및 방송 장비 제조업,0.412586
012200,계양전기,KOSPI,3235,-15.31,3032328,10065371491,88065851815,-9.6369,-16.6237,-48.2400,-50.3072,Industrials,일반 목적용 기계 제조업,0.412574
251120,바이오에프디엔씨,KOSDAQ,9170,4.2,13820,125520725,79739569000,6.3805,2.6876,11.8293,-33.5507,Healthcare,기초 의약물질 제조업,0.412410
063160,종근당바이오,KOSPI,12820,-0.16,9726,124038660,70330032840,0.1562,-7.9023,-3.7538,-32.3483,Healthcare,의약품 제조업,0.412150
094860,네오리진,KOSDAQ,1384,2.52,119214,162767803,73504259376,-8.5865,3.7481,4.4528,0.7278,Technology,소프트웨어 개발 및 공급업,0.411959
321260,프로이천,KOSDAQ,1680,-1.12,84090,141188078,47362701120,4.1538,3.7037,-16.8317,4.8689,Technology,반도체 제조업,0.411886
084670,동양고속,KOSPI,23650,-1.66,6918,165164300,68480206850,0.6383,-1.4583,-29.1916,-44.2217,Industrials,육상 여객 운송업,0.411828
044480,빌리언스,KOSDAQ,3400,-2.02,10430,35768770,22610622200,-4.7619,314.6341,210.2190,1014.7541,Other,창작 및 예술관련 서비스업,0.411690
247660,나노씨엠에스,KOSDAQ,4115,0.37,32048,132797103,21525235800,3.3920,53.5448,24.3202,-1.2005,Technology,전자부품 제조업,0.411539
317830,에스피시스템스,KOSDAQ,4625,-1.6,33123,153946805,49828908250,12.8049,-1.9088,-15.7559,-52.8542,Industrials,특수 목적용 기계 제조업,0.411494
006060,화승인더,KOSPI,2210,0.23,37673,83254367,122257200000,-8.4886,-10.1626,-11.2450,-31.6847,Other,상품 종합 도매업,0.411305
059270,해성에어로보틱스,KOSDAQ,5120,-1.73,41282,211498175,57166330880,3.3300,-6.9091,-25.0366,-49.4071,Industrials,기타 금속 가공제품 제조업,0.411218
405000,플라즈맵,KOSDAQ,3725,0.13,127288,464227170,20016406700,10.8631,2.7586,-3.1209,-54.0123,Healthcare,의료용 기기 제조업,0.411022
391710,코닉오토메이션,KOSDAQ,1237,-1.51,173072,216862033,52721521390,-10.3623,8.7951,-5.9316,-33.6373,Industrials,특수 목적용 기계 제조업,0.410841
417310,코람코더원리츠,KOSPI,2395,0.42,68085,162641129,96758000000,0.8421,-77.8446,-75.8081,-75.1556,Real Estate,부동산 임대 및 공급업,0.410790
252500,세화피앤씨,KOSDAQ,2290,0.88,15017,34420875,19000766620,-0.2179,358.9178,296.1938,193.9666,Materials,기타 화학제품 제조업,0.410087
088790,진도,KOSPI,2440,1.67,61534,149194600,30372495360,5.3996,15.9145,11.9266,-5.0584,Other,기타 전문 도매업,0.409983
007280,한국특강,KOSPI,2230,-3.04,29063,65335065,63881784200,-3.4632,-1.5453,10.9453,55.1844,Materials,1차 철강 제조업,0.409885
100220,비상교육,KOSPI,4995,1.01,20162,100368570,64918721295,0.5030,1.7312,-6.4607,-7.3284,Communication,서적  잡지 및 기타 인쇄물 출판업,0.409637
047400,유니온머티리얼,KOSPI,956,-2.35,228615,219696163,40152000000,3.8002,-2.4490,-2.0492,-41.4574,Other,내화  비내화 요업제품 제조업,0.409209
002140,고려산업,KOSPI,1909,-1.09,118939,229036910,47609362325,-5.7284,-6.8780,9.0234,-29.9450,Other,곡물가공품  전분 및 전분제품 제조업,0.409109
368970,오에스피,KOSDAQ,2775,-1.25,10369,28561482,31190217450,12.1212,15.6250,63.9102,77.8846,Consumer,동물용 사료 및 조제식품 제조업,0.409044
070300,퀀텀레일,KOSDAQ,1449,0.07,163980,234383221,51475332321,-5.3560,-21.5485,13.6471,-22.5134,Technology,소프트웨어 개발 및 공급업,0.409030
002390,한독,KOSPI,8380,0.12,6017,50414300,115338406540,-5.7368,-10.4701,18.6969,-20.4934,Healthcare,의약품 제조업,0.408958
054220,비츠로시스,KOSDAQ,1729,1.41,51045,87225459,21769175064,6.5311,11.9094,17.6190,194.0476,Utilities,전동기  발전기 및 전기 변환 · 공급 · 제어 장치 제조업,0.408834
446070,유니드비티플러스,KOSPI,3880,0.65,27215,104877400,41171514200,-0.6402,5.0068,24.3590,27.6316,Materials,제재 및 목재 가공업,0.408642
179900,유티아이,KOSDAQ,2315,-0.22,152080,347427530,49932973485,1.0917,-9.9222,-43.5366,-85.6479,Technology,전자부품 제조업,0.408552
082210,옵트론텍,KOSDAQ,1777,0,32112,56080361,62129837410,3.1940,7.8277,35.2359,-16.5728,Technology,사진장비 및 광학기기 제조업,0.407993
208640,썸에이지,KOSDAQ,801,-9.8,268403,219668148,11153144025,13.2956,14.9211,561.9835,315.0259,Technology,소프트웨어 개발 및 공급업,0.407942
009780,엠에스씨,KOSDAQ,6740,-0.15,4041,27252550,118624000000,0.2976,-4.3972,15.2137,-5.0704,Consumer,기타 식품 제조업,0.407398
069510,에스텍,KOSDAQ,13100,0.38,877,11495030,142921000000,1.0802,4.6326,12.4464,-11.4266,Communication,영상 및 음향기기 제조업,0.407226
067830,세이브존I&C,KOSPI,2285,-0.44,30749,69833125,93778445075,-4.3933,-6.3525,4.1002,-26.2903,Consumer,종합 소매업,0.406814
448710,코츠테크놀로지,KOSDAQ,10710,-2.19,17058,184382805,56605477320,-2.6364,-3.4265,-5.7218,-42.0455,Technology,컴퓨터 및 주변장치 제조업,0.406713
002700,신일전자,KOSPI,921,-0.54,194138,179639939,63132266841,-4.4606,-5.0515,-16.5761,-33.2609,Industrials,기계장비 및 관련 물품 도매업,0.406281
303360,프로티아,KOSDAQ,5360,0.56,5351,28246830,69035272400,3.0769,11.6667,36.3868,14.8982,Healthcare,의료용 기기 제조업,0.406251
192410,오늘이엔엠,KOSDAQ,3700,-1.07,29173,106813130,93187863300,-9.9757,-26.8775,5.7143,-7.3842,Technology,통신 및 방송 장비 제조업,0.406188
440290,HB인베스트먼트,KOSDAQ,1716,-0.81,95050,162001261,47201033880,-1.2658,1.7190,0.8226,-16.4964,Financials,기타 금융업,0.406108
038530,케이바이오랩스,KOSDAQ,4070,-5.13,6760,28214300,21074557680,307.4074,299.0196,372.1578,1043.2584,Other,생활용품 도매업,0.405340
060230,제이케이시냅스,KOSDAQ,1233,4.23,82301,101091736,24099253794,9.1150,-0.6446,312.3746,121.3645,Materials,기타 화학제품 제조업,0.405237
047820,초록뱀미디어,KOSDAQ,3235,0.15,27224,86483906,79108463550,-5.4094,5.0325,-9.8886,-23.9718,Communication,영화  비디오물  방송프로그램 제작 및 배급업,0.405126
267850,아시아나IDT,KOSPI,9170,0.11,4470,41147560,101787000000,0.7692,-1.8201,1.5504,-12.9981,Technology,컴퓨터 프로그래밍  시스템 통합 및 관리업,0.404997
014440,영보화학,KOSPI,4695,0,8110,38031765,93900000000,-0.1064,0.9677,6.7045,0.2134,Materials,플라스틱제품 제조업,0.404839
123040,엠에스오토텍,KOSDAQ,1640,-0.43,35803,58572457,102710410360,-3.3019,-5.4210,0.7990,-26.2921,Industrials,자동차 신품 부품 제조업,0.404804
026040,제이에스티나,KOSDAQ,2250,1.58,68721,153478345,37133527500,-0.4425,6.8884,18.2965,-16.6667,Other,귀금속 및 장신용품 제조업,0.404246
207760,미스터블루,KOSDAQ,2005,-3.14,13744,27817550,33314991780,-11.6740,422.1354,331.1828,88.4398,Technology,기타 정보 서비스업,0.404231
032560,황금에스티,KOSPI,5490,-0.36,8507,46715870,93330000000,-1.0811,-4.5217,8.2840,-7.7311,Materials,1차 비철금속 제조업,0.403980
066700,테라젠이텍스,KOSDAQ,2120,0.95,30223,63780340,78763037120,0.2364,-1.8519,3.9216,-21.4815,Healthcare,의약품 제조업,0.403755
037370,EG,KOSDAQ,4400,1.85,13335,58002225,37949876800,6.7961,25.1778,45.9370,-15.8700,Materials,기초 화학물질 제조업,0.403424
079190,케스피온,KOSDAQ,1329,-3.84,65274,86586470,12743618862,-2.7086,4.1536,122.6131,258.2210,Technology,통신 및 방송 장비 제조업,0.402796
026150,특수건설,KOSDAQ,3895,-2.01,24002,93925260,68342959245,0.1285,4.4236,-1.3924,-40.4434,Industrials,토목 건설업,0.402775
291650,츌립앤사이언스,KOSDAQ,1844,4.83,30007,54940525,56278181124,21.3158,-6.3008,145.2128,6.0380,Healthcare,자연과학 및 공학 연구개발업,0.402666
064240,홈캐스트,KOSDAQ,1797,1.13,35735,63919219,62345569047,-0.6084,15.1185,10.3131,-11.9118,Other,기타 전문 도매업,0.402124
093920,서원인텍,KOSDAQ,4850,0.1,8903,42715225,90210000000,-0.9193,0.5181,6.0109,-4.9020,Technology,통신 및 방송 장비 제조업,0.401922
003830,대한화섬,KOSPI,109800,-1.7,230,25254500,145814400000,-3.7686,-4.8527,1.8553,-11.8780,Materials,화학섬유 제조업,0.401912
092040,아미코젠,KOSDAQ,935,4.24,357941,333087694,66062786845,5.7692,-6.5000,-44.8052,-36.8243,Consumer,기타 식품 제조업,0.401495
065950,웰크론,KOSDAQ,1153,1.95,173167,211829745,32550691206,-1.3687,4.5331,10.4406,-29.2204,Other,직물직조 및 직물제품 제조업,0.401413
042110,에스씨디,KOSDAQ,995,0.4,198468,196631627,48087916180,-2.2593,-3.2101,-6.9224,-30.9986,Other,가정용 기기 제조업,0.401396
291810,핀텔,KOSDAQ,1189,-0.34,1018833,1178821445,16676830770,-35.0628,-8.3975,25.5544,-39.9192,Technology,소프트웨어 개발 및 공급업,0.401351
446840,지슨,KOSDAQ,3070,-2.54,10964,34177685,33821011120,2.3333,-10.7558,226.9436,127.5760,Technology,측정  시험  항해  제어 및 기타 정밀기기 제조업; 광학기기 제외,0.401224
008370,원풍,KOSDAQ,5380,0.56,9808,52582190,64560000000,1.5094,8.7968,8.9069,8.6869,Materials,플라스틱제품 제조업,0.400563
002870,신풍,KOSPI,1119,-8.88,453408,500571436,39118785300,-3.5345,15.9585,35.1449,-8.9504,Other,기타 전문 도매업,0.400400
104620,노랑풍선,KOSDAQ,3100,-0.8,62085,192814900,52112711200,-6.0606,-0.8000,-9.0909,-31.1111,Consumer,여행사 및 기타 여행보조 서비스업,0.400376
010640,진양폴리,KOSPI,2075,1.72,45761,94299830,34652500000,5.4906,23.6591,13.3880,-15.6504,Materials,플라스틱제품 제조업,0.400080
012170,아센디오,KOSPI,2935,4.08,22581,64796774,21415876135,-0.5085,292.3797,272.9352,127.8727,Communication,영화  비디오물  방송프로그램 제작 및 배급업,0.399739
046940,우원개발,KOSDAQ,2705,-1.28,79073,214043960,48891116750,-3.2200,-6.8847,-7.2041,-40.9389,Other,기반조성 및 시설물 축조관련 전문공사업,0.399625
0013V0,삼진식품,KOSDAQ,4880,-1.91,44896,220224495,48403041280,-5.9730,-5.0584,-4.1257,-36.6234,Other,수산물 가공 및 저장 처리업,0.399366
058820,CMG제약,KOSDAQ,551,0.36,226387,124162924,81616079356,-3.1634,-0.7207,-40.8163,-68.4602,Healthcare,의약품 제조업,0.399211
006050,국영지앤엠,KOSDAQ,3500,-13.69,151848,548688018,12213334000,-37.2760,614.2857,518.3746,153.0730,Other,유리 및 유리제품 제조업,0.399186
054040,한국컴퓨터,KOSDAQ,4410,0.46,17951,78722216,70874388900,-0.1133,-2.3256,-5.7692,-16.3188,Technology,전자부품 제조업,0.399111
134380,미원화학,KOSPI,10030,0,1669,16747410,220586580400,-3.8351,-8.0660,-0.4960,-91.2858,Materials,기타 화학제품 제조업,0.399102
452300,캡스톤파트너스,KOSDAQ,2455,1.24,61186,150823400,34786134775,4.9145,5.3648,4.2463,-19.9021,Financials,기타 금융업,0.398959
128660,피제이메탈,KOSDAQ,2805,-0.53,30564,85878364,69573450045,-2.4348,-5.8725,3.6969,-14.6119,Materials,1차 비철금속 제조업,0.398412
004250,NPC,KOSPI,2835,0.18,17265,48784820,104101200000,-1.9031,-2.5773,-4.8658,-26.5544,Materials,플라스틱제품 제조업,0.397818
175250,아이큐어,KOSDAQ,1701,-4.44,79931,137186904,105013475217,1.9784,-21.6129,-21.6129,-21.6129,Materials,기타 화학제품 제조업,0.397490
163560,동일고무벨트,KOSPI,5420,1.12,13471,73219500,75338000000,-1.4545,-3.9007,-1.6334,-20.9913,Materials,고무제품 제조업,0.397399
263700,케어랩스,KOSDAQ,2170,2.84,53737,114817540,42128814000,10.5451,13.5531,16.0428,-6.4655,Communication,광고업,0.397385
021050,서원,KOSPI,1079,0.56,125412,135171473,51225082610,-2.6173,-3.4020,-0.6446,-11.8464,Other,금속 주조업,0.397267
083790,CG인바이츠,KOSDAQ,965,1.69,61435,58727395,74202885630,0.2077,12.6021,-3.5964,-35.6667,Healthcare,자연과학 및 공학 연구개발업,0.397228
065530,와이어블,KOSDAQ,1236,-1.44,88513,109833841,59128706124,-4.0373,4.3038,7.1057,-33.0444,Technology,전기 통신업,0.397051
064800,포니링크,KOSDAQ,2070,-3.27,53625,112135990,52912220130,-13.3891,-24.4526,-9.2105,243.2836,Consumer,섬유  의복  신발 및 가죽제품 소매업,0.396965
054800,아이디스홀딩스,KOSDAQ,14680,0.48,694,10248720,151905058080,-1.9372,-1.1448,9.6341,-8.2500,Other,기타 전문 서비스업,0.396581
040610,SG&G,KOSDAQ,3155,-1.41,18886,59688075,53772551690,0.0000,-0.4732,8.9810,50.5967,Industrials,자동차 신품 부품 제조업,0.396543
043650,국순당,KOSDAQ,3600,0.14,28124,100198465,64289894400,-0.1387,-0.4149,-18.1818,-11.9804,Consumer,알코올음료 제조업,0.396241
419080,엔젯,KOSDAQ,4730,1.28,23578,109760260,51423694410,-1.3556,-22.9642,42.4699,-6.7061,Industrials,특수 목적용 기계 제조업,0.396066
131090,시큐브,KOSDAQ,4320,0.23,24676,106643105,33083514720,2.3697,5.7528,22.3796,12.7937,Technology,소프트웨어 개발 및 공급업,0.395950
111380,동인기연,KOSPI,13010,0.15,3429,44433930,79725280000,-0.5352,-2.1805,15.4392,-9.3380,Other,가죽  가방 및 유사제품 제조업,0.395839
026940,부국철강,KOSPI,2080,-2.12,114785,240737014,41600000000,-5.0228,-0.7160,-39.7974,5.4767,Materials,1차 철강 제조업,0.395752
060310,3S,KOSDAQ,1084,-1.54,115560,124852969,57515999360,-3.9007,1.1194,-11.2203,-14.6457,Technology,측정  시험  항해  제어 및 기타 정밀기기 제조업; 광학기기 제외,0.395668
001080,만호제강,KOSPI,3705,-1.72,9240,34485850,130100926800,-3.6411,-6.7925,-4.3871,-25.0000,Materials,1차 철강 제조업,0.395216
331740,아우토크립트,KOSDAQ,6140,-1.92,33891,209119765,59871084740,-7.5301,0.8210,-30.3065,-60.4636,Technology,소프트웨어 개발 및 공급업,0.395154
001020,페이퍼코리아,KOSPI,1990,-3.16,29503,59018762,70837357380,-8.9245,-19.1057,-20.2405,230.5648,Materials,펄프  종이 및 판지 제조업,0.395072
217270,넵튠,KOSDAQ,2365,-0.84,23422,55912840,107972554305,-5.9642,-3.0738,-1.4583,-41.8204,Technology,소프트웨어 개발 및 공급업,0.394953
081150,티플랙스,KOSDAQ,2605,-0.19,37358,96954365,63219187210,-0.3824,-4.4037,0.3854,-23.4949,Materials,1차 비철금속 제조업,0.394893
424980,마이크로투나노,KOSDAQ,8530,0.71,12549,106624720,50488131700,-4.5861,17.6552,9.3590,-36.4855,Technology,반도체 제조업,0.394032
033320,제이씨현시스템,KOSDAQ,3060,-0.97,31614,97116395,58490161920,0.4926,2.0000,4.9743,-37.0370,Industrials,기계장비 및 관련 물품 도매업,0.393871
035460,기산텔레콤,KOSDAQ,2450,-0.2,70263,173186351,36554833000,-3.9216,5.8315,1.2397,-12.0287,Technology,통신 및 방송 장비 제조업,0.393857
004840,DRB동일,KOSPI,3900,-1.27,21080,81972655,75162219600,-2.1330,-7.8014,-2.1330,-28.3088,Materials,고무제품 제조업,0.393813
009730,이렘,KOSDAQ,1962,-1.8,37470,74153581,15647936886,-0.9091,-3.8235,983.9779,253.5135,Materials,1차 철강 제조업,0.393652
100030,인지소프트,KOSDAQ,19900,0.66,2602,51365540,65345908600,-1.4851,-0.1004,20.9726,12.7479,Technology,소프트웨어 개발 및 공급업,0.393340
001420,태원물산,KOSPI,2950,0,62331,183420610,22420000000,-1.3378,16.8317,15.6863,9.0573,Industrials,자동차 신품 부품 제조업,0.393232
307280,원바이오젠,KOSDAQ,5970,-0.5,23584,138438030,42354923190,-0.1672,-3.5541,8.7432,-15.4391,Healthcare,의료용품 및 기타 의약 관련제품 제조업,0.393105
002720,국제약품,KOSPI,3235,0.15,27565,88244355,68452056520,-0.4615,-4.7128,-0.9188,-34.0469,Healthcare,의약품 제조업,0.392585
217330,싸이토젠,KOSDAQ,3025,0.67,28910,86983015,69966879675,1.8519,-6.0559,-5.9098,-41.8269,Healthcare,자연과학 및 공학 연구개발업,0.392496
114450,그린생명과학,KOSDAQ,2200,0,48054,105297895,44000000000,0.4566,0.9174,21.0787,-18.3673,Healthcare,기초 의약물질 제조업,0.392173
121890,에스디시스템,KOSDAQ,2730,-0.18,12525,34170070,36285647580,2.6316,12.3457,32.5243,94.5830,Technology,전자부품 제조업,0.391678
012790,신일제약,KOSDAQ,6120,0.16,5163,31586305,73356859800,2.0000,2.8571,22.4000,2.1703,Healthcare,의약품 제조업,0.391650
091120,이엠텍,KOSDAQ,4830,3.65,16352,78743775,82752080880,-2.5227,11.1623,18.6732,-28.0179,Technology,전자부품 제조업,0.391551
009320,아진전자부품,KOSPI,1001,-1.67,69465,69033170,49349069770,6.7164,1.9348,5.8140,-2.1505,Industrials,자동차 신품 부품 제조업,0.391413
004890,동일산업,KOSPI,34600,-0.57,1322,45652300,83912439000,-0.5747,-3.8889,1.4663,-11.0540,Materials,1차 철강 제조업,0.391262
034590,인천도시가스,KOSPI,26400,0,730,19195800,115493505600,-0.1890,-0.7519,2.7237,-1.8587,Utilities,연료용 가스 제조 및 배관공급업,0.391257
060150,인선이엔티,KOSDAQ,2785,0.91,15360,42624929,126894659420,-5.4329,-8.2372,-8.2372,-32.6481,Other,폐기물 처리업,0.390653
476040,오가노이드사이언스,KOSDAQ,6770,2.11,44973,301038490,44585595200,6.7823,-4.2433,-32.6368,-73.7087,Healthcare,자연과학 및 공학 연구개발업,0.390536
236810,엔비티,KOSDAQ,1700,-0.12,45824,76675427,28858224200,1.1303,12.8069,69.4915,-9.5263,Communication,광고업,0.390151
096690,에이루트,KOSDAQ,6650,-2.35,12235,82418570,26751899300,-0.2999,-3.4833,20.6897,483.8455,Technology,컴퓨터 및 주변장치 제조업,0.390132
363260,모비데이즈,KOSDAQ,4085,-4.78,10594,43669240,26277796005,-3.5419,345.9607,403.6991,175.2695,Communication,광고업,0.390028
163280,에어레인,KOSDAQ,3665,-0.81,30814,113635726,49855280870,-3.1704,15.9810,-2.5266,-40.5032,Industrials,일반 목적용 기계 제조업,0.390027
417970,모델솔루션,KOSDAQ,10260,-0.87,9527,97350770,65630142000,0.5882,0.5882,-9.2035,-50.3148,Industrials,특수 목적용 기계 제조업,0.389996
012620,원일특강,KOSDAQ,7060,1.29,24326,174628050,31064000000,2.1708,0.8571,8.1164,-22.5877,Materials,1차 철강 제조업,0.389966
012160,영흥,KOSPI,2135,-2.06,18143,38393075,33350200905,-1.8391,-16.6016,467.8191,274.5614,Materials,1차 철강 제조업,0.389896
178780,일월지엠엘,KOSDAQ,2550,0.59,27993,72082450,47529947250,2.0000,7.8224,13.3333,-4.3152,Other,상품 종합 도매업,0.389506
264900,크라운제과,KOSPI,7680,-0.65,5460,42125360,96183168000,-3.7594,-5.5351,-1.1583,-7.1342,Other,떡  빵 및 과자류 제조업,0.388687
382480,지아이텍,KOSDAQ,1611,0.12,54530,87388319,63404352540,2.1560,-3.7634,-9.4944,-28.7168,Industrials,특수 목적용 기계 제조업,0.388676
0218L0,네오뷰,KOSDAQ,12400,0.73,4114,50992600,65424570000,-2.7451,-11.0473,,,Communication,영상 및 음향기기 제조업,0.388232
021820,세원정공,KOSPI,10470,0.38,2838,29679790,104700000000,-1.2264,4.7000,3.6634,-35.8849,Industrials,자동차 신품 부품 제조업,0.388025
005990,매일홀딩스,KOSDAQ,10790,-0.09,308,3324690,143488700160,-1.0092,2.5665,2.7619,-4.0889,Other,동·식물성 유지 및 낙농제품 제조업,0.387268
033310,엠투엔,KOSDAQ,1458,-0.68,36070,52308933,58279840848,2.3158,7.8402,20.8955,-19.5364,Technology,전자부품 제조업,0.387265
102370,케이옥션,KOSDAQ,2970,-1.16,13051,38958475,76888221300,3.6649,-5.8637,8.0000,-10.9445,Other,상품 중개업,0.386987
002800,신신제약,KOSDAQ,4425,0.57,14645,64355310,67129462500,-0.8959,1.0274,3.8732,-19.8370,Healthcare,의약품 제조업,0.386945
096250,와이즈넛,KOSDAQ,5440,-0.18,20488,110303670,64272952640,1.6822,-4.3937,-20.8151,-45.8706,Technology,소프트웨어 개발 및 공급업,0.386708
025620,차AI헬스케어,KOSPI,4720,0.64,16024,77142076,85922752560,0.8547,-3.7717,-37.0667,-48.9730,Materials,기타 화학제품 제조업,0.386306
290560,파라택시스이더리움,KOSDAQ,1332,2.46,149683,198519652,29787156360,11.3712,-0.8929,13.4583,-20.0480,Technology,소프트웨어 개발 및 공급업,0.385820
036630,세종텔레콤,KOSDAQ,7770,-1.27,3459,26835250,108780000000,-7.5000,-6.6106,21.9780,-3.1172,Technology,전기 및 통신 공사업,0.385709
006140,피제이전자,KOSDAQ,4405,-1.01,22119,97629625,65480325000,-2.9736,-6.1768,-3.3991,-33.7594,Healthcare,의료용 기기 제조업,0.385270
137080,나래나노텍,KOSDAQ,6260,1.46,5501,34129245,67044280740,1.1309,-2.6439,21.3178,24.4533,Industrials,특수 목적용 기계 제조업,0.385258
333050,이노테나,KOSDAQ,5770,1.23,7718,44030590,28413903400,2.3050,14.2574,16.6835,384.8739,Technology,소프트웨어 개발 및 공급업,0.385231
081580,성우전자,KOSDAQ,2375,0,46094,109853900,36831839625,3.7118,4.6256,6.2640,-19.2177,Technology,통신 및 방송 장비 제조업,0.385018
024950,삼천리자전거,KOSDAQ,4300,-1.49,15036,64913611,53320000000,-4.4444,-5.4945,40.2936,4.3689,Other,생활용품 도매업,0.384797
003680,한성기업,KOSPI,4550,-0.66,50160,228156361,28253293250,-1.9397,-9.5427,9.7708,-9.0000,Other,수산물 가공 및 저장 처리업,0.384668
297570,아틀라스링크,KOSDAQ,4095,4.87,8842,34014470,28354775085,0.8621,371.2313,264.3238,173.7299,Technology,통신 및 방송 장비 제조업,0.384509
168330,내츄럴엔도텍,KOSDAQ,2365,1.07,9972,23317810,75100338500,1.7204,9.7448,14.2512,3.2751,Healthcare,자연과학 및 공학 연구개발업,0.384393
024090,디씨엠,KOSPI,11480,-0.17,532,6118440,130872000000,-1.8803,2.1352,7.7934,-5.2805,Materials,1차 철강 제조업,0.384217
273640,와이엠텍,KOSDAQ,5280,0.76,12718,66873080,57900480000,3.7328,6.9909,-4.8649,-26.0504,Utilities,전동기  발전기 및 전기 변환 · 공급 · 제어 장치 제조업,0.384078
054670,대한뉴팜,KOSDAQ,5420,0,10416,56200820,77803666400,-2.6930,-4.5775,0.1848,-22.2382,Healthcare,의약품 제조업,0.383868
263720,디앤씨미디어,KOSDAQ,6830,-0.87,9475,64565190,83637181630,-3.5311,-5.7931,-7.2011,-41.2220,Communication,서적  잡지 및 기타 인쇄물 출판업,0.383396
127710,아시아경제,KOSDAQ,1317,10.95,97166,127322027,58012809570,12.9503,30.0099,49.6591,-17.5845,Technology,자료처리  호스팅  포털 및 기타 인터넷 정보매개 서비스업,0.383289
002170,SYTS,KOSPI,53000,-0.75,68,3621000,159000000000,-1.8519,-5.5258,2.5145,-7.9861,Other,가죽  가방 및 유사제품 제조업,0.382996
331520,밸로프,KOSDAQ,2240,-0.44,45668,99550425,21954656640,-2.6087,-9.6774,31.8423,307.2727,Technology,소프트웨어 개발 및 공급업,0.382841
107590,미원홀딩스,KOSPI,60200,-0.33,36,2180700,139664000000,-1.4730,-1.6340,11.4815,-7.0988,Financials,기타 금융업,0.382741
005750,대림바스,KOSPI,4360,0.23,12238,53075698,72342166400,-0.6834,0.1148,5.8252,-29.3355,Other,내화  비내화 요업제품 제조업,0.382632
298540,더네이쳐홀딩스,KOSDAQ,6680,0.15,3104,20629095,96769058480,-0.2985,0.4511,14.5798,-9.2391,Consumer,의복 액세서리 제조업,0.382611
170030,현대공업,KOSDAQ,4770,0.63,10293,48926735,73171800000,0.4211,-1.5480,1.1665,-15.5752,Industrials,자동차 신품 부품 제조업,0.382566
063440,SM Life Design,KOSDAQ,1084,0.46,60000,65264435,49126190576,8.6172,5.5501,1.2138,-26.7072,Other,기록매체 복제업,0.382503
078000,텔코웨어,KOSPI,13330,0.45,1090,14562030,123170226410,-0.4481,1.2149,2.2239,-22.0012,Technology,자료처리  호스팅  포털 및 기타 인터넷 정보매개 서비스업,0.382492
347000,센코,KOSDAQ,1843,0.71,24470,44798693,69685389178,-1.6017,-0.0542,20.0651,-14.8730,Technology,측정  시험  항해  제어 및 기타 정밀기기 제조업; 광학기기 제외,0.382079
000910,유니온,KOSPI,2945,-1.01,40323,118821400,45976217955,-0.1695,-1.5050,2.9720,-33.6712,Other,시멘트  석회  플라스터 및 그 제품 제조업,0.381967
057680,티사이언티픽,KOSDAQ,1800,1.01,26282,46381897,28427236200,10.4294,3.4483,-5.6109,212.5000,Technology,소프트웨어 개발 및 공급업,0.381862
053050,지에스이,KOSDAQ,1868,0.59,50162,93468296,56016831196,-2.9106,6.1967,-0.8493,-36.2457,Utilities,연료용 가스 제조 및 배관공급업,0.381720
060480,국일신동,KOSDAQ,1570,-2.18,129844,204922900,17411300000,-0.6958,15.4412,7.5342,5.5817,Materials,1차 비철금속 제조업,0.381471
002760,보락,KOSPI,996,0.91,60663,60188611,59660400000,-0.1003,-0.7968,15.0115,-15.9494,Materials,기타 화학제품 제조업,0.380865
014190,원익큐브,KOSDAQ,1315,1.39,52523,68776377,46544518365,2.1756,14.2485,8.4089,-25.9155,Other,기타 전문 도매업,0.380783
067010,이씨에스,KOSDAQ,2510,-0.59,52592,131082754,27330135000,-2.9014,3.2922,29.7158,10.5727,Technology,컴퓨터 프로그래밍  시스템 통합 및 관리업,0.380706
006840,AK홀딩스,KOSPI,6830,-0.87,4922,33541070,90480841630,-1.8678,-11.1834,16.7521,-12.5480,Financials,기타 금융업,0.380692
005870,휴니드,KOSPI,4355,-1.25,21937,96063512,61475245325,-0.5708,-1.0227,-6.5451,-49.3605,Technology,통신 및 방송 장비 제조업,0.380616
214270,FSN,KOSDAQ,1362,0.81,44934,60961426,61632728232,4.2081,4.0489,3.1037,-46.1660,Technology,소프트웨어 개발 및 공급업,0.380364
210980,SK디앤디,KOSPI,3335,-1.48,88403,295914488,62088968970,-9.9865,-24.9719,-69.9820,-74.7157,Real Estate,부동산 임대 및 공급업,0.380204
002200,한국수출포장,KOSPI,2815,0,4262,11969420,94302333915,-1.9164,9.3204,20.8155,-7.4013,Materials,골판지  종이 상자 및 종이용기 제조업,0.380184
107600,새빗켐,KOSDAQ,12960,-1.44,8736,114982455,73224699840,-3.3557,-21.4545,-11.8967,-48.3665,Materials,기타 화학제품 제조업,0.379934
058630,엠게임,KOSDAQ,3900,0.52,14700,56862573,73213038600,-1.0152,-4.1769,-1.8868,-23.6791,Technology,소프트웨어 개발 및 공급업,0.379697
040420,정상제이엘에스,KOSDAQ,5830,0.17,3731,21675430,91400128160,0.3442,0.5172,3.9216,0.6908,Other,일반 교습 학원,0.379524
340360,다보링크,KOSDAQ,923,-6.39,392085,347244396,48925896656,3.8245,2.5556,-22.5671,-42.8483,Technology,통신 및 방송 장비 제조업,0.379521
265560,영화테크,KOSDAQ,6480,0.31,8915,57466350,69272366400,1.2500,-6.0870,-0.1541,-22.2089,Industrials,자동차 신품 부품 제조업,0.379498
045520,크린앤사이언스,KOSDAQ,3190,-0.31,51191,162797110,20735000000,-2.5954,27.6000,2.9032,4.0783,Industrials,일반 목적용 기계 제조업,0.379228
002620,제일파마홀딩스,KOSPI,7500,-1.83,1309,9829290,119800162500,-2.3438,0.0000,15.5624,-12.4854,Other,회사 본부 및 경영 컨설팅 서비스업,0.378988
019570,GMI벤처,KOSDAQ,2740,1.11,14006,37996260,26153310960,-5.0260,1.2939,825.6757,609.8446,Financials,신탁업 및 집합투자업,0.378949
363280,티와이홀딩스,KOSPI,2020,-1.22,14472,29071509,91904612660,-5.1643,5.4830,15.6268,-29.7391,Financials,기타 금융업,0.378889
357250,미래에셋맵스리츠,KOSPI,1853,0.76,49007,90405959,46315929565,2.9444,-2.4223,3.9843,-22.6305,Real Estate,부동산 임대 및 공급업,0.378174
079980,휴비스,KOSPI,1902,-1.25,31611,60309397,65619000000,-0.4710,-2.5615,6.0792,-25.5577,Materials,화학섬유 제조업,0.378114
040910,아이씨디,KOSDAQ,4130,0.36,11155,46050720,75059755750,1.4742,-5.8153,4.4248,-28.1739,Industrials,특수 목적용 기계 제조업,0.377437
025550,한국선재,KOSDAQ,2210,0,35532,78415965,56385948840,0.4545,1.6092,-1.5590,-32.9287,Materials,1차 철강 제조업,0.376940
090150,아이윈,KOSDAQ,5900,-2.32,6292,37239130,24706421100,-4.9919,3.8732,1052.3438,648.7310,Industrials,자동차 신품 부품 제조업,0.376743
403490,우듬지팜,KOSDAQ,2090,-1.42,13092,27850770,19199768280,-0.7126,313.8614,238.1877,60.8930,Other,과실  채소 가공 및 저장 처리업,0.376647
033830,티비씨,KOSDAQ,1672,-1.42,9928,16762722,31612721360,-2.5641,3.2099,318.0000,177.7409,Communication,텔레비전 방송업,0.375315
013870,지엠비코리아,KOSPI,3790,-0.66,13028,49576410,72283941200,-1.0444,-1.6861,3.2698,-27.8095,Industrials,자동차 신품 부품 제조업,0.375290
170790,파이오링크,KOSDAQ,8270,-0.36,8985,73914550,52905960450,-2.2459,0.3641,4.4192,-10.4978,Technology,통신 및 방송 장비 제조업,0.375221
376930,노을,KOSDAQ,1551,-1.02,34641,53521364,15910567464,-0.1288,364.3713,123.1655,-5.3691,Healthcare,의료용 기기 제조업,0.374941
417860,오브젠,KOSDAQ,7000,-1.41,23054,160985340,32948342000,-1.4085,2.9412,-10.0257,-19.0751,Technology,소프트웨어 개발 및 공급업,0.374719
014470,부방,KOSDAQ,1036,0.1,49201,49974552,59103427040,0.4850,11.3978,3.1873,-21.7523,Real Estate,부동산 임대 및 공급업,0.374603
092300,현우산업,KOSDAQ,2415,-1.43,52395,127477600,48661938465,-1.0246,-9.0395,-15.7068,-22.8435,Technology,전자부품 제조업,0.374265
032540,TJ미디어,KOSDAQ,3800,0.4,1046,3968410,79410169400,0.3963,22.7787,17.6471,-1.9355,Communication,영상 및 음향기기 제조업,0.374195
109740,디에스케이,KOSDAQ,4075,0.74,10330,41581225,104769839250,-5.0117,-1.3317,-26.3110,-25.0919,Industrials,특수 목적용 기계 제조업,0.373916
094970,제이엠티,KOSDAQ,2665,0.95,37826,100170427,44634059600,-1.2963,-2.3810,-1.6605,-9.1993,Technology,전자부품 제조업,0.373850
337930,젝시믹스,KOSDAQ,2350,0.86,51383,121700740,69739716250,-4.2770,-18.1185,-23.0769,-46.1009,Technology,기타 정보 서비스업,0.373722
321820,아티스트컴퍼니,KOSDAQ,2920,2.46,52918,152244277,45526817920,-13.8643,25.8621,6.1818,-19.7802,Other,창작 및 예술관련 서비스업,0.373598
136150,원일티엔아이,KOSDAQ,8220,-6.59,18001,149722720,68892066600,3.7879,14.6444,-18.6944,-53.4805,Industrials,일반 목적용 기계 제조업,0.373412
088910,동우팜투테이블,KOSDAQ,1990,-0.45,59201,117690102,51186310360,-2.4510,-4.3269,-22.5681,-17.7686,Other,도축  육류 가공 및 저장 처리업,0.373337
048830,엔피케이,KOSDAQ,1035,-0.86,120826,125921444,19379260305,3.1904,-1.4286,41.9753,14.8724,Materials,합성고무 및 플라스틱 물질 제조업,0.372838
018500,동원모빌리티,KOSPI,1315,-0.08,60046,79263107,61482736895,-2.3031,-9.2478,-2.5926,-21.2575,Industrials,자동차 신품 부품 제조업,0.372637
010240,흥국,KOSDAQ,5220,0.19,10842,56584545,61105320000,-0.7605,-2.2472,-0.5714,-2.4299,Industrials,특수 목적용 기계 제조업,0.372381
011080,형지I&C,KOSDAQ,500,-0.2,3462782,1984713726,3548131000,-24.5852,-38.8753,-81.3433,1.2146,Consumer,봉제의복 제조업,0.372316
131370,알서포트,KOSDAQ,1442,-0.55,38116,55323805,76811133686,-4.5665,-1.9714,-0.1385,-41.7374,Technology,소프트웨어 개발 및 공급업,0.372214
357230,에이치피오,KOSDAQ,2105,-2.32,10370,21897585,86922766980,1.9370,-1.4052,1.6908,-11.1814,Consumer,기타 식품 제조업,0.372102
090470,제이스로보틱스,KOSDAQ,4230,-0.47,13717,59049385,73925992620,-1.1682,-2.3095,-5.6856,-55.7068,Industrials,특수 목적용 기계 제조업,0.372064
120030,조선선재,KOSPI,83600,-0.24,214,17806100,105139623600,-0.5945,0.2398,-3.3526,-17.0635,Industrials,기타 금속 가공제품 제조업,0.371958
193250,링크드,KOSDAQ,2090,4.5,48696,97314242,27941069970,-0.2387,-10.1075,61.0169,438.6598,Technology,전자부품 제조업,0.371503
003060,에이프로젠바이오로직스,KOSPI,1639,2.37,114406,187318399,26652111717,-0.1219,-16.8864,-19.4595,386.3501,Healthcare,의약품 제조업,0.371413
111110,호전실업,KOSPI,6430,1.42,9621,61142760,58294380000,-0.3101,-2.1309,1.1006,-14.2667,Consumer,봉제의복 제조업,0.371285
080010,이상네트웍스,KOSDAQ,7520,0.8,3114,23113380,73959733920,-0.1328,-2.3377,14.8092,13.0827,Other,상품 중개업,0.371041
008250,이건산업,KOSPI,3050,-0.65,32715,100572417,33405536750,-3.7855,14.2322,17.3077,-21.7949,Other,나무제품 제조업,0.370969
053620,태양,KOSDAQ,6780,-0.29,7840,53112870,58308000000,-1.0219,-0.1473,5.9375,-3.8298,Industrials,기타 금속 가공제품 제조업,0.370812
072990,에이치시티,KOSDAQ,3095,0.16,30950,95547995,44871947570,2.3140,0.4870,-6.6365,-32.4973,Other,기타 과학기술 서비스업,0.370783
463480,모티브링크,KOSDAQ,3945,-1.87,29285,116373950,48879962310,-0.1266,-1.9876,-13.1057,-44.6704,Technology,전자부품 제조업,0.370708
263690,디알젬,KOSDAQ,5020,1.72,9835,49133596,56854562200,2.7636,-0.3968,2.9744,-3.2755,Healthcare,의료용 기기 제조업,0.370660
351330,이삭엔지니어링,KOSDAQ,3500,-0.28,40162,141457185,29009820000,11.1111,1.3025,-10.3713,-54.4863,Technology,컴퓨터 프로그래밍  시스템 통합 및 관리업,0.370278
099410,동방선기,KOSDAQ,3110,0,41561,127814635,43540000000,-2.2013,-1.4263,-5.0382,-40.9867,Other,선박 및 보트 건조업,0.370159
027050,코리아나,KOSDAQ,1288,-1.08,82185,106011031,51520000000,-4.1667,-7.8024,2.0602,-29.8857,Materials,기타 화학제품 제조업,0.370140
053160,프리엠스,KOSDAQ,9340,-0.32,7090,65954560,56040000000,-7.5248,-0.3202,-0.2137,19.1327,Utilities,전동기  발전기 및 전기 변환 · 공급 · 제어 장치 제조업,0.370057
045660,에이텍,KOSDAQ,8580,-0.23,5134,43990870,70870800000,-0.9238,-8.0386,5.0184,-9.7792,Industrials,일반 목적용 기계 제조업,0.369869
039340,한국경제TV,KOSDAQ,4850,-0.61,1994,9632350,106700000000,-1.7224,0.3102,4.9784,-2.8056,Communication,텔레비전 방송업,0.369599
451250,삐아,KOSDAQ,7200,-0.83,5147,37159590,73626314400,1.1236,-2.7027,-4.6358,-11.1111,Materials,기타 화학제품 제조업,0.369494
413390,엠오티,KOSDAQ,6090,-0.16,11380,70016860,68728816800,-3.7915,-16.5753,4.6392,-25.0000,Industrials,특수 목적용 기계 제조업,0.369470
369370,블리츠웨이엔터테인먼트,KOSDAQ,3095,-3.28,10232,31503462,30870712290,-4.6225,-16.8011,276.0632,130.4542,Other,창작 및 예술관련 서비스업,0.369149
387570,파인메딕스,KOSDAQ,6300,0.16,12885,81609910,35443170000,0.4785,4.1322,16.8831,-8.0292,Healthcare,의료용 기기 제조업,0.368691
397810,애드포러스,KOSDAQ,6810,7.41,44856,303334910,35144843700,-0.1466,-6.7123,35.3877,11.0930,Communication,광고업,0.368587
023790,동일스틸럭스,KOSDAQ,1428,-3.32,118760,170904841,18663685824,-1.8557,3.4033,-10.8614,55.3863,Materials,1차 철강 제조업,0.367802
105760,포스뱅크,KOSDAQ,5010,-0.99,7196,35999942,51056343870,0.9063,2.1407,41.9263,-7.2222,Industrials,일반 목적용 기계 제조업,0.367631
000230,일동홀딩스,KOSPI,5940,0,11057,65365015,68549976000,-0.1681,-9.5890,-4.8077,-43.3746,Healthcare,의약품 제조업,0.367053
046390,삼화네트웍스,KOSDAQ,2115,0.71,11048,23189740,36524300895,1.1962,-3.4247,33.0189,114.5030,Communication,영화  비디오물  방송프로그램 제작 및 배급업,0.366678
009180,한솔로지스틱스,KOSPI,2760,0.18,8905,24445995,77710077000,-0.3610,0.3636,2.9851,-6.1224,Industrials,기타 운송관련 서비스업,0.366092
336060,웨이버스,KOSDAQ,3035,0.17,1709,5175901,29230206400,0.8306,9.7649,418.8034,194.6602,Technology,소프트웨어 개발 및 공급업,0.366088
018120,진로발효,KOSDAQ,16700,-0.06,219,3655770,110572704000,0.1199,1.0284,1.2121,-4.8975,Consumer,알코올음료 제조업,0.365821
066130,하츠,KOSDAQ,3450,2.07,32464,112175260,44160000000,1.7699,0.8772,7.1429,-19.0141,Other,가정용 기기 제조업,0.365406
331380,포커스에이아이,KOSDAQ,2045,0.74,11613,23705690,75583664215,-2.1531,-3.0806,27.8125,-13.7131,Communication,영상 및 음향기기 제조업,0.365346
011280,태림포장,KOSPI,1376,-1.43,49786,68116944,97428973440,-9.4737,-18.4834,-26.5350,-28.8153,Materials,골판지  종이 상자 및 종이용기 제조업,0.365267
037400,우리엔터프라이즈,KOSDAQ,3365,-3.03,4834,16461195,17648311185,-8.0601,432.4367,379.3447,243.3673,Other,상품 종합 도매업,0.365228
413640,비아이매트릭스,KOSDAQ,6030,2.38,19201,112983135,43457848200,4.1451,5.4196,3.0769,-27.2618,Technology,소프트웨어 개발 및 공급업,0.365183
314140,알피바이오,KOSDAQ,5950,-0.83,8375,49392750,51564847950,-0.3350,2.9412,12.9032,-5.8544,Healthcare,의약품 제조업,0.365145
317240,TS트릴리온,KOSDAQ,1021,0,59164,60422388,29789421931,-3.3144,-13.6940,14.7191,204.7761,Materials,기타 화학제품 제조업,0.365105
024910,경창산업,KOSDAQ,1494,-0.53,61092,90900054,53513593470,-0.7968,-11.3353,-0.4000,-36.6949,Industrials,자동차 신품 부품 제조업,0.364636
080420,모다이노칩,KOSDAQ,1608,1.07,1566,2492418,128192368176,-2.6634,-2.5455,6.5606,-21.5610,Consumer,섬유  의복  신발 및 가죽제품 소매업,0.364446
060560,HC홈센타,KOSDAQ,1959,-0.25,8391,16459031,49735093959,1.1358,-0.5584,0.1022,198.6280,Other,기타 전문 도매업,0.364382
277070,린드먼아시아,KOSDAQ,3400,1.04,14941,52175055,46552800000,7.9365,-5.5556,11.1111,-16.1529,Financials,신탁업 및 집합투자업,0.364353
384470,코어라인소프트,KOSDAQ,2565,0.59,41222,104994295,46032344145,-0.5814,-3.3898,-14.5000,-26.9231,Technology,소프트웨어 개발 및 공급업,0.364113
006890,태경케미컬,KOSPI,4940,-1.1,17001,83889226,57304000000,-0.5035,-4.0777,-9.5238,-44.5567,Materials,기초 화학물질 제조업,0.363611
072130,유엔젤,KOSPI,4755,-0.83,12964,61373225,60366883770,-4.0363,-2.7607,-5.8416,-9.9432,Technology,자료처리  호스팅  포털 및 기타 인터넷 정보매개 서비스업,0.363273
004870,티웨이홀딩스,KOSPI,962,-4.66,132711,130359989,21772655476,-9.7561,-15.6140,244.8029,174.8571,Other,시멘트  석회  플라스터 및 그 제품 제조업,0.363071
004270,남성,KOSPI,5670,2.35,13618,76057110,25855925760,3.2787,17.7570,-18.4173,634.4560,Other,기타 전문 도매업,0.363027
005360,모나미,KOSPI,1177,-2.97,332839,398773695,22242130339,-8.4047,-11.2368,-2.8878,-30.6423,Other,생활용품 도매업,0.362864
225590,패션플랫폼,KOSDAQ,3215,0,30913,98757772,16465223840,-2.4279,4.7231,-7.2150,274.2724,Consumer,봉제의복 제조업,0.362824
004830,덕성,KOSPI,3250,0.31,20941,67713185,50960000000,0.1541,0.4637,1.0886,-27.2931,Materials,플라스틱제품 제조업,0.362720
234100,폴라리스세원,KOSDAQ,2675,-0.19,9921,26408905,39059376300,-1.6544,0.0000,11.6910,151.8832,Industrials,자동차 신품 부품 제조업,0.362559
122450,KX,KOSDAQ,2575,-0.39,5656,14612450,115411072550,-3.0132,-7.8712,-0.7707,-19.0252,Communication,텔레비전 방송업,0.362535
067370,선바이오,KOSDAQ,5640,-0.35,8316,46648100,68886063240,-3.5897,-6.0000,-8.2927,1.4388,Healthcare,의약품 제조업,0.362445
025440,DH오토웨어,KOSDAQ,3270,-0.15,2227,7270475,31902917880,1.2384,-5.6277,347.9452,319.7689,Communication,영상 및 음향기기 제조업,0.362159
021880,메이슨캐피탈,KOSDAQ,1165,-2.35,30419,35659002,24719482600,-6.1241,-7.3190,756.6176,462.8019,Financials,기타 금융업,0.361980
370090,퓨런티어,KOSDAQ,6030,-2.43,14161,86617130,51597684900,3.9655,-1.9512,-19.8138,-54.0746,Technology,측정  시험  항해  제어 및 기타 정밀기기 제조업; 광학기기 제외,0.361924
037950,엘컴텍,KOSDAQ,2620,-2.96,13574,35998215,44250497860,-4.3796,-10.4274,-0.3802,266.4336,Technology,전자부품 제조업,0.361365
251630,브이원텍,KOSDAQ,3605,-0.28,14382,51468250,57474104030,7.6119,3.1474,-21.8852,-32.7425,Industrials,특수 목적용 기계 제조업,0.361212
200230,텔콘RF제약,KOSDAQ,2185,1.16,11467,25458832,20718757765,1.1574,0.6912,506.9444,163.2530,Healthcare,의약품 제조업,0.361010
031510,오스템,KOSDAQ,1142,-0.44,64727,73203482,31976000000,0.6167,1.5111,15.3535,11.8511,Industrials,자동차 신품 부품 제조업,0.360665
019540,일지테크,KOSDAQ,5010,0.2,11364,56756575,67702635000,-0.9881,-9.4033,-9.7297,-23.3945,Industrials,자동차 신품 부품 제조업,0.360595
023350,한국종합기술,KOSPI,3875,-3.13,23316,91198738,42431250000,-3.1250,1.3072,-5.8323,-14.4592,Other,건축기술  엔지니어링 및 관련 기술 서비스업,0.360433
083660,CSA 코스믹,KOSDAQ,1545,-0.45,19415,29906564,26920325655,1.2451,-45.9790,508.2677,445.9364,Materials,기타 화학제품 제조업,0.360055
198080,캐프,KOSDAQ,2110,-1.17,36455,76343990,45439240350,-1.8605,-1.1710,-3.2110,-11.8998,Technology,전자부품 제조업,0.359901
075180,새론오토모티브,KOSPI,2950,-1.34,15499,45808580,56640000000,-0.3378,-0.6734,2.0761,-2.3179,Industrials,자동차 신품 부품 제조업,0.359824
347890,엠엑스온,KOSDAQ,4270,0.95,7862,33121925,72646381080,1.4252,-4.3673,-1.1574,-22.6449,Technology,측정  시험  항해  제어 및 기타 정밀기기 제조업; 광학기기 제외,0.359815
011150,CJ씨푸드,KOSPI,1876,-0.11,29134,54753524,67406130148,-2.5961,-7.8133,0.0533,-29.3409,Consumer,기타 식품 제조업,0.359617
035620,바른손이앤에이,KOSDAQ,700,5.42,226707,152565852,13026942600,17.2529,-1.9608,-9.6774,184.5528,Communication,영화  비디오물  방송프로그램 제작 및 배급업,0.359576
053280,예스24,KOSDAQ,2820,0.71,17488,49206482,70500000000,-1.2259,-11.1811,-6.3123,-22.4209,Consumer,무점포 소매업,0.359354
418620,E8,KOSDAQ,665,1.99,277027,183838958,13200567205,-0.2999,42.3983,-22.6744,-51.7066,Technology,소프트웨어 개발 및 공급업,0.359308
139990,아주스틸,KOSPI,2145,0.47,8774,18792270,83130363030,2.6316,-2.7211,1.4184,-26.6667,Materials,1차 철강 제조업,0.359208
011090,에넥스,KOSPI,1683,0,61741,103736526,19955421882,-7.7808,-27.4569,43.2340,278.2022,Other,가구 제조업,0.358961
009300,삼아제약,KOSDAQ,14030,0,626,8785080,89371100000,0.2859,0.4295,10.1256,-11.8719,Healthcare,의약품 제조업,0.358435
012700,리드코프,KOSDAQ,2890,0,9426,27261520,75125122280,-0.3448,-3.9867,4.3321,-17.1920,Other,기타 전문 도매업,0.358369
226330,신테카바이오,KOSDAQ,1289,-0.23,77846,100626137,31269174275,8.3193,14.0708,-20.3337,-61.4072,Technology,소프트웨어 개발 및 공급업,0.358369
023900,풍국주정,KOSDAQ,7130,-0.28,2921,20936550,89838000000,-2.3288,-0.5579,2.1490,-25.2621,Consumer,알코올음료 제조업,0.358087
095720,웅진씽크빅,KOSPI,1230,1.49,20631,25129577,69897314550,-2.3810,-0.5659,8.8496,4.3257,Consumer,초등 교육기관,0.358018
036120,서울평가정보,KOSDAQ,1635,-0.97,28917,47261573,57462075000,-2.6206,4.0076,10.3239,-23.5981,Technology,기타 정보 서비스업,0.357990
122310,제노레이,KOSDAQ,3330,-1.62,19925,66078980,48464300520,-0.8929,1.5244,-0.5970,-23.0058,Healthcare,의료용 기기 제조업,0.357899
039240,경남스틸,KOSDAQ,1891,0.11,38025,71737959,51018431164,-1.5104,-0.9429,-6.8473,-25.8431,Materials,1차 철강 제조업,0.357650
271830,팸텍,KOSDAQ,1080,0.47,118431,127457636,31849418160,0.4651,1.9830,-8.7838,-34.9005,Industrials,특수 목적용 기계 제조업,0.357244
088390,이녹스,KOSDAQ,8100,0.75,2229,18083280,76025336400,0.1236,8.0000,9.4595,-33.4429,Industrials,그외 기타 운송장비 제조업,0.356137
361570,알비더블유,KOSDAQ,1665,-0.3,43257,70751673,47857579515,-6.7227,-0.8338,13.4196,-18.3824,Communication,오디오물 출판 및 원판 녹음업,0.356027
188260,세니젠,KOSDAQ,2200,10.11,107926,234156980,30582899600,5.0119,11.3360,37.8446,30.7967,Other,그외 기타 제품 제조업,0.355922
053450,세코닉스,KOSDAQ,3145,5.01,55541,170907583,46523365435,6.4298,3.7954,-12.2734,-39.9809,Technology,사진장비 및 광학기기 제조업,0.355889
105550,엣지파운드리,KOSDAQ,1656,-3.16,44808,74203344,25935294960,-2.0698,-21.3302,271.3004,18.5397,Technology,전자부품 제조업,0.355522
044780,에이치케이,KOSDAQ,1371,-0.22,80055,109387861,25371433977,0.6608,5.2187,10.0321,-4.9237,Industrials,특수 목적용 기계 제조업,0.355430
177830,파버나인,KOSDAQ,2140,-0.93,106915,219469625,24237625020,-2.0595,-6.5502,-13.3603,-20.1493,Technology,전자부품 제조업,0.355219
025890,한국주강,KOSPI,2655,-1.67,14173,37297774,29588955480,1.1429,7.4899,23.7762,68.2510,Industrials,특수 목적용 기계 제조업,0.354984
022220,티케이지애강,KOSDAQ,839,0.48,4722,3896442,43455651781,-6.2570,40.3010,30.2795,59.5057,Materials,플라스틱제품 제조업,0.354911
044340,위닉스,KOSDAQ,2725,-1.8,62471,173220335,48705083125,-6.3574,-21.9198,-21.0145,-43.9877,Other,가정용 기기 제조업,0.354685
113810,디젠스,KOSDAQ,2980,-1.49,4428,13264005,19446317800,-1.1609,19.4389,465.4649,315.0418,Industrials,자동차 신품 부품 제조업,0.354516
143540,영우디에스피,KOSDAQ,1003,0.3,88806,88577258,44733694685,-0.1990,-9.6396,-6.1740,-24.5865,Industrials,특수 목적용 기계 제조업,0.354433
005740,크라운해태홀딩스,KOSPI,5150,-0.77,9577,49605460,76463837050,-8.5258,-9.4903,-5.5046,-25.5780,Financials,기타 금융업,0.354090
023000,삼원강재,KOSPI,2195,0.23,5037,11044348,87229203420,-1.1261,-1.7897,3.7825,-6.9915,Industrials,자동차 신품 부품 제조업,0.353502
214260,라파스,KOSDAQ,7650,1.46,5922,44853020,68256841950,-0.2608,-9.4675,-4.6135,-25.7282,Materials,기타 화학제품 제조업,0.353209
208140,정다운,KOSDAQ,2255,0,9567,21552017,73702974730,-0.8791,-0.4415,5.8685,-9.8000,Other,도축  육류 가공 및 저장 처리업,0.353143
041460,한국전자인증,KOSDAQ,3380,0,12720,42745415,64220000000,-1.8868,-3.1519,-3.7037,-15.0754,Technology,소프트웨어 개발 및 공급업,0.352987
396690,미래에셋글로벌리츠,KOSPI,1422,-0.21,43558,62022559,56319646680,1.7167,-9.0211,-2.2008,-42.6613,Real Estate,부동산 임대 및 공급업,0.352902
086060,진바이오텍,KOSDAQ,4765,-0.31,11155,53799820,41029447055,1.9251,1.3830,9.1638,-7.2957,Other,산업용 농·축산물 및 동·식물 도매업,0.352876
013720,청보,KOSDAQ,2255,0.89,4170,9254722,27433491140,2.9680,-7.9592,333.6538,149.1713,Industrials,자동차 신품 부품 제조업,0.352797
014970,삼륭물산,KOSDAQ,4380,0.23,12718,55531250,64933500000,-3.2044,0.8055,-5.1948,-54.1361,Materials,골판지  종이 상자 및 종이용기 제조업,0.352664
452200,민테크,KOSDAQ,1697,0.12,35246,59995800,41292761600,0.6524,13.1333,-4.7699,-25.2423,Technology,측정  시험  항해  제어 및 기타 정밀기기 제조업; 광학기기 제외,0.352400
419540,비스토스,KOSDAQ,3075,-1.76,26823,82993511,18321627975,-1.6000,-3.6050,-1.6000,250.6271,Healthcare,의료용 기기 제조업,0.351928
149980,하이로닉,KOSDAQ,4670,3.43,11304,51989250,80319544820,-1.6842,-5.6566,1.1918,-8.2515,Healthcare,의료용 기기 제조업,0.351921
417790,트루엔,KOSDAQ,6740,2.9,6796,44614485,70556955340,0.7474,1.9667,8.5346,-9.7724,Communication,영상 및 음향기기 제조업,0.351827
076080,웰크론한텍,KOSDAQ,1130,1.89,70669,80024596,25531396280,0.0000,3.1022,38.4804,-6.7657,Industrials,건물 건설업,0.351665
012690,모나리자,KOSPI,1400,-1.27,52706,73971106,51199757000,-3.6476,-2.7102,-5.8507,-32.3671,Materials,기타 종이 및 판지 제품 제조업,0.351290
071950,코아스,KOSPI,1780,-0.84,104857,183028545,25737367100,-8.7179,10.1485,-18.5355,-10.7322,Other,가구 제조업,0.351285
153710,옵티팜,KOSDAQ,4575,0.11,6872,31518575,67115057850,-2.1390,-1.7186,2.1205,-9.4059,Healthcare,의료용품 및 기타 의약 관련제품 제조업,0.350852
104460,디와이피엔에프,KOSDAQ,6740,0.75,8809,59703850,70892000740,-0.7364,-10.9643,-23.6693,-57.5032,Industrials,일반 목적용 기계 제조업,0.350097
084730,팅크웨어,KOSDAQ,6560,-4.23,7352,48811820,72877821440,0.1527,5.2970,5.9774,-25.1142,Technology,통신 및 방송 장비 제조업,0.350038
033130,디지틀조선,KOSDAQ,1739,-0.51,29160,50644261,64543449313,-0.2867,-8.6660,-4.2401,-38.6596,Technology,자료처리  호스팅  포털 및 기타 인터넷 정보매개 서비스업,0.349819
900340,윙입푸드,KOSDAQ,1237,-3.89,49413,61707048,44015839484,-9.5760,-14.6897,-23.1200,96.9745,Financials,기타 금융업,0.349113
950130,엑세스바이오,KOSDAQ,2205,0.23,20616,45556945,77558303970,-10.7287,-8.3160,-4.3384,-22.3592,Healthcare,의료용품 및 기타 의약 관련제품 제조업,0.349049
111710,남화산업,KOSDAQ,3180,0.79,14471,45713275,65469840000,0.0000,2.5806,-33.4031,-19.6970,Other,스포츠 서비스업,0.348601
155660,DSR,KOSPI,4310,-1.03,4890,21173617,68960000000,-2.0455,-0.1159,6.0271,3.1100,Materials,1차 비철금속 제조업,0.348427
032300,한국파마,KOSDAQ,7240,0.28,4702,34057580,78964515240,-1.7639,-8.3544,-10.0621,-36.4912,Healthcare,의약품 제조업,0.348163
038870,에코심플렉스,KOSDAQ,2090,-3.02,22102,46990051,29291243410,2.9557,20.3917,33.2059,-27.8066,Other,사업시설 유지·관리 서비스업,0.348127
241690,유니테크노,KOSDAQ,2490,-0.8,22728,55696245,60932057940,-2.3529,-5.3232,-6.5666,-35.0717,Industrials,자동차 신품 부품 제조업,0.348033
133820,화인베스틸,KOSPI,985,-1.3,70219,68804143,36557784470,-1.5000,9.5662,-1.9900,-21.3259,Materials,1차 철강 제조업,0.347602
006880,신송홀딩스,KOSPI,4240,-0.47,18299,77537985,50154357920,-3.6364,-4.1808,-5.2514,-40.2817,Other,산업용 농·축산물 및 동·식물 도매업,0.347420
096240,크레버스,KOSDAQ,8440,-0.12,2008,16940520,86410239200,-2.5404,0.2375,-6.1179,-24.7772,Other,일반 교습 학원,0.347357
191420,테고사이언스,KOSDAQ,7190,-1.1,8391,59976300,58302516460,-5.1451,-2.8378,4.2029,-45.1145,Healthcare,기초 의약물질 제조업,0.347165
277880,티에스아이,KOSDAQ,3460,-0.43,9756,33799305,68657513520,-2.6723,-0.8596,-0.7174,-27.1579,Industrials,특수 목적용 기계 제조업,0.346926
124560,태웅로직스,KOSDAQ,1960,-1.01,11620,22699242,75892789560,-1.7051,-1.5075,5.4330,-31.9444,Industrials,기타 운송관련 서비스업,0.346851
007720,소노스퀘어,KOSDAQ,1136,-0.61,25390,28773037,22901862240,0.0881,-23.0352,279.9331,121.8750,Other,상품 종합 도매업,0.346488
084180,수성웹툰,KOSDAQ,217,3.33,2896107,652854563,3922119411,61.9403,-64.7154,-59.1337,-87.4057,Industrials,일반 목적용 기계 제조업,0.346475
033290,로젠,KOSDAQ,1513,-0.59,7741,11722702,84964483413,-0.7869,-0.4605,2.2297,-26.0147,Consumer,섬유  의복  신발 및 가죽제품 소매업,0.346349
365590,하이딥,KOSDAQ,1281,0.79,66156,84635946,23579719275,-22.8778,63.6015,32.0619,-41.6401,Technology,반도체 제조업,0.346171
009140,케이아이이,KOSPI,22150,-1.12,2953,64762450,34793153550,0.2262,2.3095,0.0000,0.0000,Technology,전자부품 제조업,0.346165
256630,포인트엔지니어링,KOSDAQ,4340,0.23,577,2522945,50341456760,-0.8000,0.6961,3.3333,330.9831,Industrials,기타 금속 가공제품 제조업,0.346154
068290,삼성출판사,KOSPI,6120,-0.65,6890,42051550,61200000000,-1.2903,-2.2364,0.9901,-32.5248,Communication,서적  잡지 및 기타 인쇄물 출판업,0.345900
009770,삼정펄프,KOSPI,27300,-1.09,1064,29264550,68249208300,-3.1915,-3.3628,4.0000,-13.0573,Materials,펄프  종이 및 판지 제조업,0.345770
189980,흥국에프엔비,KOSDAQ,1180,0.34,35214,40809509,47362635860,1.5491,4.7028,13.5707,-28.6146,Consumer,비알코올음료 및 얼음 제조업,0.345399
332370,아이디피,KOSDAQ,5200,-0.95,4340,22399285,69023375200,-2.8037,-0.9524,1.9608,0.1927,Technology,컴퓨터 및 주변장치 제조업,0.345275
038620,위즈코프,KOSDAQ,1987,0.2,7781,15444521,30094889391,4.6340,5.4111,7.1737,222.5649,Energy,연료 소매업,0.344948
179530,애드바이오텍,KOSDAQ,1754,-1.63,72164,127269663,51663142134,-9.7737,-29.5582,-8.5982,-32.0155,Healthcare,의약품 제조업,0.344275
218150,미래생명자원,KOSDAQ,1920,-0.57,43263,83377015,39198339840,-2.8340,-6.3415,11.2399,-36.1065,Consumer,동물용 사료 및 조제식품 제조업,0.343773
263600,덕우전자,KOSDAQ,3365,-1.17,18157,60658190,53605493150,-4.2674,-3.7196,-1.0294,-36.8668,Technology,전자부품 제조업,0.343566
239890,피엔에이치테크,KOSDAQ,3565,-0.28,14548,51873640,35420966575,2.4425,12.1069,6.7365,-27.2449,Materials,기초 화학물질 제조업,0.343559
002600,조흥,KOSPI,137500,-0.36,36,4954300,82500000000,-0.7220,1.5510,-0.3623,-5.8219,Consumer,기타 식품 제조업,0.343276
373200,엑스플러스,KOSDAQ,1680,-0.94,38747,65964516,42072638160,-15.4504,-10.8753,-36.9606,108.1784,Other,그외 기타 제품 제조업,0.343071
261200,덴티스,KOSDAQ,2600,1.56,19559,50700395,41105220000,1.3645,4.8387,12.7983,-34.0102,Healthcare,의료용 기기 제조업,0.343067
429270,시지트로닉스,KOSDAQ,3235,-3.72,58597,189742080,20863262285,2.3734,-1.0703,-23.6128,-27.4664,Technology,반도체 제조업,0.342447
104540,코렌텍,KOSDAQ,4000,0.76,10583,42030450,53629640000,-0.1248,0.1252,1.2658,-30.5556,Healthcare,의료용 기기 제조업,0.341333
310870,디와이씨,KOSDAQ,1511,0.73,33635,50623224,33125051622,-5.1475,14.7304,19.1640,-2.0104,Industrials,자동차 신품 부품 제조업,0.341265
042940,상지건설,KOSDAQ,5600,-1.23,17785,100269220,38240787200,-2.2688,-5.0847,-15.0228,-30.0874,Industrials,건물 건설업,0.341080
046310,백금T&A,KOSDAQ,2340,2.18,31926,74153125,38419619940,3.5398,-0.2132,21.1180,-23.7785,Technology,통신 및 방송 장비 제조업,0.340957
317530,에피소드컴퍼니,KOSDAQ,3180,-0.63,6130,19521780,55633724760,-2.3041,9.2784,30.3279,-18.4615,Communication,영화  비디오물  방송프로그램 제작 및 배급업,0.340921
054620,APS,KOSDAQ,3740,1.63,9074,33562600,68794386540,-1.3193,-1.4493,0.6729,-59.6548,Financials,기타 금융업,0.340823
007590,동방아그로,KOSPI,5570,0,1356,7542960,75849903890,1.0889,0.1799,-2.1090,-4.7863,Other,비료  농약 및 살균  살충제 제조업,0.340170
177350,베셀,KOSDAQ,1525,1.06,38543,57809801,15121672775,-1.2306,-2.1809,157.6014,22.8848,Materials,플라스틱제품 제조업,0.340143
033230,인성정보,KOSDAQ,1003,1.42,74235,74627904,50666926140,-1.6667,-14.0531,-8.9010,-37.1947,Technology,컴퓨터 프로그래밍  시스템 통합 및 관리업,0.339905
065690,파커스,KOSDAQ,1858,0.05,20526,37903794,22322954006,1.6968,7.3988,68.2971,17.4463,Materials,고무제품 제조업,0.339891
148250,알엔투테크놀로지,KOSDAQ,1999,-1.77,33360,67140361,27207797296,-0.0500,43.9165,-20.0400,-42.2254,Technology,전자부품 제조업,0.339136
225530,HC보광산업,KOSDAQ,2075,-1.19,6720,13931315,75402858525,-2.3529,4.5340,0.9732,-25.0903,Materials,기타 비금속 광물제품 제조업,0.339060
465480,인스피언,KOSDAQ,3950,0.77,6150,24188460,40044199400,5.6150,20.9801,11.1111,-22.5490,Technology,소프트웨어 개발 및 공급업,0.338948
016090,대현,KOSPI,1402,0.14,21306,29800714,62083798620,0.5018,-5.2062,-3.9726,-16.3983,Consumer,봉제의복 제조업,0.338688
053980,오상자이엘,KOSDAQ,2370,-1.04,26760,63533645,44989195710,-1.4553,-5.3892,-4.8193,-26.2830,Technology,소프트웨어 개발 및 공급업,0.338652
036000,예림당,KOSDAQ,2700,-0.55,18158,49093570,62192547900,-3.2258,-14.1494,-14.2857,-12.0521,Communication,서적  잡지 및 기타 인쇄물 출판업,0.338385
037230,한국팩키지,KOSDAQ,1344,-1.9,60299,81790101,40051639488,-4.1369,1.2048,-4.6132,-39.1855,Materials,골판지  종이 상자 및 종이용기 제조업,0.338197
424760,벨로크,KOSDAQ,2120,5.47,74548,156910085,21408540160,0.7126,3.6675,4.6914,89.9642,Technology,컴퓨터 프로그래밍  시스템 통합 및 관리업,0.338146
086710,선진뷰티사이언스,KOSDAQ,6790,0.3,2295,15586490,82860271200,0.8915,-14.6985,1.3433,-27.6890,Materials,기타 화학제품 제조업,0.338100
006370,대구백화점,KOSPI,2955,-2.48,88756,260951767,31977860505,-10.3187,-33.5208,-25.2845,-34.1871,Consumer,종합 소매업,0.338044
070590,인티큐브,KOSDAQ,2120,-0.47,18179,38267435,29424584520,1.9231,10.1871,31.5136,3.9216,Technology,컴퓨터 프로그래밍  시스템 통합 및 관리업,0.338020
216050,인크로스,KOSDAQ,4935,0.41,7416,36436805,60200199570,-0.3030,-5.2783,0.7143,-29.5000,Communication,광고업,0.337962
017180,명문제약,KOSPI,1222,-1.05,57355,70098728,41491120788,-4.3070,0.5761,-0.8117,-32.6722,Healthcare,의약품 제조업,0.337600
215380,콜마바이오텍,KOSDAQ,2285,6.03,66741,148234155,38455581160,4.5767,4.5767,2.9279,-19.2580,Healthcare,자연과학 및 공학 연구개발업,0.337582
073540,에프알텍,KOSDAQ,2625,-1.69,17801,47008450,29925000000,0.9615,18.7783,4.3738,-2.9575,Technology,통신 및 방송 장비 제조업,0.337265
355390,크라우드웍스,KOSDAQ,1558,11.05,536785,804654970,24732227952,24.1434,2.9062,-32.1133,-41.4286,Technology,소프트웨어 개발 및 공급업,0.337025
023810,인팩,KOSPI,5170,0.78,7807,39734900,51700000000,1.3725,-1.8975,4.4444,-35.6164,Industrials,자동차 신품 부품 제조업,0.336889
025750,한솔홈데코,KOSPI,1896,-0.26,11485,21809576,30550302984,-0.2630,2.2102,1.2821,249.8155,Materials,제재 및 목재 가공업,0.336832
372800,아이티아이즈,KOSDAQ,3085,-0.96,27113,83204905,21709728065,8.0560,5.2901,9.5915,-27.1547,Technology,소프트웨어 개발 및 공급업,0.336751
131760,파인텍,KOSDAQ,1302,7.34,600890,799257102,11309583432,0.6961,-24.3902,-34.3088,95.7895,Industrials,특수 목적용 기계 제조업,0.336735
002070,비비안,KOSPI,3785,-1.82,47508,177557704,18174813000,-22.5179,-16.6300,-65.9928,890.8377,Consumer,봉제의복 제조업,0.336280
260660,알리코제약,KOSDAQ,2290,-1.29,46265,105000960,35098878090,-6.9106,-3.1712,-4.1841,-31.5396,Healthcare,의료용품 및 기타 의약 관련제품 제조업,0.335769
049120,파인디앤씨,KOSDAQ,2830,-1.22,3953,11180795,30002706290,-4.0678,8.8462,29.5195,427.0019,Technology,전자부품 제조업,0.335700
006740,블루산업개발,KOSPI,4810,0.21,1420,6951648,28624112790,-4.7525,357.2243,-13.3333,758.9286,Materials,골판지  종이 상자 및 종이용기 제조업,0.335638
094850,참좋은여행,KOSDAQ,4365,1.04,5481,23897270,61110000000,-0.7955,0.5760,5.3076,-16.6985,Consumer,여행사 및 기타 여행보조 서비스업,0.335623
025530,SJM홀딩스,KOSPI,3655,1.11,5242,19140320,54583799240,1.5278,1.9526,6.7153,2.0950,Industrials,자동차 부품 및 내장품 판매업,0.335574
215090,솔디펜스,KOSDAQ,1458,-0.41,36451,53344752,33760953738,-0.1370,16.7334,11.2977,-46.4954,Technology,측정  시험  항해  제어 및 기타 정밀기기 제조업; 광학기기 제외,0.335089
114630,폴라리스우노,KOSDAQ,1585,0.25,22202,35209000,27317868080,-4.1137,10.0694,-15.4216,218.9135,Materials,화학섬유 제조업,0.335030
027740,마니커,KOSPI,1184,0.42,49619,59068484,37598646976,-15.9091,-10.7089,14.3961,47.2637,Other,도축  육류 가공 및 저장 처리업,0.334748
219550,디와이디,KOSDAQ,1157,2.84,65586,75789574,47875745970,0.6087,4.2342,1.5803,-31.9412,Other,생활용품 도매업,0.334524
017370,우신시스템,KOSPI,3340,-1.33,18030,60359736,61168940360,-3.8849,-9.4851,-21.5962,-42.0139,Industrials,특수 목적용 기계 제조업,0.334362
378850,화승알앤에이,KOSPI,2845,0.71,15727,44408850,54036857435,-3.2313,-6.4145,0.8865,-21.7331,Industrials,자동차 신품 부품 제조업,0.334326
056700,신화인터텍,KOSDAQ,1416,-0.07,40712,57353498,41255288856,-0.4919,0.2833,-7.2692,-21.8112,Materials,플라스틱제품 제조업,0.334086
025880,케이씨피드,KOSDAQ,2310,0.22,27732,63896375,38613631980,-1.0707,-2.3256,-4.5455,-20.8904,Consumer,동물용 사료 및 조제식품 제조업,0.334001
078860,아이오케이이엔엠,KOSDAQ,2700,-19.4,165306,468639800,16678407600,5.2632,0.0000,-14.9606,576.6917,Communication,영화  비디오물  방송프로그램 제작 및 배급업,0.333639
069640,한세엠케이,KOSPI,1324,1.46,19660,25857673,28777776844,-5.0215,-9.6246,31.7413,118.4818,Consumer,섬유  의복  신발 및 가죽제품 소매업,0.333432
004720,팜젠사이언스,KOSPI,2825,0.36,12736,36153047,63998581125,-2.0797,-12.9430,0.1773,-25.2646,Healthcare,의약품 제조업,0.333309
104200,NHN벅스,KOSDAQ,2155,0,95680,206442711,31953370250,-6.9114,-17.5908,-25.6897,-54.3432,Technology,기타 정보 서비스업,0.333158
277410,인산가,KOSDAQ,5610,0.18,1262,7092660,21548851500,-0.5319,0.3578,601.2500,395.5830,Consumer,기타 식품 제조업,0.333044
010400,우진아이엔에스,KOSPI,4175,0.12,9385,38303935,31821850000,2.8325,0.3606,19.9713,10.0132,Other,건물설비 설치 공사업,0.332519
199550,레이저옵텍,KOSDAQ,3255,2.68,21967,71462195,48323049705,-1.2140,12.6298,-1.2140,-41.6667,Healthcare,의료용 기기 제조업,0.332467
035200,프럼파스트,KOSDAQ,2565,-3.39,59553,154947095,23649251265,-3.9326,-6.2157,-3.0246,-25.6522,Materials,플라스틱제품 제조업,0.332376
049550,잉크테크,KOSDAQ,3445,-0.14,1431,4920060,67543624265,-0.2894,-2.5460,15.7983,7.3209,Materials,기타 화학제품 제조업,0.332364
010470,오리콤,KOSDAQ,4980,0.81,2737,13614895,59635749000,1.2195,6.4103,8.9716,-16.1616,Communication,광고업,0.332063
006980,우성,KOSPI,17410,-1.58,888,15522270,53796900000,2.0516,12.2502,5.9647,-18.2629,Other,곡물가공품  전분 및 전분제품 제조업,0.332000
080520,오디텍,KOSDAQ,2910,0,18316,52030360,32948233470,4.4883,0.5181,6.3985,-26.2357,Technology,반도체 제조업,0.331803
203450,유니온바이오메트릭스,KOSDAQ,2780,2.96,19121,52582035,39139639460,6.9231,10.0990,7.1291,-9.0016,Technology,통신 및 방송 장비 제조업,0.331783
007530,와이엠,KOSDAQ,1788,0.39,4564,8212840,39790565028,20.4852,18.8040,-10.6000,-25.5000,Industrials,기타 금속 가공제품 제조업,0.331638
024830,세원물산,KOSDAQ,8310,-0.95,4119,34079110,69388500000,-2.3502,-8.2781,-17.3956,-30.7500,Industrials,자동차 신품 부품 제조업,0.331434
066910,손오공,KOSDAQ,1780,-1.82,27485,49497800,27388204960,-1.6031,-6.7086,-29.6443,194.2149,Other,기타 전문 도매업,0.331365
222420,쎄노텍,KOSDAQ,910,-0.44,66607,60659309,44060855930,-3.4995,0.5525,-12.5000,-28.6275,Materials,기타 비금속 광물제품 제조업,0.331274
199480,뱅크웨어글로벌,KOSDAQ,4005,0.63,5771,22948740,40837334940,2.5608,6.5160,30.0325,-14.5144,Technology,소프트웨어 개발 및 공급업,0.331177
115610,이미지스,KOSDAQ,1580,-2.05,51289,80954100,18673655020,-3.1269,12.8571,15.2443,12.6961,Technology,반도체 제조업,0.330813
007370,진양제약,KOSDAQ,3955,0.25,6176,24368610,55902291585,-0.5031,-1.8610,9.8611,-14.2082,Healthcare,의약품 제조업,0.330702
223310,사토시홀딩스,KOSDAQ,3000,-3.38,20819,63467685,24385854000,-5.0633,0.0000,-24.8120,104.0816,Other,상품 종합 도매업,0.330656
013000,세우글로벌,KOSPI,1190,0.08,44520,52864216,34158986890,1.3629,0.0841,-8.6723,2.1459,Other,기타 전문 도매업,0.330587
106240,파인테크닉스,KOSDAQ,1298,0.46,16048,20814935,34503324372,17.3599,6.3934,19.7417,-43.1947,Other,전구 및 조명장치 제조업,0.330548
016600,큐캐피탈,KOSDAQ,2400,0.42,11454,27165465,33507842400,-2.4390,-2.2403,-21.6966,674.1935,Financials,기타 금융업,0.330500
443250,레뷰코퍼레이션,KOSDAQ,5000,-1.57,16838,83721512,54049085000,-5.8380,-16.6667,-15.5405,-49.9499,Communication,광고업,0.330220
080530,코디,KOSDAQ,2510,1.83,6688,16495160,27789926840,0.4000,1.0060,15.1376,204.9818,Materials,기타 화학제품 제조업,0.329973
028080,휴맥스홀딩스,KOSDAQ,5210,0.19,7764,40388110,12644982600,-1.6981,14.6315,-0.5725,247.7971,Technology,컴퓨터 프로그래밍  시스템 통합 및 관리업,0.329480
115160,휴맥스,KOSDAQ,5550,-0.18,5295,29265890,23906808150,-4.3103,11.4458,1.4625,692.8571,Industrials,기계장비 및 관련 물품 도매업,0.329179
001810,무림SP,KOSDAQ,1162,-0.26,70758,82924808,25723775000,0.6932,-1.6088,11.5163,-21.6981,Materials,펄프  종이 및 판지 제조업,0.328537
000040,KR모터스,KOSPI,1028,1.78,29551,31045755,20225937008,-6.5455,-22.0622,260.7018,157.0000,Industrials,그외 기타 운송장비 제조업,0.328454
009810,MDS스피어,KOSPI,1936,0.1,3720,7177703,39400806016,1.3613,3.0884,9.6884,79.2593,Other,기타 전문 도매업,0.328298
009190,대양금속,KOSPI,965,-14.68,3661310,3426398720,42446755375,-9.8131,-32.7526,-49.7919,-21.8623,Materials,1차 철강 제조업,0.328156
438700,버넥트,KOSDAQ,1844,-0.59,62866,116329015,20551177160,3.8288,7.1470,-10.4854,-40.4200,Technology,소프트웨어 개발 및 공급업,0.328104
129260,인터지스,KOSPI,1864,0.16,18569,34605725,55450037136,-1.7396,-2.2036,-5.7157,-23.9184,Industrials,도로 화물 운송업,0.328057
328380,솔트웨어,KOSDAQ,3715,1.23,6139,22479155,25457241825,-3.5065,-5.3503,36.3303,383.7240,Technology,컴퓨터 프로그래밍  시스템 통합 및 관리업,0.328041
050960,수산아이앤티,KOSDAQ,8710,0.11,1131,9835490,58801210000,1.2791,-2.7902,20.6371,-3.7569,Technology,소프트웨어 개발 및 공급업,0.327979
140520,대창스틸,KOSDAQ,1999,0,19406,38644307,42197376757,-0.5473,-0.2993,1.7821,-4.8095,Materials,1차 철강 제조업,0.327923
039420,케이엘넷,KOSDAQ,2655,-0.38,8367,22267671,60924269070,-3.1022,-2.9250,5.7769,-9.5400,Technology,전기 통신업,0.327381
045510,정원엔시스,KOSDAQ,1108,-1.16,19437,21656435,34879792356,0.0903,2.1198,42.9677,12.3732,Industrials,기계장비 및 관련 물품 도매업,0.327357
054090,삼진엘앤디,KOSDAQ,1004,-1.86,56910,57189282,25059068928,-0.6924,2.4490,12.0536,23.4932,Other,그외 기타 제품 제조업,0.327343
043610,KT지니뮤직,KOSDAQ,1164,-0.34,24563,28491910,67646369832,-2.9191,-2.7569,-13.4572,-31.3274,Communication,영상·오디오물 제공 서비스업,0.327078
465770,STX그린로지스,KOSPI,2550,-4.67,301594,779300239,18406869000,-16.6667,-26.0870,29.9032,-59.2652,Industrials,해상 운송업,0.326853
129890,앱코,KOSDAQ,926,0.33,48938,45359251,42175227452,-2.1142,-8.0437,4.0449,-1.2793,Technology,컴퓨터 및 주변장치 제조업,0.326815
347740,피엔케이피부임상연구센타,KOSDAQ,1706,-1.1,26344,44788829,51198042656,-3.3975,-9.7354,-0.7563,-17.9808,Other,그외 기타 전문  과학 및 기술 서비스업,0.326611
0010V0,제이피아이헬스케어,KOSDAQ,8600,-0.69,4627,39749190,43906440000,-1.6018,-2.9345,15.1272,-27.7918,Healthcare,의료용 기기 제조업,0.326041
453860,에이에스텍,KOSDAQ,7880,0.13,8693,67900780,50782053240,-3.5496,-6.1905,-23.2717,-46.1749,Materials,기타 화학제품 제조업,0.325979
014130,한익스프레스,KOSPI,2600,0.19,16319,42250185,30726495800,-1.8868,6.1224,22.3529,-2.8037,Industrials,도로 화물 운송업,0.325892
084870,TBH글로벌,KOSPI,2220,1.14,10937,23720515,45417328320,0.0000,-6.3291,21.9780,5.2133,Consumer,봉제의복 제조업,0.325754
032960,동일기연,KOSDAQ,2355,7.53,75248,170662925,41431456125,12.6794,14.0436,-78.3945,-85.8982,Technology,전자부품 제조업,0.325682
222110,팬젠,KOSDAQ,4805,-0.52,989,4723025,64937215745,2.2340,0.9454,4.5702,-7.5962,Healthcare,의약품 제조업,0.324916
024890,대원화성,KOSPI,1705,-0.12,43367,73536134,14065960150,1.0071,-6.6776,-37.7737,120.5692,Materials,플라스틱제품 제조업,0.324344
303030,지니틱스,KOSDAQ,1440,-0.96,85668,117186692,13186765440,4.6512,-28.0000,-19.9110,58.9404,Technology,반도체 제조업,0.324058
091340,S&K폴리텍,KOSDAQ,2495,-0.4,11741,29328035,29200783895,0.6048,16.0465,13.4091,13.4091,Technology,전자부품 제조업,0.324013
462980,아이지넷,KOSDAQ,1629,0.56,22219,35596875,29703897873,2.0038,12.1901,29.2857,-28.0795,Technology,기타 정보 서비스업,0.323657
097780,에코볼트,KOSDAQ,1492,1.77,4238,6319875,30277288788,-2.8013,25.6950,6.5714,90.3061,Industrials,자동차 신품 부품 제조업,0.323631
008420,문배철강,KOSPI,2070,-1.9,26426,55055765,42442255350,-4.6083,-3.4965,-11.3490,-11.9149,Materials,1차 철강 제조업,0.323118
363250,진시스템,KOSDAQ,4200,0.96,9691,40431660,35735204400,0.8403,4.0892,15.8621,-33.8583,Healthcare,의료용 기기 제조업,0.323093
263810,상신전자,KOSDAQ,2555,-0.58,15229,38886360,40687927875,-0.9690,0.9881,1.7928,-11.8966,Technology,전자부품 제조업,0.322702
046210,HLB파나진,KOSDAQ,1102,-2.74,53366,60844528,50171811920,-5.1635,1.1938,-23.0447,-51.5604,Healthcare,의료용품 및 기타 의약 관련제품 제조업,0.322680
033540,파라텍,KOSDAQ,2780,2.77,5416,14979787,29048959480,0.5425,-14.7239,219.1734,123.1140,Industrials,특수 목적용 기계 제조업,0.321999
354200,엔젠바이오,KOSDAQ,1274,-2.67,127916,164662209,11385206742,-18.6981,-24.2118,72.8630,-32.6282,Other,그외 기타 전문  과학 및 기술 서비스업,0.321846
296640,이노에이엑스,KOSDAQ,6250,0.16,8545,52815180,32364075000,1.6260,-3.4003,9.2657,-29.7753,Technology,소프트웨어 개발 및 공급업,0.321231
177900,쓰리에이로직스,KOSDAQ,3625,0.83,19943,72083602,34900050000,1.5406,-5.1047,-20.2420,-37.5000,Technology,반도체 제조업,0.321182
072770,멤레이비티,KOSDAQ,761,-3.3,74690,57952211,31590706578,0.7947,-13.9140,6.1367,-2.4359,Technology,컴퓨터 프로그래밍  시스템 통합 및 관리업,0.320639
083550,케이엠,KOSDAQ,3325,0.45,3655,12135985,45074248625,1.5267,1.9939,29.8828,-9.1530,Other,기타 섬유제품 제조업,0.320559
118000,메타케어,KOSPI,1273,-0.7,13345,17017029,28077014305,0.4736,-3.5606,1.9215,428.2158,Industrials,기계장비 및 관련 물품 도매업,0.320288
010040,한국내화,KOSPI,1536,-2.1,14964,23271378,63079007232,-4.2394,-4.5963,0.7213,-21.1499,Other,내화  비내화 요업제품 제조업,0.320231
206560,덱스터,KOSDAQ,924,0.54,123954,112846662,23480444064,-0.7519,10.5263,-17.5000,-70.0971,Communication,영화  비디오물  방송프로그램 제작 및 배급업,0.320110
376290,씨유테크,KOSDAQ,2850,0.71,1471,4134532,50323875000,3.4483,-4.3624,29.5455,5.3604,Technology,전자부품 제조업,0.320054
217500,러셀,KOSDAQ,1497,-0.66,28754,42736099,47622564000,1.4228,-5.1932,-6.3204,-44.8619,Industrials,특수 목적용 기계 제조업,0.319850
318010,팜스빌,KOSDAQ,3470,-1,20751,70329548,27514802860,-3.6111,-4.4077,4.2042,0.0000,Consumer,기타 식품 제조업,0.319776
109860,동일금속,KOSDAQ,7320,-0.68,863,6305120,66612000000,-2.5300,0.8264,0.5495,0.8264,Other,금속 주조업,0.319752
036670,삼양케이씨아이,KOSDAQ,5060,0.4,4203,21274570,54446612000,-0.1972,-1.3645,0.7968,-15.8070,Materials,기타 화학제품 제조업,0.319239
192390,윈하이텍,KOSDAQ,1864,0,32489,60603253,22306946544,2.1370,2.4739,15.6328,-7.0324,Other,구조용 금속제품  탱크 및 증기발생기 제조업,0.319188
016250,SGC E&C,KOSDAQ,11880,0,915,10820910,59839393680,0.0842,5.8824,7.9019,-30.5263,Industrials,건물 건설업,0.318503
322780,코퍼스코리아,KOSDAQ,1800,-3.9,15834,28632225,27016315200,-5.0633,-11.3300,12.0100,447.1125,Communication,영화  비디오물  방송프로그램 제작 및 배급업,0.318320
075130,플랜티넷,KOSDAQ,2170,0,13886,29862680,34985434400,-2.6906,7.1605,14.2105,-0.4587,Technology,컴퓨터 프로그래밍  시스템 통합 및 관리업,0.318107
110790,크리스에프앤씨,KOSDAQ,2990,1.01,1072,3188415,70058570400,0.5042,0.1675,0.8432,-25.2500,Consumer,봉제의복 제조업,0.317958
377220,프롬바이오,KOSDAQ,2485,-8.13,74155,193567780,14070070000,-16.0473,-17.1667,314.1667,88.9734,Consumer,기타 식품 제조업,0.317518
010770,평화홀딩스,KOSPI,3495,0.58,8078,28173790,51116003670,-0.9915,-4.2466,-7.0479,-11.1817,Industrials,자동차 신품 부품 제조업,0.317416
362990,드림인사이트,KOSDAQ,1310,-1.28,27898,36718937,22008751940,6.3312,6.6775,37.8947,-12.7249,Communication,광고업,0.317327
159580,제로투세븐,KOSDAQ,2065,0.24,24143,49997160,41367393340,-2.1327,-0.2415,-4.1763,-42.2378,Other,생활용품 도매업,0.317290
466410,사이냅소프트,KOSDAQ,8680,0.46,2788,24176790,43721359640,2.4793,2.1176,7.6923,-24.1259,Technology,소프트웨어 개발 및 공급업,0.317144
198940,한주라이트메탈,KOSDAQ,1351,0.9,29754,40290443,26898085760,-3.8434,7.0523,-26.6956,89.4811,Materials,1차 비철금속 제조업,0.316985
190650,코리아에셋투자증권,KOSDAQ,6450,-1.53,7693,49595845,41202600000,-1.6768,-4.0179,-12.6016,-21.5328,Financials,금융 지원 서비스업,0.316906
039290,인포뱅크,KOSDAQ,4030,0.62,5482,21745840,35036731340,1.8963,7.6101,19.9405,-9.0293,Technology,기타 정보 서비스업,0.315524
091970,LSK아이로봇,KOSDAQ,3640,-0.14,5573,20374820,27426599200,-6.6667,-10.4551,30.4659,415.5807,Materials,플라스틱제품 제조업,0.315397
452400,이닉스,KOSDAQ,5630,0,5907,32649650,51072139640,1.0772,-6.7881,-5.3782,-36.6704,Industrials,자동차 신품 부품 제조업,0.314860
038880,아이에이,KOSDAQ,3155,4.47,7965,24965127,23708004565,-1.0972,0.6380,370.8955,2003.3333,Technology,전자부품 제조업,0.314344
018700,졸스,KOSDAQ,1327,1.45,9301,12132427,22190439020,-2.2108,-9.7893,53.2333,148.9681,Other,생활용품 도매업,0.313575
169330,엠브레인,KOSDAQ,1639,4.13,20757,32947321,30021428602,29.0551,24.1667,-2.4985,-13.7368,Other,시장조사 및 여론조사업,0.313393
038010,제일테크노스,KOSDAQ,5300,-0.93,4087,21486590,47700000000,4.9505,-4.1591,-7.0175,-14.9278,Other,구조용 금속제품  탱크 및 증기발생기 제조업,0.312695
001560,제일연마,KOSPI,8980,0.34,630,5691390,68248000000,-0.5537,-1.9651,-2.1786,-19.7498,Materials,기타 비금속 광물제품 제조업,0.312556
263020,디케이앤디,KOSDAQ,3085,0.49,7544,23117540,42684510410,-1.1218,-0.4839,9.3972,-3.1397,Materials,플라스틱제품 제조업,0.312534
197140,디지캡,KOSDAQ,2390,-0.42,11752,28057430,31101438060,-2.0492,4.1394,13.8095,19.6196,Technology,소프트웨어 개발 및 공급업,0.312494
219750,한국비티비,KOSDAQ,1624,0.25,5215,8447933,21250652248,-0.9152,-0.1844,184.4133,70.9474,Healthcare,의료용 기기 제조업,0.312438
006920,모헨즈,KOSDAQ,3025,0.17,34390,103822750,33033000000,-3.5088,-3.9683,-45.6912,-42.3810,Other,시멘트  석회  플라스터 및 그 제품 제조업,0.311954
123700,SJM,KOSPI,3345,0,4117,13734855,52198383810,-1.9062,-2.1930,9.6721,-5.5085,Industrials,자동차 신품 부품 제조업,0.311940
435570,에르코스,KOSDAQ,7040,-0.71,1964,13716450,53623560320,1.0043,0.4280,7.8101,-29.1037,Consumer,도시락 및 식사용 조리식품 제조업,0.311827
171010,램테크놀러지,KOSDAQ,2560,0,18395,46630210,36604805120,-1.5385,-2.4762,-4.6555,-24.2604,Materials,기초 화학물질 제조업,0.311570
045300,성우테크론,KOSDAQ,2715,0.56,14748,39915927,28635137580,0.9294,6.6798,4.2226,-7.6531,Technology,전자부품 제조업,0.311532
376180,피코그램,KOSDAQ,1412,-2.62,52433,74670631,26208185656,6.0856,-6.4281,-5.2985,-54.4516,Other,그외 기타 제품 제조업,0.311500
308100,형지글로벌,KOSDAQ,292,5.42,2952412,916608361,7539439416,4.6595,-18.6630,-44.6970,-69.7409,Consumer,섬유  의복  신발 및 가죽제품 소매업,0.311356
004910,조광페인트,KOSPI,3500,0,8144,28418475,44800000000,0.1431,-2.9126,2.9412,-28.8618,Materials,기타 화학제품 제조업,0.311030
051390,YW,KOSDAQ,4020,0.88,5420,21636335,45648579360,-0.8631,1.7722,-1.4706,-5.4118,Other,상품 종합 도매업,0.310876
225220,제놀루션,KOSDAQ,1438,1.7,21908,30966512,27595250198,0.2789,3.9769,39.6117,-17.7816,Healthcare,기초 의약물질 제조업,0.310513
215360,우리산업,KOSDAQ,6140,0.16,3087,18880850,56071480820,0.3268,-3.4591,-2.0734,-29.5063,Industrials,자동차 신품 부품 제조업,0.310490
018620,우진비앤지,KOSDAQ,2750,-4.68,16244,44790495,19065700500,2.9963,2.6119,22.4944,307.4074,Healthcare,의약품 제조업,0.310442
023960,에쓰씨엔지니어링,KOSPI,1015,-1.26,37240,38004695,38606512595,-0.5877,1.1964,-0.8789,-30.7640,Industrials,토목 건설업,0.310408
017250,인터엠,KOSDAQ,1077,1.32,42896,45706030,22665967959,2.5714,5.5882,9.3401,3.9575,Communication,영상 및 음향기기 제조업,0.310133
398120,에스지헬스케어,KOSDAQ,2065,1.23,25008,51462360,24452720215,6.6632,12.9650,0.7317,-49.9394,Healthcare,의료용 기기 제조업,0.310061
109820,진매트릭스,KOSDAQ,1587,-0.06,25422,40322936,32364706680,-0.0630,-0.8125,8.7731,-22.5854,Healthcare,자연과학 및 공학 연구개발업,0.309553
219420,링크제니시스,KOSDAQ,3205,0,20261,64281555,36759769935,-5.3176,-3.7538,-14.3048,-35.3179,Technology,소프트웨어 개발 및 공급업,0.309098
131180,딜리,KOSDAQ,4165,-0.6,1772,7367070,24448550000,-1.4201,12.1131,6.2500,363.2925,Technology,컴퓨터 및 주변장치 제조업,0.308949
424960,스마트레이더시스템,KOSDAQ,3835,-0.52,4599,17810027,63220396850,-1.6667,-0.1302,-7.0303,-46.9571,Technology,측정  시험  항해  제어 및 기타 정밀기기 제조업; 광학기기 제외,0.308494
065130,탑엔지니어링,KOSDAQ,2755,-0.36,9534,26196020,44091020000,-0.5415,-4.0070,-1.7825,-11.9808,Industrials,특수 목적용 기계 제조업,0.307652
115480,씨유메디칼,KOSDAQ,2245,-1.54,4905,11038610,27220425195,-4.6709,-4.2644,21.4170,360.9856,Healthcare,의료용 기기 제조업,0.307309
137940,넥스트아이,KOSDAQ,1868,-0.05,13417,24814963,18328941156,-3.7113,-1.7359,21.9321,756.8807,Technology,측정  시험  항해  제어 및 기타 정밀기기 제조업; 광학기기 제외,0.307012
001380,SG글로벌,KOSPI,1135,-3.07,94869,108195575,25517150585,-6.1983,-11.9472,-9.2000,-17.7536,Industrials,자동차 신품 부품 제조업,0.306636
089850,유비벨록스,KOSDAQ,4125,-2.25,1997,8286430,60762070875,-0.6024,0.7326,-0.4825,-25.5415,Technology,소프트웨어 개발 및 공급업,0.306582
026910,광진실업,KOSDAQ,2540,-14.91,1677028,4016705344,20137948040,-25.9475,-26.9065,-46.8063,61.1675,Materials,1차 철강 제조업,0.306528
005820,원림,KOSPI,14700,1.38,1841,26714040,33780159000,2.2965,-3.3531,10.2776,-5.2835,Other,직물직조 및 직물제품 제조업,0.306324
068330,일신바이오,KOSDAQ,1000,-2.53,38712,38944286,44216140000,-6.3670,-1.7682,-1.5748,-29.0780,Industrials,일반 목적용 기계 제조업,0.306146
014570,고려제약,KOSDAQ,3195,-4.91,35383,114204357,35145000000,-5.3333,-6.5789,-0.1563,-18.5987,Healthcare,의약품 제조업,0.305101
119500,포메탈,KOSDAQ,2375,-0.63,24727,58716350,28137176000,3.4858,-2.0619,-7.9457,-40.7731,Industrials,기타 금속 가공제품 제조업,0.304779
109960,앱토크롬,KOSDAQ,1854,-1.59,1130,2138097,28055159982,1.1457,-2.8302,7.4783,1016.8675,Other,기타 전문 도매업,0.304709
333620,엔시스,KOSDAQ,4990,0.4,3808,18939510,54879570900,-3.8536,-5.8491,-0.2000,-15.8516,Technology,기타 전기장비 제조업,0.304699
145270,케이탑리츠,KOSPI,796,0.25,28979,22971906,38256376104,0.5051,1.4013,5.4305,-11.7517,Real Estate,부동산 임대 및 공급업,0.304220
085810,알티캐스트,KOSDAQ,1418,-2.74,24752,35167106,20046199354,-2.9432,-18.2238,11.0415,208.2609,Technology,소프트웨어 개발 및 공급업,0.304078
459100,위츠,KOSDAQ,3965,-0.38,6781,26839660,53393086500,-0.8750,-7.5758,-13.8043,-31.5199,Technology,전자부품 제조업,0.303849
002690,동일제강,KOSPI,1411,-0.91,32246,45363450,28643807960,-2.3529,0.1419,6.2500,-10.0701,Materials,1차 철강 제조업,0.303833
361670,삼영에스앤씨,KOSDAQ,3590,0,8678,30727200,20346892220,-0.2778,-1.6438,46.5306,24.6528,Technology,전자부품 제조업,0.303799
015710,코콤,KOSDAQ,2925,0.52,3783,10998070,51276712500,-0.6791,1.3865,9.3458,-24.9037,Technology,통신 및 방송 장비 제조업,0.303708
461030,아이엠비디엑스,KOSDAQ,2745,2.23,22926,62424543,39348249165,9.8000,-8.1940,-22.1277,-58.5973,Healthcare,자연과학 및 공학 연구개발업,0.302977
221840,하이즈항공,KOSDAQ,2080,-0.48,8035,16560365,38897166880,1.9608,4.0000,13.6612,-22.5326,Industrials,항공기 우주선 및 부품 제조업,0.302832
071670,에이테크솔루션,KOSDAQ,4905,-0.81,8475,41637230,49050000000,-1.6048,1.3430,-37.5954,-45.1955,Industrials,특수 목적용 기계 제조업,0.302719
001000,신라섬유,KOSDAQ,1695,-0.88,29464,49942332,8230086060,-11.2565,266.8831,15.0713,-13.4321,Real Estate,부동산 임대 및 공급업,0.302114
015260,에이엔피,KOSPI,264,0.38,876330,232501867,12438860016,-5.3763,-7.0423,-40.0000,-60.0605,Technology,전자부품 제조업,0.301900
221800,지구홀딩스,KOSDAQ,3625,3.28,24248,87311655,59155834875,-3.0749,-8.8050,-42.9134,-78.6765,Other,기타 과학기술 서비스업,0.301758
023770,플레이위드,KOSDAQ,2645,0.95,12443,32373870,23663479275,1.7308,13.5193,15.2505,-10.0340,Technology,소프트웨어 개발 및 공급업,0.301640
101680,한국정밀기계,KOSDAQ,2975,0.68,5899,17610935,25001900000,0.5068,8.7751,45.8333,4.7535,Industrials,특수 목적용 기계 제조업,0.301258
175140,아고스,KOSDAQ,2310,0.65,4040,9297840,57621224430,0.6536,0.4348,-1.0707,-36.7989,Technology,통신 및 방송 장비 제조업,0.300652
006200,한국전자홀딩스,KOSPI,1911,-1.24,17466,33382208,17888158197,-2.3006,4.4833,-16.9130,110.9272,Financials,기타 금융업,0.300493
415380,스튜디오삼익,KOSDAQ,2140,0,12077,25717410,24487966500,-2.0595,10.9959,30.2495,7.1071,Consumer,기타 생활용품 소매업,0.300193
238090,앤디포스,KOSDAQ,1885,0.05,14135,26662994,57474479400,-4.1688,4.7222,-33.5097,-37.4793,Materials,플라스틱제품 제조업,0.299853
051780,큐로홀딩스,KOSDAQ,2485,-2.55,21044,51991308,18886059640,-7.9630,-8.9744,-20.0965,240.4110,Consumer,음·식료품 및 담배 소매업,0.299371
258610,케일럼,KOSDAQ,1197,0.93,10011,11945060,43672620411,0.9275,2.3952,8.9172,-20.9901,Other,구조용 금속제품  탱크 및 증기발생기 제조업,0.299143
009460,한창제지,KOSPI,2655,2.31,8135,21476597,32761866330,1.3359,-19.7885,6.8410,418.5547,Materials,펄프  종이 및 판지 제조업,0.298577
031310,아이즈비전,KOSDAQ,966,-3.11,54853,53431235,28735264866,-2.9146,2.3305,1.2579,-40.5538,Technology,전기 통신업,0.298321
335870,윙스풋,KOSDAQ,4315,-15.89,17350,78808240,14455655610,-18.2765,295.8716,207.1174,115.2120,Consumer,섬유  의복  신발 및 가죽제품 소매업,0.298308
123840,뉴온,KOSDAQ,1750,-1.3,9123,16150037,27217837500,1.1561,1.0976,-36.9369,200.6873,Consumer,기타 식품 제조업,0.298304
089140,넥스턴앤롤코리아,KOSDAQ,2105,-0.24,13168,27506230,32240672570,1.4458,0.2381,-4.3182,-2.9954,Industrials,특수 목적용 기계 제조업,0.298295
376980,원티드랩,KOSDAQ,3135,-0.95,3451,10876285,30617645190,4.5000,-8.8663,49.6420,-5.9970,Technology,소프트웨어 개발 및 공급업,0.298045
317870,엔바이오니아,KOSDAQ,4900,0.41,7044,34382430,43325285500,0.0000,-13.7324,4.2553,-45.3735,Other,그외 기타 제품 제조업,0.297753
052790,액토즈소프트,KOSDAQ,4000,0.13,6394,25496150,43698188000,-4.3062,3.2258,-3.7304,-26.7399,Technology,소프트웨어 개발 및 공급업,0.297735
060900,에이전트AI,KOSDAQ,2795,-8.66,172511,469176825,18289881870,-12.2449,-23.8420,-39.2391,507.6087,Other,전기업,0.297608
122690,서진오토모티브,KOSDAQ,1617,-0.25,24782,39592006,37319011422,-1.9406,-6.8548,2.1478,-38.7500,Industrials,자동차 신품 부품 제조업,0.297388
088340,유라클,KOSDAQ,6710,0.3,9410,63750240,29284909280,-3.5920,-3.4532,-4.2796,-42.7474,Technology,소프트웨어 개발 및 공급업,0.297371
317120,라닉스,KOSDAQ,1438,-1.03,47953,68426235,21943880000,-1.7760,3.6770,-3.6839,-27.0421,Technology,반도체 제조업,0.297306
047080,한빛소프트,KOSDAQ,1054,0.29,42291,44287773,26162769548,-3.3028,13.2116,-2.3170,-17.2684,Technology,소프트웨어 개발 및 공급업,0.297143
101240,씨큐브,KOSDAQ,3335,0.3,6606,21870595,37875768420,-1.3314,-2.3426,10.9817,-13.7128,Materials,기초 화학물질 제조업,0.296338
096630,에스코넥,KOSDAQ,1745,-2.13,10172,17730437,27704183635,-3.0556,-5.2660,-16.9048,112.5457,Technology,통신 및 방송 장비 제조업,0.296325
352700,씨앤투스,KOSDAQ,1447,-0.62,12630,18297651,38022672853,-1.5646,10.1218,5.6976,-26.1735,Materials,화학섬유 제조업,0.296191
049830,승일,KOSDAQ,6470,0.31,2136,13545520,39674764640,2.3734,1.4107,3.1898,-13.8482,Industrials,기타 금속 가공제품 제조업,0.296183
224110,에이텍모빌리티,KOSDAQ,8540,0.83,1636,13881440,43386496440,-1.3857,-4.4743,8.7898,-3.8288,Technology,통신 및 방송 장비 제조업,0.296029
462310,뉴키즈온,KOSDAQ,3860,1.58,6225,23787645,30488615300,0.0000,-3.0151,25.5285,-9.6019,Consumer,봉제의복 제조업,0.295755
186230,그린플러스,KOSDAQ,3200,0.95,11118,34802042,34944601600,-1.2346,-7.1118,7.9258,-31.9149,Materials,1차 비철금속 제조업,0.295748
260930,씨티케이,KOSDAQ,2300,-2.13,18079,41531965,44485659300,-3.3613,-10.3314,-9.8039,-46.8822,Materials,기타 화학제품 제조업,0.295672
011420,갤럭시아에스엠,KOSPI,1433,1.63,10443,14831580,39478639852,2.5036,-3.5017,11.9531,-20.8724,Other,스포츠 서비스업,0.295476
086040,바이오톡스텍,KOSDAQ,2240,-2.18,14519,32804925,35746473280,-2.3965,-5.8824,6.6667,-27.2727,Healthcare,자연과학 및 공학 연구개발업,0.294154
064480,브리지텍,KOSDAQ,2635,0.19,19443,50763157,31494837500,1.3462,-10.5263,-10.0683,-38.5781,Technology,소프트웨어 개발 및 공급업,0.293973
238490,힘스,KOSDAQ,2270,-1.09,16259,38652435,25678775720,2.7149,4.8499,1.3393,-23.3108,Industrials,특수 목적용 기계 제조업,0.293935
051490,나라엠앤디,KOSDAQ,2570,0,15368,39687270,36494000000,-5.6881,-4.1045,-0.3876,-27.7075,Industrials,특수 목적용 기계 제조업,0.293672
275630,에스에스알,KOSDAQ,3840,-1.66,13615,51471485,20174622720,-8.5714,-4.0000,25.6956,24.6753,Technology,소프트웨어 개발 및 공급업,0.293391
073110,엘엠에스,KOSDAQ,5140,-0.19,1085,5587120,45724180700,-0.9634,6.5285,-3.9252,-3.0189,Technology,전자부품 제조업,0.293338
000950,전방,KOSPI,29500,-1.5,567,16843700,49560000000,-4.5307,-15.3515,19.6755,-17.9416,Other,방적 및 가공사 제조업,0.292905
464490,쿼드메디슨,KOSDAQ,4445,0.11,9746,43396045,51152895535,-2.0925,-15.1718,-29.1069,-69.0244,Healthcare,기초 의약물질 제조업,0.292849
256150,한독크린텍,KOSDAQ,4920,-0.2,977,4782645,41303400000,0.0000,4.6809,9.9441,-4.2802,Industrials,일반 목적용 기계 제조업,0.292421
003080,SB성보,KOSPI,2210,0,4813,10641305,44244200000,-1.1186,-1.1186,8.0685,-15.6489,Other,비료  농약 및 살균  살충제 제조업,0.292008
044960,이글벳,KOSDAQ,3070,-0.49,6866,21088945,38810580810,-2.2293,1.4876,5.8621,-22.2785,Other,기타 전문 도매업,0.291812
481850,신한글로벌액티브리츠,KOSPI,972,-0.82,8464,8225410,42260289408,0.2062,-2.1148,13.0233,-9.9166,Financials,신탁업 및 집합투자업,0.291748
290670,대보마그네틱,KOSDAQ,5300,-1.49,6396,34299215,41645598000,-7.8261,6.0000,-3.4608,-52.9307,Technology,기타 전기장비 제조업,0.291408
311690,CJ 바이오사이언스,KOSDAQ,3710,0.13,6900,25243910,48472864020,0.4060,-4.7497,-15.6818,-52.9785,Healthcare,자연과학 및 공학 연구개발업,0.290565
388610,지에프씨생명과학,KOSDAQ,5640,-0.7,7078,39701530,30035160120,-2.4221,1.9892,6.8182,-42.9150,Materials,기타 화학제품 제조업,0.290028
041650,상신브레이크,KOSPI,2150,-0.46,4839,10473295,46163617500,-0.9217,-2.0501,3.6145,-19.6262,Industrials,자동차 신품 부품 제조업,0.289701
101670,하이드로리튬,KOSDAQ,481,-1.23,246567,119351725,27309826947,-4.3738,-13.4892,-59.3063,-73.8587,Other,구조용 금속제품  탱크 및 증기발생기 제조업,0.289141
103840,우양,KOSDAQ,1582,0,49059,76986264,25891689096,-1.0013,-8.0767,-17.0425,-47.7888,Other,과실  채소 가공 및 저장 처리업,0.288773
065500,오리엔트정공,KOSDAQ,1017,-1.36,55418,56555841,36350541504,-3.6019,-12.1003,-16.1583,-53.6674,Industrials,자동차 신품 부품 제조업,0.288751
063760,이엘피,KOSDAQ,2385,-1.85,20809,49762430,22240435050,3.6957,-6.4706,-9.3156,-6.1024,Technology,측정  시험  항해  제어 및 기타 정밀기기 제조업; 광학기기 제외,0.288668
019770,서연탑메탈,KOSDAQ,3205,0.47,6065,19414020,37338250000,-0.7740,-2.5836,5.9504,-19.6742,Industrials,특수 목적용 기계 제조업,0.288525
288980,모아데이타,KOSDAQ,246,-2.38,1070945,265509552,8949819234,-13.3803,-11.1913,-65.5944,-62.0955,Technology,소프트웨어 개발 및 공급업,0.288365
262840,아이퀘스트,KOSDAQ,2705,0,5088,13697505,28583605160,0.0000,-0.9158,-2.8725,52.0517,Technology,소프트웨어 개발 및 공급업,0.287719
432980,엠에프씨,KOSDAQ,2555,-1.73,41046,103218490,21951900810,-18.7599,1.3889,-15.1163,-25.5102,Healthcare,기초 의약물질 제조업,0.287635
079170,한창산업,KOSDAQ,5710,-3.55,4995,29020580,29692000000,-7.7544,-0.6957,27.5978,-11.8827,Materials,1차 비철금속 제조업,0.287455
016920,카스,KOSDAQ,1064,-2.83,27942,29626834,27343450848,-6.2555,-1.2071,16.6667,11.6474,Industrials,기계장비 및 관련 물품 도매업,0.287338
007120,미래아이앤지,KOSPI,1015,-0.78,96416,97017763,27732960710,-7.3059,-13.6905,-15.0628,-50.2451,Technology,컴퓨터 프로그래밍  시스템 통합 및 관리업,0.287230
290270,휴네시온,KOSDAQ,2800,-0.53,13845,39040252,26901481600,-3.4483,0.0000,10.4536,-18.6047,Technology,소프트웨어 개발 및 공급업,0.286625
373160,데이원컴퍼니,KOSDAQ,3160,2.27,6744,21617695,42920605200,3.2680,10.1045,0.4769,-30.9290,Consumer,기타 교육기관,0.286192
072470,우리산업홀딩스,KOSDAQ,2395,0.21,3982,9450240,45235181695,2.5696,-0.8282,-0.4158,-37.9534,Industrials,자동차 신품 부품 제조업,0.285746
115570,스타플렉스,KOSDAQ,2810,-1.23,5943,16682975,22436467480,5.0467,14.2276,12.8514,-4.5840,Materials,플라스틱제품 제조업,0.285416
067770,세진티에스,KOSDAQ,1570,-7.65,549714,822982478,13182651010,-32.1814,-37.5746,-4.7330,-23.9709,Technology,전자부품 제조업,0.285258
002820,SUN&L,KOSPI,1343,-5.62,256767,348884837,16200882972,-5.6882,-5.4891,-26.0870,-43.4526,Materials,플라스틱제품 제조업,0.284862
476080,M83,KOSDAQ,3985,-0.99,8139,32257426,32186845000,-0.8706,-4.3217,2.8387,-37.4411,Communication,영화  비디오물  방송프로그램 제작 및 배급업,0.284127
189690,포시에스,KOSDAQ,1499,-0.99,14286,21346851,40955631531,-2.4723,-2.0901,-6.8365,-22.5323,Technology,소프트웨어 개발 및 공급업,0.283958
276730,한울앤제주,KOSDAQ,954,2.8,197201,190311191,22522012920,-8.7081,-22.8155,-94.7869,32.1330,Consumer,알코올음료 제조업,0.283911
096870,엘디티,KOSDAQ,2365,1.07,14470,33899280,19743017635,0.6383,-0.2110,16.7901,6.7720,Technology,반도체 제조업,0.283861
195500,마니커에프앤지,KOSDAQ,1713,-0.52,23020,39198191,27370314000,-0.9254,2.0250,0.7647,-35.9626,Other,도축  육류 가공 및 저장 처리업,0.283799
016670,디모아,KOSDAQ,2520,3.28,19876,49718346,25689469680,6.1053,9.0909,16.9374,-37.2354,Other,기타 전문 도매업,0.283673
038070,서린바이오,KOSDAQ,3955,-0.75,9433,37286700,36784173580,-1.8610,-10.7223,-11.3229,-37.4209,Other,기타 전문 도매업,0.283589
017000,신원종합개발,KOSDAQ,2320,-0.43,17462,40426885,27069822640,-2.5210,-1.4862,3.8031,-24.3067,Industrials,건물 건설업,0.283491
221980,케이디켐,KOSDAQ,9580,-0.1,430,4099620,38653384000,1.9149,3.7920,-1.0331,-6.1704,Materials,기타 화학제품 제조업,0.283435
136410,아셈스,KOSDAQ,3670,-1.21,13407,49187355,40440119020,-2.9101,-12.2010,-28.0392,-51.5192,Materials,플라스틱제품 제조업,0.283354
050120,ES큐브,KOSDAQ,3290,3.13,2579,8123080,44625842940,-0.6042,-0.3030,19.2029,38.2353,Other,생활용품 도매업,0.283050
024120,KB오토시스,KOSDAQ,3055,0,6115,18658419,35132500000,-0.4886,-2.3962,1.8333,-17.7658,Industrials,자동차 신품 부품 제조업,0.282860
288620,에스프리즘,KOSDAQ,4120,-0.72,11817,48762320,28754781920,-2.6005,11.3514,-25.8993,-53.7079,Utilities,전동기  발전기 및 전기 변환 · 공급 · 제어 장치 제조업,0.282830
455180,케이지에이,KOSDAQ,1269,-0.39,102235,126679276,18665638515,-6.3469,-3.3511,-25.3529,-54.9201,Industrials,특수 목적용 기계 제조업,0.282729
032800,판타지오,KOSDAQ,1463,0.41,10327,15209350,22101576112,-1.2821,-6.8746,-14.8428,378.1046,Other,창작 및 예술관련 서비스업,0.282455
464500,아이언디바이스,KOSDAQ,1674,-0.59,34266,57806809,23424722262,3.7175,-1.9906,-15.2405,-53.1748,Technology,반도체 제조업,0.281871
317690,퀀타매트릭스,KOSDAQ,2190,0.69,14750,32358975,44095713510,-4.7826,-12.0482,-10.9756,-39.6694,Healthcare,의료용 기기 제조업,0.281711
419120,산돌,KOSDAQ,2170,-2.03,27845,60323613,30864103130,-5.6522,-7.2650,-17.4905,-46.3535,Technology,소프트웨어 개발 및 공급업,0.281684
001070,대한방직,KOSPI,5900,0.34,3082,18066410,31270000000,0.0000,-1.9934,12.1673,-15.2299,Other,직물직조 및 직물제품 제조업,0.281562
452160,제이엔비,KOSDAQ,2995,0.67,15660,46857905,28804493365,0.8418,-2.6016,-17.2652,-47.5482,Industrials,특수 목적용 기계 제조업,0.281481
066900,디에이피,KOSDAQ,1790,3.11,6562,11357352,40712660370,2.1107,6.8657,2.6376,31.3280,Technology,전자부품 제조업,0.281420
012340,뉴인텍,KOSDAQ,422,-2.76,370093,156284076,9302902646,-10.7822,-26.3525,-50.8731,33.1230,Industrials,자동차 신품 부품 제조업,0.281314
050760,에스폴리텍,KOSDAQ,1183,-0.17,31966,37427897,19323924074,0.0846,2.9591,11.6038,-5.3600,Materials,플라스틱제품 제조업,0.280958
024070,WISCOM,KOSPI,1988,0,7254,14580480,30468958744,1.4286,-1.3400,4.6316,2.0010,Materials,플라스틱제품 제조업,0.280628
100660,서암기계공업,KOSDAQ,3100,0.65,7794,24092270,39060000000,1.3072,0.4862,-29.8643,-28.9805,Industrials,일반 목적용 기계 제조업,0.280536
301300,바이브컴퍼니,KOSDAQ,1599,-1.36,59510,94070768,21034384488,-16.7188,-18.2097,25.9055,-36.2948,Technology,소프트웨어 개발 및 공급업,0.280356
030720,동원수산,KOSPI,5040,-1.95,13368,68005990,23455177200,-4.1825,-13.2530,-10.0000,-14.1397,Other,어로 어업,0.280263
134060,이퓨쳐,KOSDAQ,5400,1.89,1531,8158620,25753950000,0.0000,-0.7353,22.4490,38.4615,Communication,서적  잡지 및 기타 인쇄물 출판업,0.279821
049800,우진플라임,KOSPI,1809,0,7495,13507349,36180000000,0.6118,1.0050,3.8462,-28.6391,Industrials,특수 목적용 기계 제조업,0.279776
373170,엠아이큐브솔루션,KOSDAQ,1806,-1.74,25043,45166486,27295504740,-5.6919,5.0000,-6.6184,-31.7202,Technology,소프트웨어 개발 및 공급업,0.279620
900310,컬러레이,KOSDAQ,2105,2.43,2744,5810050,26961545175,-0.2370,0.7177,12.3266,360.6127,Financials,기타 금융업,0.279125
353190,휴럼,KOSDAQ,2520,-3.26,7123,18093170,19846723680,-1.9455,-7.3529,-13.8462,282.3976,Consumer,기타 식품 제조업,0.279041
318410,비비씨,KOSDAQ,6450,0.94,1062,6827830,35831317350,1.2559,-1.5267,12.7622,-16.8814,Materials,기타 화학제품 제조업,0.278854
088290,이원컴포텍,KOSDAQ,2150,1.65,7649,15831255,17148554800,-5.2863,1.1765,-2.0501,445.6853,Industrials,자동차 신품 부품 제조업,0.278759
052220,iMBC,KOSDAQ,1653,0.67,24949,41018888,38019000000,-5.0000,-7.9621,-14.8816,-47.2727,Communication,영상·오디오물 제공 서비스업,0.278697
060850,영림원소프트랩,KOSDAQ,4400,0,7501,32867615,35776400000,-3.2967,-7.7568,-14.3969,-27.0315,Technology,소프트웨어 개발 및 공급업,0.278366
052600,한네트,KOSDAQ,2900,0.35,7821,22582945,33534730000,-1.5280,-4.6053,-0.3436,-19.3324,Technology,전기 통신업,0.278285
134790,시디즈,KOSPI,18890,-0.53,154,2909380,37780000000,-0.6835,-4.4995,16.4612,-1.4092,Other,가구 제조업,0.278223
068050,팬엔터테인먼트,KOSDAQ,1177,-0.34,14315,16798324,32595927452,-1.0093,-0.8425,11.0377,-24.3573,Communication,영화  비디오물  방송프로그램 제작 및 배급업,0.278032
002290,삼일기업공사,KOSDAQ,3270,0.46,3033,9887220,40548000000,-1.8018,-0.9091,0.0000,-15.2850,Industrials,건물 건설업,0.277903
090370,메타랩스,KOSPI,1184,-0.34,9874,11826507,32328751776,-1.6611,5.6200,10.8614,-18.1755,Consumer,봉제의복 제조업,0.277857
099390,브레인즈컴퍼니,KOSDAQ,3785,0.4,4528,16912715,31068351155,-1.0458,-3.3206,13.3234,-13.4857,Technology,소프트웨어 개발 및 공급업,0.277518
348150,고바이오랩,KOSDAQ,2665,2.11,18056,48296965,51751339185,-3.9640,-13.8934,-18.8737,-48.4526,Healthcare,자연과학 및 공학 연구개발업,0.277466
045060,오공,KOSDAQ,2090,0,5967,12469100,35408725660,-0.9479,-1.6471,-2.1077,-6.6964,Materials,기타 화학제품 제조업,0.276966
208350,지란지교시큐리티,KOSDAQ,2950,-1.67,8718,25934510,23899631500,-1.8303,3.3275,9.0573,0.6826,Technology,소프트웨어 개발 및 공급업,0.276317
004540,깨끗한나라,KOSPI,1207,-1.31,10785,13082865,44949516451,-2.0292,0.2492,-11.2500,-37.1681,Materials,펄프  종이 및 판지 제조업,0.276235
479960,위너스일렉,KOSDAQ,6020,-0.17,1358,8129515,42898520000,0.8375,2.7304,-6.2305,-38.8211,Technology,기타 전기장비 제조업,0.275692
263770,유에스티,KOSDAQ,1626,-1.69,4761,7784494,38536479672,-1.3350,3.1072,-1.4545,-15.7513,Materials,1차 철강 제조업,0.275582
471820,셀로맥스사이언스,KOSDAQ,4020,-0.37,437,1766735,45437573580,2.0305,-2.0706,-10.6667,-20.7101,Consumer,기타 식품 제조업,0.275332
079000,와토스코리아,KOSDAQ,3775,-1.69,20364,76934585,27180000000,-4.5512,-3.6990,-49.2608,-47.8591,Materials,플라스틱제품 제조업,0.275245
200350,아티스트스튜디오,KOSDAQ,2545,3.04,19409,49068830,25439883625,2.2088,8.7607,22.6506,-46.9792,Communication,영화  비디오물  방송프로그램 제작 및 배급업,0.274474
016100,리더스코스메틱,KOSDAQ,1229,1.24,14854,18154467,23474998726,-1.6800,11.7273,27.0941,-22.2152,Materials,골판지  종이 상자 및 종이용기 제조업,0.274110
417180,핑거스토리,KOSDAQ,4010,-5.42,8117,33967910,22916704890,-1.9560,0.5013,-2.7879,151.5684,Technology,기타 정보 서비스업,0.273892
458350,에스팀,KOSDAQ,2960,-1,25281,75983183,25702272000,-1.8242,-15.1862,-23.4153,-72.2846,Other,기타 사업지원 서비스업,0.273777
142760,모아라이프플러스,KOSDAQ,467,-0.64,100069,47852604,9845989830,-5.8468,33.8109,-10.1923,-44.0719,Healthcare,자연과학 및 공학 연구개발업,0.273461
007770,한일화학,KOSDAQ,8020,0.25,435,3486770,28150200000,0.2500,9.1156,14.7353,3.8860,Materials,기초 화학물질 제조업,0.273183
027830,대성창투,KOSDAQ,778,-1.14,66162,51560759,42012000000,-9.7448,-18.2773,-20.6122,-47.5388,Financials,신탁업 및 집합투자업,0.272898
204020,그리티,KOSDAQ,1774,0.45,8618,15277484,34505775968,-1.2249,-3.1131,-1.7719,-15.7245,Consumer,봉제의복 제조업,0.272830
290120,DH오토리드,KOSDAQ,2140,0.47,8411,17679075,33865878780,0.9434,-4.6771,-9.5137,-18.3206,Industrials,자동차 신품 부품 제조업,0.272612
196300,HLB펩,KOSDAQ,4300,0.82,2260,9557695,40823972100,2.9940,-2.4943,-6.4200,-39.8601,Healthcare,기초 의약물질 제조업,0.272459
900100,파이온엑스,KOSDAQ,1041,29.96,788659,808029713,5492368050,-44.4504,-44.6865,-52.8959,166.9231,Industrials,자동차 부품 및 내장품 판매업,0.272430
148930,에이치와이티씨,KOSDAQ,3070,-1.44,6897,21463098,31237903910,-4.8062,-10.2339,6.2284,8.8652,Industrials,기타 금속 가공제품 제조업,0.272425
024940,PN풍년,KOSDAQ,1990,-1.49,33892,68142979,19900000000,-6.5728,3.9707,-3.1630,-52.6754,Other,생활용품 도매업,0.272246
199730,바이오인프라,KOSDAQ,775,-2.52,268821,228261288,3769884425,-9.1442,-50.9183,-70.7547,-80.0258,Healthcare,자연과학 및 공학 연구개발업,0.272177
057030,YBM넷,KOSDAQ,2080,0,8225,16975950,33930409760,-0.2398,-5.4545,-3.7037,-19.8459,Consumer,교육지원 서비스업,0.271886
050860,아세아텍,KOSDAQ,1690,-0.06,3785,6382980,38025000000,-0.5882,3.6810,-7.5492,-15.2032,Industrials,특수 목적용 기계 제조업,0.271665
008870,금비,KOSPI,39800,-0.75,21,846050,39800000000,-1.2407,1.0152,0.8872,-12.1413,Other,유리 및 유리제품 제조업,0.271445
065150,대산F&B,KOSDAQ,1225,-0.49,20287,25023089,19524344000,-3.5433,-19.3548,-15.5172,744.8276,Other,음·식료품 및 담배 도매업,0.271439
352940,인바이오,KOSDAQ,2160,-0.92,9050,19659402,23474296800,-1.1442,6.6667,6.6667,5.1095,Other,비료  농약 및 살균  살충제 제조업,0.271136
367000,플래티어,KOSDAQ,3280,-6.82,27107,93073608,27513318960,-6.0172,-3.8123,24.0076,-15.2455,Technology,소프트웨어 개발 및 공급업,0.271035
298060,풍전약품,KOSDAQ,2440,-4.13,6257,15297670,23515370680,3.6093,-2.7888,-6.5134,218.1226,Healthcare,의약품 제조업,0.269931
450330,하스,KOSDAQ,4900,-3.35,2339,11842500,40115530700,-5.9501,-2.7778,3.5941,-21.6000,Healthcare,의료용품 및 기타 의약 관련제품 제조업,0.269373
900070,글로벌에스엠,KOSDAQ,987,0.61,5656,5541215,26522648208,-1.2012,-3.7073,-14.9138,83.4572,Financials,기타 금융업,0.269010
083470,이엠앤아이,KOSDAQ,919,2.34,47205,41764909,19611762351,8.1176,-2.7513,2.2247,3.6077,Materials,기초 화학물질 제조업,0.268716
250000,보라티알,KOSDAQ,5640,0.53,2067,11540050,38074134120,-1.9130,-2.9260,-1.2259,-27.5995,Other,음·식료품 및 담배 도매업,0.268521
318020,포인트모바일,KOSDAQ,2590,-0.19,3942,10171360,31860294480,-1.5209,-7.1685,27.9012,-25.0362,Technology,컴퓨터 및 주변장치 제조업,0.268237
069140,누리플랜,KOSDAQ,1698,-1.68,24239,41447623,25632675192,-5.8236,-12.6992,13.2000,-23.1674,Other,구조용 금속제품  탱크 및 증기발생기 제조업,0.267845
290090,트윔,KOSDAQ,4560,1.11,1275,5764830,33928990080,-2.6681,8.5714,3.4014,-22.8426,Technology,소프트웨어 개발 및 공급업,0.267107
357430,마스턴프리미어리츠,KOSPI,885,-0.67,12200,10817597,26997196695,-4.3243,1.1429,57.1936,-39.9593,Real Estate,부동산 임대 및 공급업,0.267020
039740,한국정보공학,KOSDAQ,3020,-0.98,9210,27779800,24215558940,-3.2051,0.0000,4.6794,-10.5185,Other,기타 전문 도매업,0.266583
089150,케이씨티,KOSDAQ,1628,-1.09,28999,47448869,27920200000,-1.2136,-12.0000,-12.9877,-51.6196,Technology,컴퓨터 프로그래밍  시스템 통합 및 관리업,0.266520
138070,신진에스엠,KOSDAQ,1508,-0.59,6291,9391283,26394831632,-0.0663,-0.7895,30.1122,-12.6809,Industrials,기타 금속 가공제품 제조업,0.266071
087600,픽셀플러스,KOSDAQ,3975,-0.5,2972,11568130,32462068050,-0.5006,4.6053,-0.2509,-35.7835,Technology,전자부품 제조업,0.265769
311390,네오크레마,KOSDAQ,2360,1.29,11781,27149915,29862942040,1.7241,-5.4108,-8.1712,-46.7269,Consumer,기타 식품 제조업,0.265710
068100,케이웨더,KOSDAQ,2350,1.08,4219,9864380,28029709600,1.7316,0.6424,9.0487,-12.6394,Industrials,일반 목적용 기계 제조업,0.265605
188040,바이오포트,KOSDAQ,4990,0.4,4078,20178305,23349746920,1.2170,-0.9921,17.6887,-17.7924,Consumer,기타 식품 제조업,0.265399
006570,대림통상,KOSPI,1922,-0.88,5427,10429585,29262450000,-0.9278,4.4565,-2.1385,-4.3781,Industrials,기타 금속 가공제품 제조업,0.265217
019660,글로본,KOSDAQ,1508,-0.07,28859,42903405,21028054164,0.4664,5.4545,-15.2809,-39.1935,Other,상품 종합 도매업,0.265124
139670,키네마스터,KOSDAQ,2005,-5.2,14777,30632039,28308214050,-3.3735,3.2441,34.4735,7.9117,Technology,소프트웨어 개발 및 공급업,0.263953
053060,세동,KOSDAQ,1211,-0.57,35879,43615850,21383134409,-3.0424,-10.6273,-5.4645,-0.7377,Industrials,자동차 신품 부품 제조업,0.263899
043340,에쎈테크,KOSDAQ,669,1.06,55663,36809491,31777500000,-18.5140,-22.9263,-11.6248,25.9887,Industrials,일반 목적용 기계 제조업,0.263233
290520,신도기연,KOSDAQ,1580,0.32,13946,21820354,24863139120,1.6077,1.9355,4.6358,-31.3043,Industrials,특수 목적용 기계 제조업,0.263172
043360,디지아이,KOSDAQ,2350,-0.84,10232,23564870,21150000000,-2.2869,7.3059,8.2949,-8.3821,Technology,컴퓨터 및 주변장치 제조업,0.263091
173940,에프엔씨엔터,KOSDAQ,2005,-1.23,23337,46532766,30862580040,-7.6037,-10.8889,-11.8681,-46.5333,Other,창작 및 예술관련 서비스업,0.262902
130500,GH신소재,KOSDAQ,1861,-1.9,8892,16843212,27068341772,0.5946,2.3090,2.2527,-24.6559,Other,기타 섬유제품 제조업,0.262312
065060,지엔코,KOSDAQ,3235,6.59,17290,53325410,19378898710,-3.5768,-5.2709,10.5983,492.4908,Consumer,봉제의복 제조업,0.262105
335810,프리시젼바이오,KOSDAQ,1500,0.6,3825,5678395,32924259000,0.0667,2.3891,4.2391,-29.9065,Healthcare,의료용 기기 제조업,0.262057
464280,티디에스팜,KOSDAQ,5440,-1.09,5396,29425400,30083200000,-1.9820,-9.1820,-7.9526,-39.2179,Healthcare,의약품 제조업,0.261911
309930,조이웍스앤코,KOSDAQ,856,-0.23,31258,26597113,16483040984,-2.5057,-0.4651,18.2320,3.7576,Consumer,기타 생활용품 소매업,0.261505
123570,이엠넷,KOSDAQ,1637,0.12,304,499517,36465939686,-0.4863,-0.0611,-3.9883,-16.7768,Communication,광고업,0.260948
007680,대원,KOSDAQ,3225,-0.92,697,2251505,42643330050,-1.8265,-2.2727,-10.7884,-23.5782,Industrials,건물 건설업,0.260824
021650,한국큐빅,KOSDAQ,1976,-0.05,3321,6505313,32308712488,0.1521,-2.6601,0.0506,-14.6436,Materials,플라스틱제품 제조업,0.260671
308170,씨티알모빌리티,KOSPI,3440,1.78,3622,12362235,29618400000,3.1484,-6.3946,5.8462,-34.2256,Industrials,자동차 신품 부품 제조업,0.259903
128540,에코캡,KOSDAQ,1067,-0.93,40419,43270499,28478720820,-1.1121,-15.1154,-18.7976,-44.9148,Industrials,자동차 신품 부품 제조업,0.259537
303530,이노뎁,KOSDAQ,3020,-2.42,4868,14811267,22164682980,0.3322,9.0253,16.3776,-26.3415,Technology,소프트웨어 개발 및 공급업,0.259475
405920,나라셀라,KOSDAQ,1867,-2.35,307,579427,24043367892,6.9914,7.7945,11.8634,-21.8828,Other,음·식료품 및 담배 도매업,0.259256
238120,얼라인드,KOSDAQ,2965,2.77,8687,25050500,42157182410,-2.1452,-1.9835,-1.9835,-33.2207,Technology,사진장비 및 광학기기 제조업,0.259137
222980,한국맥널티,KOSDAQ,2140,-1.15,8191,17669772,23607373620,-3.1674,-2.7273,27.0030,-16.0784,Consumer,기타 식품 제조업,0.258511
450520,인스웨이브,KOSDAQ,1915,-0.47,9647,18179396,28159266870,0.7895,-4.2500,2.4064,-35.5219,Technology,소프트웨어 개발 및 공급업,0.258235
037330,인지디스플레,KOSDAQ,705,0.71,45236,31416790,30939082920,-0.9831,-6.0000,-23.1189,-49.3170,Technology,전자부품 제조업,0.258040
056730,CNT85,KOSDAQ,1297,0.15,3411,4328180,19224441389,1.7255,-4.4215,-33.4531,183.8074,Industrials,건물 건설업,0.257666
032280,삼일,KOSDAQ,1333,-0.52,10074,13354868,21612715470,-0.8185,-1.6962,27.0734,-4.4444,Industrials,도로 화물 운송업,0.257483
464580,닷밀,KOSDAQ,1498,0,19363,29172721,27572321322,-4.7680,-8.6028,-1.5769,-27.2816,Communication,영화  비디오물  방송프로그램 제작 및 배급업,0.256889
195990,루트K,KOSDAQ,1140,-0.78,24497,28037546,18568176360,-2.8961,-18.5714,56.8088,-28.6162,Industrials,특수 목적용 기계 제조업,0.256699
373110,엑셀세라퓨틱스,KOSDAQ,999,0.1,65723,65664238,17277099606,-1.8664,-15.1952,-17.9803,-28.6429,Healthcare,기초 의약물질 제조업,0.256357
069330,유아이디,KOSDAQ,1218,1,8115,9827647,20648235132,-1.8533,3.4834,17.6812,18.3673,Technology,전자부품 제조업,0.256172
160550,NEW,KOSDAQ,1045,0.67,22845,23705322,29161880770,-6.6964,3.9801,-0.9479,-40.4558,Communication,영화  비디오물  방송프로그램 제작 및 배급업,0.255822
075970,동국알앤에스,KOSDAQ,1632,-1.27,5971,9741672,30028800000,-0.7903,2.9004,-3.2602,-25.3089,Materials,기타 비금속 광물제품 제조업,0.255539
130740,티피씨글로벌,KOSDAQ,1927,-1.63,12637,24290500,21730160433,0.2601,-7.3558,7.8947,-12.8054,Industrials,자동차 신품 부품 제조업,0.255105
033050,제이엠아이,KOSDAQ,803,-0.5,17944,14388940,25566980384,-0.8642,-2.0732,1.7744,-4.9704,Materials,기타 화학제품 제조업,0.255032
146060,율촌,KOSDAQ,1055,-1.4,23544,24666380,25336452725,-1.8605,2.0309,-3.8286,-34.4313,Materials,1차 철강 제조업,0.254802
187270,신화콘텍,KOSDAQ,2810,-4.42,24753,69795920,28504204450,-7.7176,-8.6179,-6.9536,-21.5084,Utilities,전동기  발전기 및 전기 변환 · 공급 · 제어 장치 제조업,0.254448
407400,꿈비,KOSDAQ,1886,0.21,17770,33622678,27600731124,-5.3688,-1.2048,-9.3269,-53.8875,Other,가구 제조업,0.253958
383930,디티앤씨알오,KOSDAQ,1618,-1.1,29290,47979441,20684719104,-5.9302,1.5694,-6.7435,-46.2458,Healthcare,자연과학 및 공학 연구개발업,0.253696
348030,모비릭스,KOSDAQ,2840,-0.87,2992,8525442,27274792000,-3.7288,-15.7270,20.5945,21.8884,Technology,소프트웨어 개발 및 공급업,0.253626
097870,효성오앤비,KOSDAQ,4320,-0.23,2577,11123510,36676800000,-4.4248,-5.3669,-6.4935,-31.8612,Other,비료  농약 및 살균  살충제 제조업,0.253206
263920,휴엠앤씨,KOSDAQ,3160,-0.47,2132,6765780,30996522160,-0.4724,-5.3892,5.3333,-22.6438,Other,그외 기타 제품 제조업,0.253083
364950,에이아이코리아,KOSDAQ,3350,-0.45,7972,26627835,27793090750,-0.8876,-1.3255,-14.1026,-48.6983,Industrials,특수 목적용 기계 제조업,0.253006
032750,삼진,KOSDAQ,2975,0.34,365,1080850,26867587950,0.6768,3.2986,11.0075,-10.9281,Technology,통신 및 방송 장비 제조업,0.252856
064520,테크엘,KOSDAQ,1466,-0.27,3162,4701786,32766656892,-0.2042,-1.4785,-9.6178,-18.3287,Technology,반도체 제조업,0.252823
098660,에스티오,KOSDAQ,1624,-1.69,10152,16645429,20301585024,1.0579,-2.3452,-1.5161,12.6214,Consumer,봉제의복 제조업,0.252624
351870,차이커뮤니케이션,KOSDAQ,2245,0.45,9725,21695665,25055641290,-3.6481,7.4163,5.3991,-43.7343,Communication,광고업,0.252604
200780,비씨월드제약,KOSDAQ,3010,0.33,3048,9130235,32103639610,-0.6601,-0.3311,-3.6800,-37.3569,Healthcare,의약품 제조업,0.252368
039310,세중,KOSDAQ,1239,-1.35,19541,24576331,22452745413,-0.0806,-12.5000,29.3319,-43.2952,Technology,소프트웨어 개발 및 공급업,0.252325
123750,알톤,KOSDAQ,1798,0.62,7190,12854014,24847027682,-2.1763,7.2792,7.4716,-25.7025,Industrials,그외 기타 운송장비 제조업,0.252292
053290,NE능률,KOSDAQ,1573,0.51,7706,12111854,25995880911,-0.9446,-12.2210,28.5131,-23.4550,Communication,서적  잡지 및 기타 인쇄물 출판업,0.251115
048470,대동스틸,KOSDAQ,2850,4.2,11820,33002595,27502500000,1.6043,4.3956,5.5556,-11.9011,Other,기타 전문 도매업,0.250845
079950,인베니아,KOSDAQ,1164,-11.01,135966,166624738,16062152400,-15.9567,22.3975,18.0527,5.3394,Industrials,특수 목적용 기계 제조업,0.250783
065370,위세아이텍,KOSDAQ,2950,1.03,5108,14934923,21782664300,1.7241,13.4615,-3.2787,-40.4040,Technology,소프트웨어 개발 및 공급업,0.248849
220180,폴라리스AI핸디,KOSDAQ,1393,0.29,2868,3970437,33335662906,-0.9950,-2.4510,-6.6354,-27.1444,Technology,소프트웨어 개발 및 공급업,0.248716
154030,아시아종묘,KOSDAQ,1600,-3.03,23415,37977302,19298987200,-5.9929,-1.3564,-2.3199,-21.5686,Other,작물 재배업,0.248673
444530,심플랫폼,KOSDAQ,4685,0.75,2520,11784005,30132917410,-2.3958,8.1986,-17.8070,-37.8647,Technology,소프트웨어 개발 및 공급업,0.247922
013810,스페코,KOSDAQ,1541,-0.96,19405,29917314,22584079270,-1.7219,-1.9720,-7.3918,-41.6288,Industrials,특수 목적용 기계 제조업,0.247518
239610,에이치엘사이언스,KOSDAQ,5320,1.72,994,5176940,28686051800,1.7208,-1.6636,-1.6636,-26.7218,Consumer,기타 식품 제조업,0.247340
050090,비케이홀딩스,KOSDAQ,717,-15.35,251358,186685648,16874404995,-17.2055,4.0639,56.5502,1.9915,Communication,광고업,0.246647
408900,스튜디오미르,KOSDAQ,988,0.92,14136,13855471,32359893852,-3.6098,3.5639,-14.7541,-57.5054,Communication,영화  비디오물  방송프로그램 제작 및 배급업,0.246529
342870,오아,KOSDAQ,3500,-2.23,11497,41034022,19075689500,-4.2408,-0.8499,-3.8462,-45.9877,Technology,가전제품 및 정보통신장비 소매업,0.245591
432430,와이랩,KOSDAQ,2055,-0.96,3950,8110375,33924597600,-0.7246,-3.9720,-14.3750,-36.9632,Communication,영화  비디오물  방송프로그램 제작 및 배급업,0.245183
237820,플레이디,KOSDAQ,2295,-0.22,5939,13508425,29438286300,1.1013,5.5172,-22.9866,-50.4320,Communication,광고업,0.245115
110020,전진바이오팜,KOSDAQ,2075,2.22,12626,25587120,18796931150,1.7157,4.0100,19.9422,-11.1349,Materials,기타 화학제품 제조업,0.244945
023150,MH에탄올,KOSPI,4065,-0.97,1670,6840237,25208825145,-1.0949,-0.2454,2.0075,-4.9123,Consumer,알코올음료 제조업,0.244608
365900,브이씨,KOSDAQ,2540,-3.42,10134,26032460,18568162000,-3.4221,-0.5871,-0.3922,-11.0333,Other,운동 및 경기용구 제조업,0.244368
000760,이화산업,KOSPI,12390,-2.59,181,2233640,34692000000,-5.2028,-13.5983,12.4319,-17.9470,Other,기타 전문 도매업,0.243639
036420,콘텐트리중앙,KOSPI,1560,0.91,19133,29498400,30049200480,-2.8037,-2.5609,-68.7688,-75.7387,Communication,영화  비디오물  방송프로그램 제작 및 배급업,0.243601
051380,피씨디렉트,KOSDAQ,1519,0,14688,22026003,23301569368,-3.1250,-2.8772,0.5960,-26.7952,Industrials,기계장비 및 관련 물품 도매업,0.243375
095910,에스에너지,KOSDAQ,576,0.17,104826,60129235,20987501184,-2.3729,-8.2803,-45.4545,-66.3158,Utilities,전동기  발전기 및 전기 변환 · 공급 · 제어 장치 제조업,0.243320
060380,동양에스텍,KOSDAQ,1268,-1.32,7872,10167114,24979600000,-1.7054,-2.4615,1.4400,-7.7818,Materials,1차 철강 제조업,0.243310
215480,토박스코리아,KOSDAQ,2000,-0.25,9731,19384723,21480000000,0.0500,-2.4390,-12.0879,-5.8824,Consumer,섬유  의복  신발 및 가죽제품 소매업,0.242858
008470,부스타,KOSDAQ,1693,0.06,14566,24658831,28458652800,1.6206,-0.4118,-48.3841,-54.7931,Other,구조용 금속제품  탱크 및 증기발생기 제조업,0.242670
065770,CS,KOSDAQ,900,-0.99,75700,67858222,9463557600,-3.5370,-42.5654,-37.8023,5.1402,Technology,통신 및 방송 장비 제조업,0.242208
044380,주연테크,KOSPI,405,-5.15,528315,220889463,5628007980,-21.6634,-51.1460,-62.9121,6.5789,Technology,컴퓨터 및 주변장치 제조업,0.241876
227610,아우딘퓨쳐스,KOSDAQ,1017,0,6729,6850990,19703938707,-2.3992,-19.9213,22.2356,48.6842,Materials,기타 화학제품 제조업,0.241002
347770,핌스,KOSDAQ,859,-0.23,47129,40000528,19464684018,-3.1567,-0.2323,-14.1858,-52.5414,Technology,전자부품 제조업,0.240896
058110,멕아이씨에스,KOSDAQ,1497,0.13,19627,29325507,24027643410,-1.0575,-10.9988,-24.3557,-21.6230,Healthcare,의료용 기기 제조업,0.240838
270870,뉴트리,KOSDAQ,3645,-1.88,1818,6653905,32786213670,-5.0781,-9.1022,-6.5385,-14.3361,Consumer,기타 식품 제조업,0.240772
131220,대한과학,KOSDAQ,3575,-0.42,1800,6444817,26649801750,-0.4178,-2.1888,1.4184,-21.1687,Industrials,기계장비 및 관련 물품 도매업,0.240267
279600,미디어젠,KOSDAQ,3940,1.42,2621,10074975,18458037140,2.8721,5.7718,17.7877,-39.5706,Technology,소프트웨어 개발 및 공급업,0.240263
020400,대동금속,KOSDAQ,2600,-2.8,15805,41403635,23591183200,-6.4748,-5.7971,-14.7541,-61.7647,Other,금속 주조업,0.240257
036480,대성미생물,KOSDAQ,6040,-1.15,2781,16857410,22952000000,-1.7886,-2.5806,1.5126,-30.3345,Healthcare,의약품 제조업,0.238504
460470,아이빔테크놀로지,KOSDAQ,2600,0.58,3048,7927255,39310362000,-6.1372,-9.4077,-20.0000,-30.6667,Technology,사진장비 및 광학기기 제조업,0.237182
021040,대호특수강,KOSDAQ,941,0.53,12319,11497256,20424192334,2.7293,-2.6887,-0.9474,-19.5726,Materials,1차 철강 제조업,0.236330
250930,예선테크,KOSDAQ,855,-12.84,101693,90520192,5643075240,-38.4449,-46.7621,140.8451,124.4094,Materials,플라스틱제품 제조업,0.234289
196490,디에이테크놀로지,KOSDAQ,202,-96.68,3277513,1072665622,2293032290,-96.6831,-96.6831,-96.6831,-0.4926,Industrials,특수 목적용 기계 제조업,0.233873
127980,화인써키트,KOSDAQ,2620,-1.13,3941,10307910,31022592080,-1.1321,-3.8532,-17.7394,-49.3230,Technology,전자부품 제조업,0.233835
071850,캐스텍코리아,KOSDAQ,1227,0.16,708,852625,29768170926,1.1542,-8.0899,-14.5543,-19.4353,Industrials,자동차 신품 부품 제조업,0.233818
187220,디티앤씨,KOSDAQ,1963,-0.91,9192,18537953,22623443479,-0.3553,-1.4558,-15.7511,-31.3636,Other,기타 과학기술 서비스업,0.233606
067730,로지시스,KOSDAQ,2215,0.68,4089,8976705,21427737230,-1.3363,0.2262,5.4762,-16.7293,Technology,컴퓨터 프로그래밍  시스템 통합 및 관리업,0.233203
196700,웹스,KOSDAQ,1311,-1.21,8069,10622616,18831392784,-3.1042,-0.2283,30.0595,-33.6203,Materials,합성고무 및 플라스틱 물질 제조업,0.232622
080470,성창오토텍,KOSDAQ,2685,-0.56,7831,21104310,19600500000,0.1866,-4.2781,-1.8282,-34.3521,Industrials,자동차 신품 부품 제조업,0.232421
101140,인바이오젠,KOSPI,4900,4.93,6405,30269525,49216658400,-1.7051,-7.8947,-24.6154,-49.5885,Industrials,기계장비 및 관련 물품 도매업,0.232331
274400,이노시뮬레이션,KOSDAQ,2135,-3.83,13214,28786815,19399662555,-1.8391,-5.5310,-8.1720,-42.1409,Technology,소프트웨어 개발 및 공급업,0.232101
001770,SHD,KOSPI,4275,-9.04,150793,699168905,5193603450,-40.1261,-62.0337,-49.6466,-75.3602,Materials,1차 철강 제조업,0.231927
344860,이노진,KOSDAQ,1394,1.23,11503,15944600,20951820000,-11.4358,7.6448,5.0490,-5.6834,Materials,기타 화학제품 제조업,0.231820
267790,배럴,KOSDAQ,3130,0,1673,5248945,24067537170,-1.2618,-2.3401,-3.8402,-9.5376,Consumer,봉제의복 제조업,0.231729
133750,메가엠디,KOSDAQ,1366,-0.36,1506,2052815,31974067182,-5.2047,-7.3270,-2.4982,-27.1855,Other,일반 교습 학원,0.231196
318000,KBG,KOSDAQ,2770,0.91,3036,8307160,24210417710,2.2140,-2.9772,-9.9187,-32.1909,Materials,합성고무 및 플라스틱 물질 제조업,0.230317
054410,케이피티유,KOSDAQ,3315,-2.5,742,2518010,18983161860,-2.3564,-4.8780,21.6514,-3.4934,Other,기타 전문 도매업,0.227023
241840,에이스토리,KOSDAQ,2300,0,7268,16589710,21941986200,-0.2169,-2.1277,-7.0707,-59.4356,Communication,영화  비디오물  방송프로그램 제작 및 배급업,0.225038
238200,비피도,KOSDAQ,2635,0.38,1255,3444650,21554300000,-1.3109,-4.8736,4.3564,-10.9797,Consumer,기타 식품 제조업,0.223434
069410,엔텔스,KOSDAQ,2545,0.2,9965,25338455,26073077080,-5.2142,-9.1071,-25.8017,-47.0343,Technology,소프트웨어 개발 및 공급업,0.221966
038950,파인디지털,KOSDAQ,3035,3.06,1099,3235395,30989671775,0.8306,-2.8800,-0.3284,-6.7588,Technology,통신 및 방송 장비 제조업,0.221585
153460,네이블,KOSDAQ,5520,2.22,1141,6238225,36045677280,-3.8328,-5.6410,-14.0187,-15.9817,Technology,소프트웨어 개발 및 공급업,0.220427
475660,에스켐,KOSDAQ,3105,-2.36,4070,12703850,24622137675,-2.9687,-7.3134,-6.6165,-41.1932,Materials,기타 화학제품 제조업,0.220397
257370,피엔티엠에스,KOSDAQ,1790,-0.11,13708,25550125,22383701190,-5.2910,-4.1756,-23.3405,-45.4268,Industrials,특수 목적용 기계 제조업,0.218985
018680,서울제약,KOSDAQ,1948,-0.05,1483,2877024,22712353412,-0.4090,-1.4669,-6.1205,-28.9051,Healthcare,의약품 제조업,0.218966
014100,메디앙스,KOSDAQ,1573,1.75,12154,18626278,18561400000,-7.1429,-9.3372,-3.2595,-2.9012,Other,상품 종합 도매업,0.218584
033200,모아텍,KOSDAQ,2500,-2.53,2242,5698050,23011322500,-0.7937,-1.7682,-14.2367,-28.3668,Technology,전자부품 제조업,0.217199
103230,에스앤더블류,KOSDAQ,2140,-4.04,31052,65967410,15408000000,-6.9565,-7.7586,-11.2033,-42.9333,Industrials,일반 목적용 기계 제조업,0.213870
240600,유진테크놀로지,KOSDAQ,1087,-5.97,156946,160741377,9021458670,-2.2482,-37.4208,-48.3610,-64.5351,Industrials,기타 금속 가공제품 제조업,0.211905
206400,베노티앤알,KOSDAQ,657,0.15,41777,26987363,24644173806,-1.2030,-32.3378,-30.6962,-45.7025,Other,실내건축 및 건축마무리 공사업,0.210840
462510,라메디텍,KOSDAQ,2720,3.03,12136,32307130,23944064800,-3.8869,-8.2631,-6.0449,-43.5685,Healthcare,의료용 기기 제조업,0.206281
237750,피앤씨테크,KOSDAQ,3335,-1.77,705,2364055,21666161000,0.1502,-6.1885,-15.1399,-30.1571,Utilities,전동기  발전기 및 전기 변환 · 공급 · 제어 장치 제조업,0.205316
440320,오픈놀,KOSDAQ,2175,2.59,10155,21878975,21706500000,-0.4577,-10.4938,-3.9735,-34.4880,Technology,소프트웨어 개발 및 공급업,0.199879
065650,하이퍼코퍼레이션,KOSDAQ,1417,1.21,17043,24097931,15510463579,-4.3860,-14.5871,-27.7041,-30.5392,Industrials,기계장비 및 관련 물품 도매업,0.197734
475460,미트박스,KOSDAQ,2505,-1.96,16717,42359275,14144545125,-4.0230,-58.9344,-54.9460,-68.2911,Technology,기타 정보 서비스업,0.195287
377330,이지트로닉스,KOSDAQ,2695,5.69,8410,22441385,21937176030,-1.4625,5.2734,1.5066,-14.7152,Utilities,전동기  발전기 및 전기 변환 · 공급 · 제어 장치 제조업,0.195244
312610,에이에프더블류,KOSDAQ,106,19.1,5506283,649536240,2147230128,-15.2000,-69.8006,-81.1388,-88.7354,Materials,1차 비철금속 제조업,0.194046
306040,에스제이그룹,KOSDAQ,1554,-2.81,9068,14161657,14432066376,-7.1685,-11.2000,-17.7778,-79.6597,Other,가죽  가방 및 유사제품 제조업,0.178960
058450,한주에이알티,KOSDAQ,865,-4.95,45684,39375208,4669245780,-11.9145,-59.6737,-82.4721,31.8598,Communication,영화  비디오물  방송프로그램 제작 및 배급업,0.160184
060260,뉴보텍,KOSDAQ,867,-0.91,14652,12803384,11567822652,-10.9856,-20.2392,-36.7153,-22.7961,Materials,플라스틱제품 제조업,0.157959
289220,자이언트스텝,KOSDAQ,905,-8.49,71865,68521801,20192560005,-8.5859,-13.5626,-28.5150,-75.5405,Communication,영화  비디오물  방송프로그램 제작 및 배급업,0.157078
353590,오토앤,KOSDAQ,1408,-8.75,30726,44870336,18128802560,-8.5714,-14.6667,-19.7263,-47.8519,Industrials,자동차 부품 및 내장품 판매업,0.131471